master_record_number,agency,agency_tracking_number,county,city,collision_date,vehicles_involved,number_injured,number_dead,latitude,longitude,roadway_name,roadway_suffix,roadway_number,roadway_local_id,distance_from_reference,miles-feet_indicator,direction_from_reference,intersection_road_name,intersection_road_name_suffix,intersection_road_number,intersection_local_id,mile_marker,intersection_indicator,intersect_type,interchange_related_indicator,relation_to_junction,work_zone_type,construction_maintenance_zone,construction_maintenance_zone_location,fatal_case_number,officer_first_name,officer_last_name,weather_condition(s),manner_of_crash,pedestrian,bicycle,scooter,parking,hitrun,mou
102941962,METROPOLITAN NASHVILLE POLICE DEPT,20210189749,Davidson,Nashville,4/4/2021 4:47:00 AM,2,0,0,36.134020,-86.722560,MURFREESBORO PKE,,,,0.00,Feet,,PLUS PARK BLVD,,,,0.00,Y,Four-Way,N,Intersection-Related,None,,,         ,Mario,Diaz,,Unknown,no,no,no,no,yes,False
102941994,METROPOLITAN NASHVILLE POLICE DEPT,20210189768,Davidson,Nashville,4/4/2021 6:27:00 AM,2,0,0,36.181130,-86.796710,ROSA L PARKS BLVD,,,,225.00,Feet,North,GARFIELD ST,,,,0.00,N,Not at Intersection,N,Non-Junction,None,,,         ,Jordan,Vrbas,Clear,"Sideswipe, Same Direction",no,no,no,no,yes,False
102941995,METROPOLITAN NASHVILLE POLICE DEPT,20210189634,Davidson,Nashville,4/4/2021 3:20:00 AM,2,1,0,36.055600,-86.662880,MT VIEW RD,,,,819.00,Feet,West,KEVINWOOD CT,,,,0.00,N,Not at Intersection,N,Non-Junction,None,,,         ,Dylan,Ramos,Clear,HeadOn,no,no,no,no,yes,False
102941999,METROPOLITAN NASHVILLE POLICE DEPT,20210189781,Davidson,Nashville,4/4/2021 3:57:00 AM,1,0,0,36.110000,-86.728940,EAST THOMPSON LN PVTDR,,,,332.00,Feet,West,EAST THOMPSON LN,,,,0.00,N,Not at Intersection, ,,None,,,         ,Stanley,Collins,,,no,no,no,no,no,False
102942000,METROPOLITAN NASHVILLE POLICE DEPT,2021018979,Davidson,Nashville,4/4/2021 7:17:00 AM,2,0,0,36.207890,-86.767640,DICKERSON PKE,,,,139.00,Feet,North,DUKE ST,,,,0.00,N,Not at Intersection, ,Non-Junction,None,,,         ,Brandon,Evans,Clear,HeadOn,no,no,no,no,no,False
102942006,METROPOLITAN NASHVILLE POLICE DEPT,20210189773,Davidson,Nashville,4/4/2021 5:30:00 AM,5,0,0,36.251960,-86.743230,DUE WEST AVN,,,,612.00,Feet,North,OLD DUE WEST AV,,,,0.00,N,Not at Intersection,N,Non-Junction,None,,,         ,Ian,Wilson,Clear,Angle,no,no,no,yes,yes,False
102942050,METROPOLITAN NASHVILLE POLICE DEPT,20210189825,Davidson,Nashville,4/4/2021 12:00:00 AM,1,0,0,36.075790,-86.718150,HOPEDALE DR,,,,275.00,Feet,West,FLORA MAXWELL RD,,,,0.00,N,Not at Intersection,N,Non-Junction,None,,,         ,Thomas,Vasquez,Clear,Not Collision with Motor Vehicle in Transport,no,no,no,yes,yes,False
102942062,METROPOLITAN NASHVILLE POLICE DEPT,20210189916,Davidson,Not in City Limit,4/4/2021 9:18:00 AM,2,0,0,36.264960,-86.737460,I 65,,,,0.00,,,,,,,92.30,N,Not at Intersection,N,Non-Junction,None,,,         ,Ian,Wilson,Clear,"Sideswipe, Same Direction",no,no,no,no,yes,False
102942064,METROPOLITAN NASHVILLE POLICE DEPT,20210189935,Davidson,Nashville,4/4/2021 9:15:00 AM,1,0,0,36.155630,-86.789770,BROADWAY,,,,15.00,Feet,South,I40 E ENT RAMP,,,,0.00,N,Not at Intersection, ,,None,,,         ,Kimberly,Annson,,,no,no,no,no,no,False
102942086,METROPOLITAN NASHVILLE POLICE DEPT,20210189927,Davidson,Nashville,4/4/2021 9:27:00 AM,2,0,0,36.153300,-86.772180,4TH AVS,,,,0.00,,,ELM ST,,,,0.00,Y,Four-Way,Y,Non-Junction,None,,,         ,Marvin,Williams,,Angle,no,no,no,no,no,False
102942098,METROPOLITAN NASHVILLE POLICE DEPT,20210190009,Davidson,Nashville,4/4/2021 10:54:00 AM,1,0,0,36.070500,-86.690950,I24 E EXT RAMP,,,,0.00,,,I 24,,,,0.00,Y,OTHER,Y,Entrance/Exit Ramp Related,None,,,         ,Stanley,Collins,Clear,Not Collision with Motor Vehicle in Transport,no,no,no,no,no,False
102942099,METROPOLITAN NASHVILLE POLICE DEPT,20210190005,Davidson,Nashville,4/4/2021 10:50:00 AM,3,2,0,36.154120,-86.757720,I 40,,,,0.00,,,,,,,211.10,N,Not at Intersection,N,Non-Junction,None,,,         ,Ryan,Sherry,Clear,Front to Rear,no,no,no,no,yes,False
102942139,METROPOLITAN NASHVILLE POLICE DEPT,20210190001,Davidson,Nashville,4/4/2021 10:45:00 AM,2,0,0,36.122760,-86.773010,I 65,,,,0.00,,,,,,,80.55,N,Not at Intersection, ,Non-Junction,None,,,         ,Nicholas,Smith,Clear,Not Collision with Motor Vehicle in Transport,no,no,no,no,no,False
102942142,BELLE MEADE POLICE DEPT,21-0076,Davidson,Belle Meade,4/4/2021 11:20:00 AM,2,1,0,36.113890,-86.862350,HARDING PKE,,,,236.00,Feet,South,CLARENDON AV,,,,0.00,N,Not at Intersection,N,Non-Junction,None,,,         ,David,Read,Clear,Front to Rear,no,no,no,no,no,False
102942149,METROPOLITAN NASHVILLE POLICE DEPT,20210190088,Davidson,Nashville,4/4/2021 12:19:00 PM,1,1,0,36.206760,-86.778680,W TRINITY LN,,,,0.00,,,,,,,0.00,,,N,Non-Junction,None,,,         ,William,Coy,,Not Collision with Motor Vehicle in Transport,yes,no,no,no,no,False
102942169,METROPOLITAN NASHVILLE POLICE DEPT,20210188465,Davidson,Nashville,4/3/2021 1:20:00 PM,2,1,0,36.134020,-86.722560,MURFREESBORO PKE,,,,0.00,,,PLUS PARK BLVD,,,,0.00,Y,T-Intersection,N,Intersection,None,,,         ,Nicholas,Carter,Clear,Front to Rear,no,no,no,no,no,False
102942172,METROPOLITAN NASHVILLE POLICE DEPT,20210190087,Davidson,Nashville,4/4/2021 12:20:00 PM,2,0,0,36.141350,-86.857420,WHITE BRIDGE PKE,,,,9.00,Feet,South,OAKMONT CIR,,,,0.00,N,Not at Intersection, ,Non-Junction,None,,,         ,Gerry,Hutcheson,Clear,Front to Rear,no,no,no,no,no,False
102942191,METROPOLITAN NASHVILLE POLICE DEPT,20210190119,Davidson,Nashville,4/4/2021 12:55:00 PM,3,0,0,36.044980,-86.665870,BELL RD,,,,367.00,Feet,East,CEDAR POINTE PKWY,,,,0.00,N,Not at Intersection, ,Non-Junction,None,,,         ,Lee,Davis,Clear,Rear to Rear,no,no,no,yes,no,False
102942196,METROPOLITAN NASHVILLE POLICE DEPT,20210190163,Davidson,Nashville,4/4/2021 1:43:00 PM,2,0,0,36.166690,-86.764560,SHELBY AV,,,,0.00,,,I24 W ENT RAMP,,,,0.00,Y,Four-Way, ,,None,,,         ,Shedie,Herbert III,,,no,no,no,no,no,False
102942201,METROPOLITAN NASHVILLE POLICE DEPT,20210190086,Davidson,Nashville,4/4/2021 12:15:00 PM,3,1,0,36.127970,-86.807800,W LINDEN AV,,,,131.00,Feet,West,25TH AVS,,,,0.00,N,Not at Intersection,N,Non-Junction,None,,,         ,Kimberly,Annson,,Rear to Side,no,no,no,no,no,False
102942202,METROPOLITAN NASHVILLE POLICE DEPT,20210190161,Davidson,Nashville,4/4/2021 1:36:00 PM,2,0,0,36.147340,-86.625880,TRAILS CIR,,,,0.00,Feet,North,BELL RD,,,,0.00,N,Not at Intersection, ,Non-Junction,None,,,         ,MIchael,Mihajlov,Clear,Front to Rear,no,no,no,no,no,False
102942203,METROPOLITAN NASHVILLE POLICE DEPT,20210190078,Davidson,Antioch,4/4/2021 6:00:00 AM,1,0,0,36.068410,-86.609206,LAKE TOWNE,DR,,,100.00,Feet,North,,,,,1.00,N,Not at Intersection, ,Non-Junction,None,,,         ,Gregory,Dixon,Clear,Not Collision with Motor Vehicle in Transport,no,no,no,yes,yes,False
102942204,METROPOLITAN NASHVILLE POLICE DEPT,20210190094,Davidson,Nashville,4/4/2021 12:06:00 PM,2,0,0,36.166130,-86.764440,I 24,,,,0.00,,,,,,,49.00,N,Not at Intersection, ,Non-Junction,None,,,         ,Steven,Meador,Clear,Front to Rear,no,no,no,no,no,False
102942225,METROPOLITAN NASHVILLE POLICE DEPT,20210190139,Davidson,Nashville,4/4/2021 1:10:00 PM,2,2,0,36.168030,-86.765620,I24 W ENT RAMP,,,,0.00,Feet,East,I 24,,,,0.00,N,Not at Intersection,N,Entrance/Exit Ramp Related,None,,,         ,Brandon,Evans,Clear,Front to Rear,no,no,no,no,no,False
102942230,METROPOLITAN NASHVILLE POLICE DEPT,20210190154,Davidson,Nashville,4/4/2021 1:20:00 PM,2,0,0,36.169630,-86.766630,I 24,,,,0.00,,,,,,,48.70,N,Not at Intersection, ,,None,,,         ,Faye,Denson,,,no,no,no,no,no,False
102942231,METROPOLITAN NASHVILLE POLICE DEPT,20210190155,Davidson,Nashville,4/4/2021 1:26:00 PM,2,1,0,36.072700,-86.664210,UNA ANTIOCH PKE,,,,44.00,Feet,North,CHARMAINE CT,,,,0.00,N,Not at Intersection,N,Non-Junction,None,,,         ,Joshua,Belk,Clear,Angle,no,no,no,no,yes,False
102942287,METROPOLITAN NASHVILLE POLICE DEPT,20210190210,Davidson,Nashville,4/4/2021 1:47:00 PM,3,0,0,36.029390,-86.645770,OLD FRANKLIN RD,,,,644.00,Feet,West,CANE RIDGE PKWY,,,,0.00,N,Not at Intersection,N,Non-Junction,None,,,         ,John,McDonnell,Clear,Front to Rear,no,no,no,no,no,False
102942289,METROPOLITAN NASHVILLE POLICE DEPT,20210190222,Davidson,Nashville,4/4/2021 2:55:00 PM,2,0,0,36.044780,-86.661060,BELL RD,,,,0.00,,,,,,,0.00,,,N,Non-Junction,None,,,         ,Joseph,Hurst,Clear,Front to Rear,no,no,no,no,yes,False
102942290,METROPOLITAN NASHVILLE POLICE DEPT,20210190138,Davidson,Nashville,4/4/2021 1:04:00 PM,3,0,0,36.014600,-86.621590,I24 E EXT RAMP,,,,500.00,Feet,South,I 24,,,,0.00,N,Not at Intersection, ,,None,,,         ,Caleb,Jernigan,,,no,no,no,no,no,False
102942293,BERRY HILL POLICE DEPT,21-0985,Davidson,Berry Hill,4/3/2021 7:49:00 PM,2,1,0,36.120090,-86.775010,FRANKLIN PKE,,,,0.00,,,GALE LN,,,,0.00,Y,Y-Intersection,Y,Non-Junction,None,,,         ,Yamil,Jimenez,Clear,Angle,no,no,no,no,no,False
102942295,METROPOLITAN NASHVILLE POLICE DEPT,20210190207,Davidson,Nashville,4/4/2021 2:00:00 PM,2,1,0,36.148770,-86.758380,LEWIS ST,,,,256.00,Feet,North,WINFREY ST,,,,0.00,N,Not at Intersection,N,Non-Junction,None,,,         ,Christopher,Beery,Clear,Rear to Side,no,no,no,no,yes,False
102942306,METROPOLITAN NASHVILLE POLICE DEPT,20210190269,Davidson,Nashville,4/4/2021 3:20:00 PM,2,0,0,36.152480,-86.754430,I 40,,,,0.00,,,,,,,211.30,N,Not at Intersection,N,Non-Junction,None,,,         ,Josh,Lauton,Clear,Front to Rear,no,no,no,no,yes,False
102942307,GOODLETTSVILLE POLICE DEPT,21-09047,Davidson,Goodlettsville,4/4/2021 12:05:00 PM,2,0,0,36.306360,-86.703770,RIVERGATE PKWY PVTDR,,,,121.00,Feet,West,RIVERGATE PKWY,,,,0.00,N,Not at Intersection,N,"Driveway, Alley Access, etc",None,,,         ,Benny,Alexander,Clear,Angle,no,no,no,yes,no,False
102942309,METROPOLITAN NASHVILLE POLICE DEPT,20210190247,Davidson,Nashville,4/4/2021 3:11:00 PM,2,0,0,36.139300,-86.700310,BRILEY PKWY,,,,77.00,Feet,South,KAREN DR,,,,0.00,N,Not at Intersection,N,Non-Junction,None,,,         ,Robert,Marquez,Clear,HeadOn,no,no,no,yes,yes,False
102942318,METROPOLITAN NASHVILLE POLICE DEPT,20210190301,Davidson,Nashville,4/4/2021 3:52:00 PM,1,1,0,36.161120,-86.620340,I 40,,,,0.00,,,,,,,219.60,N,Not at Intersection,N,Non-Junction,None,,,         ,Joshua,Zambrano-Vera,Clear,Not Collision with Motor Vehicle in Transport,no,no,no,no,no,False
102942325,METROPOLITAN NASHVILLE POLICE DEPT,20210190286,Davidson,Not in City Limit,4/4/2021 3:38:00 PM,1,1,0,36.081920,-86.954290,I40 E ENT RAMP,,,,0.00,,,I 40,,,,0.00,Y,Y-Intersection,N,Non-Junction,None,,,         ,Gregory,Rdzok,Clear,Not Collision with Motor Vehicle in Transport,no,no,no,no,no,False
102942330,METROPOLITAN NASHVILLE POLICE DEPT,20210190394,Davidson,Nashville,4/4/2021 4:50:00 PM,1,0,0,36.169450,-86.806800,JEFFERSON ST,,,,50.00,Feet,West,DR D B TODD JR BLVD,,,,0.00,N,Not at Intersection,N,Non-Junction,None,,,         ,Jacob,Krispin,,Not Collision with Motor Vehicle in Transport,no,no,no,no,yes,False
102942356,METROPOLITAN NASHVILLE POLICE DEPT,20210190384,Davidson,Nashville,4/4/2021 5:05:00 PM,2,1,0,36.077540,-86.689970,OVERBY DR,,,,0.00,,,EZELL RD,,,,0.00,Y,Four-Way,N,Intersection,None,,,         ,Gary,Anderson,Clear,Angle,no,no,no,no,no,False
102942357,METROPOLITAN NASHVILLE POLICE DEPT,20210190336,Davidson,Nashville,4/4/2021 4:19:00 PM,1,1,0,36.253160,-86.739240,I 65,,,,0.00,,,,,,,91.45,N,Not at Intersection,N,Non-Junction,None,,,         ,Brandon,Lopez,Clear,Not Collision with Motor Vehicle in Transport,no,no,no,no,no,False
102942361,METROPOLITAN NASHVILLE POLICE DEPT,20210190379,Davidson,Nashville,4/4/2021 12:00:00 AM,2,0,0,36.242400,-86.747920,I65 N ENT RAMP,,,,0.00,,,I 65,,,,0.00,Y,OTHER, ,Non-Junction,None,,,         ,Thomas,Denenea,Cloudy,"Sideswipe, Same Direction",no,no,no,no,no,False
102942367,METROPOLITAN NASHVILLE POLICE DEPT,20210190356,Davidson,Nashville,4/4/2021 3:40:00 PM,2,0,0,36.047240,-86.662550,I 24,,,,0.00,,,,,,,59.20,N,Not at Intersection,N,Non-Junction,None,,,         ,Joseph,Hurst,Clear,Not Collision with Motor Vehicle in Transport,no,no,no,no,yes,False
102942379,METROPOLITAN NASHVILLE POLICE DEPT,20210190397,Davidson,Nashville,4/4/2021 12:00:00 AM,1,0,0,36.057570,-86.646910,RURAL HILL RD,,,,807.00,Feet,East,TOOK DR,,,,0.00,N,Not at Intersection,N,Non-Junction,None,,,         ,Cameron,VanLierop,Clear,Not Collision with Motor Vehicle in Transport,no,no,no,no,no,False
102942383,METROPOLITAN NASHVILLE POLICE DEPT,20210190431,Davidson,Nashville,4/4/2021 5:45:00 PM,3,0,0,36.150910,-86.761480,CANNON ST,,,,200.00,Feet,East,CHARLES E DAVIS BLVD,,,,0.00,N,Not at Intersection,N,Non-Junction,None,,,         ,Reagan,Heath,Clear,Angle,no,no,no,no,no,False
102942388,METROPOLITAN NASHVILLE POLICE DEPT,20210190452,Davidson,Nashville,4/4/2021 5:48:00 PM,2,0,0,36.236430,-86.727680,BRILEY PKWYW,,,,99.00,Feet,West,BRILEY PKWY W ENT RAMP,,,,0.00,N,Not at Intersection,N,Non-Junction,None,,,         ,Forrest,Punke,Clear,"Sideswipe, Same Direction",no,no,no,no,yes,False
102942389,METROPOLITAN NASHVILLE POLICE DEPT,20210190391,Davidson,Nashville,4/4/2021 4:40:00 PM,2,0,0,36.200550,-86.620930,OLD HICKORY BLVD,,,,0.00,,,PLANTATION DR,,,,0.00,Y,T-Intersection,N,Intersection,None,,,         ,Cheri,Cox,Clear,"Sideswipe, Same Direction",no,no,no,no,yes,False
102942392,METROPOLITAN NASHVILLE POLICE DEPT,20210190383,Davidson,Not in City Limit,4/4/2021 5:38:00 PM,2,0,0,36.268720,-86.755960,DICKERSON PKE,,,,152.00,Feet,North,BELL GRIMES LN,,,,0.00,N,Not at Intersection, ,Non-Junction,None,,,         ,Bradley,Campbell,Clear,Angle,no,no,no,no,no,False
102942394,METROPOLITAN NASHVILLE POLICE DEPT,20210190485,Davidson,Antioch,4/4/2021 2:26:00 AM,2,0,0,36.041220,-86.615340,SUNSET RIDGE LN,,,,234.00,Feet,South,CENTRAL GROVE SQ,,,,0.00,N,Not at Intersection, ,Non-Junction,None,,,         ,John,McDonnell,Clear,Unknown,no,no,no,no,yes,False
102942404,METROPOLITAN NASHVILLE POLICE DEPT,20210190372,Davidson,Goodlettsville,4/4/2021 4:55:00 PM,2,2,1,36.365470,-86.733900,SPRINGFIELD HWY,,,,0.00,Feet,,GAYLEMORE DR,,,,0.00,Y,T-Intersection,N,Intersection,None,,,         ,Cressie,Prill,Clear,Angle,no,no,no,no,no,False
102942411,METROPOLITAN NASHVILLE POLICE DEPT,20210190216,Davidson,Nashville,4/4/2021 2:50:00 PM,2,1,0,36.052360,-86.775580,I 65,,,,0.00,,,,,,,74.70,N,Not at Intersection,N,Non-Junction,None,,,         ,Brandon,Hughes,Clear,Angle,no,no,no,no,no,False
102942428,METROPOLITAN NASHVILLE POLICE DEPT,20210190512,Davidson,Antioch,4/4/2021 6:54:00 PM,2,0,0,36.041760,-86.605590,MURFREESBORO PKE,,,,491.00,Feet,South,HOBSON PKE,,,,0.00,N,Not at Intersection, ,Non-Junction,None,,,         ,Matthew,Swindell,Clear,Front to Rear,no,no,no,no,no,False
102942451,METROPOLITAN NASHVILLE POLICE DEPT,20210190569,Davidson,Nashville,4/4/2021 7:44:00 PM,2,0,0,36.040010,-86.743470,EDMONDSON PKE,,,,0.00,,,OLD HICKORY BLVD,,,,0.00,Y,Four-Way,N,Intersection,None,,,         ,Steven,Powers,Clear,"Sideswipe, Same Direction",no,no,no,no,yes,False
102942459,METROPOLITAN NASHVILLE POLICE DEPT,20210190572,Davidson,Not in City Limit,4/4/2021 8:01:00 PM,1,0,0,36.279540,-86.750070,DICKERSON PKE,,,,774.00,Feet,North,NESBITT DR,,,,0.00,N,Not at Intersection, ,Non-Junction,None,,,         ,Austin,Bowles,Clear,Not Collision with Motor Vehicle in Transport,no,no,no,no,no,False
102942465,METROPOLITAN NASHVILLE POLICE DEPT,20210190577,Davidson,Nashville,4/4/2021 8:10:00 PM,3,2,0,36.045160,-86.658520,I 24,,,,0.00,,,,,,,59.45,N,Not at Intersection,N,Non-Junction,None,,,         ,Nadine,Klemenz,Clear,Front to Rear,no,no,no,no,no,False
102942492,METROPOLITAN NASHVILLE POLICE DEPT,20210190602,Davidson,Nashville,4/4/2021 8:27:00 PM,2,0,0,36.255640,-86.714690,GALLATIN PKES,,,,218.00,Feet,South,NEELYS BEND RD,,,,0.00,N,Not at Intersection, ,Non-Junction,None,,,         ,Forrest,Punke,Clear,"Sideswipe, Same Direction",no,no,no,no,no,False
102942499,METROPOLITAN NASHVILLE POLICE DEPT,20210190378,Davidson,Nashville,4/4/2021 4:45:00 PM,2,0,0,36.096000,-86.710860,DONNA KAY DR,,,,228.00,Feet,West,BOLSTER CT,,,,0.00,N,Not at Intersection,N,Non-Junction,None,,,         ,Steven,Bowler,Clear,"Sideswipe, Opposite Direction",no,no,no,no,yes,False
102942516,METROPOLITAN NASHVILLE POLICE DEPT,20210190665,Davidson,Nashville,4/4/2021 8:45:00 PM,2,0,0,36.173270,-86.791400,ROSA L PARKS BLVD,,,,0.00,Feet,,JEFFERSON ST,,,,0.00,Y,Four-Way, ,,None,,,         ,Scarlett,Collins,,,no,no,no,no,no,False
102942526,METROPOLITAN NASHVILLE POLICE DEPT,20210190493,Davidson,Nashville,4/4/2021 6:51:00 PM,2,1,0,36.081000,-86.756310,HARDING PL,,,,604.00,Feet,East,TROUSDALE DR,,,,0.00,N,Not at Intersection,N,Non-Junction,None,,,         ,Brandon,Hughes,Clear,Angle,no,no,no,no,no,False
102942536,METROPOLITAN NASHVILLE POLICE DEPT,20210190695,Davidson,Nashville,4/4/2021 9:55:00 PM,2,1,0,36.145330,-86.740930,I 40,,,,0.00,,,,,,,212.25,N,Not at Intersection,N,Non-Junction,None,,,         ,Reagan,Heath,,"Sideswipe, Same Direction",no,no,no,no,yes,False
102942561,METROPOLITAN NASHVILLE POLICE DEPT,20210190589,Davidson,Nashville,4/4/2021 4:31:00 PM,2,0,0,36.093900,-86.712310,BREVARD CT,,,,481.00,Feet,West,JESSIE DR,,,,0.00,N,Not at Intersection,N,Non-Junction,None,,,         ,Steven,Bowler,Clear,Unknown,no,no,no,no,yes,False
102942580,METROPOLITAN NASHVILLE POLICE DEPT,20210190404,Davidson,Antioch,4/4/2021 4:50:00 PM,2,0,0,36.047840,-86.612050,MURFREESBORO PKE,,,,1284.00,Feet,North,MOUNTAIN SPRINGS RD,,,,0.00,N,Not at Intersection, ,,None,,,         ,Luis,Pena,,,no,no,no,no,no,False
102942596,METROPOLITAN NASHVILLE POLICE DEPT,20210190744,Davidson,Nashville,4/4/2021 6:00:00 PM,2,0,0,36.239400,-86.753520,I65 N EXT RAMP,,,,0.00,Feet,East,I 65,,,,0.00,N,Not at Intersection,N,Non-Junction,None,,,         ,Bobby,Samuels,Clear,Front to Rear,no,no,no,no,yes,False
102942602,METROPOLITAN NASHVILLE POLICE DEPT,20210190790,Davidson,Nashville,4/4/2021 6:55:00 PM,2,0,0,36.091420,-86.641990,LONGHUNTER CT,,,,0.00,,,LONGHUNTER CIR,,,,0.00,Y,T-Intersection, ,Intersection,None,,,         ,Roger,Luther,Clear,Angle,no,no,no,no,yes,False
102942610,METROPOLITAN NASHVILLE POLICE DEPT,20210190489,Davidson,Nashville,4/4/2021 12:00:00 AM,2,0,0,36.077410,-86.725660,NOLENSVILLE PKE,,,,118.00,Feet,North,WALLACE RD,,,,0.00,N,Not at Intersection,N,Non-Junction,None,,,         ,Antoine,Maghamez,Clear,Front to Rear,no,no,no,no,yes,False
102942620,METROPOLITAN NASHVILLE POLICE DEPT,20210190884,Davidson,Antioch,4/4/2021 8:54:00 PM,2,0,0,36.058570,-86.597740,HOBSON PKE,,,,1.00,Feet,North,HAMILTON CHURCH RD,,,,0.00,N,Not at Intersection,Y,Non-Junction,None,,,         ,Lisa,Beck,Clear,Angle,no,no,no,no,no,False
102942625,METROPOLITAN NASHVILLE POLICE DEPT,20210190875,Davidson,Nashville,4/5/2021 12:58:00 AM,1,0,0,36.154680,-86.626400,I40 E ENT RAMP,,,,0.00,Feet,East,I 40,,,,0.00,N,Not at Intersection,N,Non-Junction,None,,,         ,Ryan,Malone,,Not Collision with Motor Vehicle in Transport,no,no,no,no,no,False
102942640,METROPOLITAN NASHVILLE POLICE DEPT,20210190924,Davidson,Not in City Limit,4/5/2021 1:01:00 AM,2,0,0,36.269240,-86.698880,BECKLEA DR,,,,573.00,Feet,East,SINGER DR,,,,0.00,N,Not at Intersection, ,Non-Junction,None,,,         ,Jonathon,Sheppard,Clear,Front to Rear,no,no,no,no,no,False
102942651,METROPOLITAN NASHVILLE POLICE DEPT,20210190735,Davidson,Nashville,4/4/2021 10:33:00 PM,3,1,0,36.047840,-86.612050,MURFREESBORO PKE,,,,1284.00,Feet,North,MOUNTAIN SPRINGS RD,,,,0.00,N,Not at Intersection,N,Non-Junction,None,,,         ,Jose,Oliveros,Clear,Front to Rear,no,no,no,no,no,False
102942666,METROPOLITAN NASHVILLE POLICE DEPT,20210190970,Davidson,Nashville,4/4/2021 10:16:00 PM,2,0,0,36.045490,-86.713280,NOLENSVILLE PKE,,,,43.00,Feet,North,OLD HICKORY BLVD,,,,0.00,N,Not at Intersection, ,Non-Junction,None,,,         ,Jose,Oliveros,Clear,Angle,no,no,no,no,yes,False
102942677,METROPOLITAN NASHVILLE POLICE DEPT,20210190822,Davidson,Nashville,4/5/2021 12:12:00 AM,2,0,0,36.162790,-86.761280,I 24,,,,0.00,,,,,,,49.30,N,Not at Intersection, ,Non-Junction,None,,,         ,Luke,Hamilton,Clear,"Sideswipe, Same Direction",no,no,no,no,yes,False
102942766,METROPOLITAN NASHVILLE POLICE DEPT,20210186549,Davidson,Antioch,4/2/2021 2:08:00 PM,2,1,0,36.047840,-86.612050,MURFREESBORO PKE,,,,0.55,Miles,North,MOUNTAIN SPRINGS RD,,,,0.00,N,Not at Intersection,N,Non-Junction,None,,,         ,Thomas,White,Clear,HeadOn,no,no,no,no,no,False
102942772,METROPOLITAN NASHVILLE POLICE DEPT,20210191271,Davidson,Nashville,4/5/2021 7:30:00 AM,2,0,0,36.133660,-86.825410,BOWLING AV,,,,17.00,Feet,North,WHITLAND AV,,,,0.00,N,Not at Intersection, ,Non-Junction,None,,,         ,George,Spencer,Clear,Front to Rear,no,no,no,no,no,False
102942784,METROPOLITAN NASHVILLE POLICE DEPT,20210191341,Davidson,Nashville,4/5/2021 8:12:00 AM,1,1,0,36.291410,-86.703720,RIVERGATE SQUARE PVTDR,,,,0.00,Feet,East,GALLATIN PKEN,,,,0.00,N,Not at Intersection,N,Non-Junction,None,,,         ,Ian,Wilson,Clear,Not Collision with Motor Vehicle in Transport,no,no,no,yes,no,False
102942791,METROPOLITAN NASHVILLE POLICE DEPT,20210191361,Davidson,Nashville,4/5/2021 12:00:00 AM,2,0,0,36.186670,-86.763100,N 5TH ST,,,,163.00,Feet,North,CLEVELAND ST,,,,0.00,N,Not at Intersection,N,Unknown,None,,,         ,Steven,Meador,Clear,Unknown,no,no,no,no,yes,False
102942805,METROPOLITAN NASHVILLE POLICE DEPT,20210191410,Davidson,Nashville,4/5/2021 8:45:00 AM,1,2,0,36.113950,-86.746800,NOLENSVILLE PKE,,,,250.00,Feet,South,CENTRAL AV,,,,0.00,N,Not at Intersection,N,Non-Junction,None,,,         ,Earl,Davis,,Not Collision with Motor Vehicle in Transport,no,no,no,no,no,False
102942831,METROPOLITAN NASHVILLE POLICE DEPT,20210191442,Davidson,Nashville,4/5/2021 9:08:00 AM,2,0,0,36.080340,-86.772730,FRANKLIN PKE,,,,591.00,Feet,South,ROBERTSON ACADEMY RD,,,,0.00,N,Not at Intersection,N,Non-Junction,None,,,         ,Justin,mathias,,Front to Rear,no,no,no,no,no,False
102942832,METROPOLITAN NASHVILLE POLICE DEPT,20210191378,Davidson,Nashville,4/5/2021 8:27:00 AM,2,1,0,36.168820,-86.684550,LEBANON PKE,,,,0.00,,,THE CROSSINGS PVTDR,,,,0.00,Y,T-Intersection,N,Intersection-Related,None,,,         ,John,Chambers,Clear,Front to Rear,no,no,no,no,no,False
102942836,METROPOLITAN NASHVILLE POLICE DEPT,20210191405,Davidson,Nashville,4/5/2021 12:00:00 AM,1,0,0,36.254670,-86.833570,CHERRY GROVE LN,,,,275.00,Feet,South,CHERRY GROVE PT,,,,0.00,N,Not at Intersection,N,Non-Junction,None,,,         ,Jeanine,Sarno,Clear,Not Collision with Motor Vehicle in Transport,no,no,no,yes,no,False
102942839,METROPOLITAN NASHVILLE POLICE DEPT,20210191297,Davidson,Nashville,4/5/2021 6:25:00 AM,2,0,0,36.069120,-86.683840,ANTIOCH PKE,,,,0.00,,,RICHARDS RD,,,,0.00,Y,T-Intersection, ,Intersection,None,,,         ,Tyler,Heckaman,Clear,HeadOn,no,no,no,no,no,False
102942860,METROPOLITAN NASHVILLE POLICE DEPT,20210191509,Davidson,Nashville,4/5/2021 9:43:00 AM,2,0,0,36.150480,-86.770350,4TH AVS,,,,0.00,,,I40 E EXT RAMP,,,,0.00,Y,Four-Way,N,Entrance/Exit Ramp Related,None,,,         ,Joshua,Reece,Clear,Angle,no,no,no,no,yes,False