master_record_number,agency,agency_tracking_number,county,city,collision_date,vehicles_involved,number_injured,number_dead,latitude,longitude,roadway_name,roadway_suffix,roadway_number,roadway_local_id,distance_from_reference,miles-feet_indicator,direction_from_reference,intersection_road_name,intersection_road_name_suffix,intersection_road_number,intersection_local_id,mile_marker,intersection_indicator,intersect_type,interchange_related_indicator,relation_to_junction,work_zone_type,construction_maintenance_zone,construction_maintenance_zone_location,fatal_case_number,officer_first_name,officer_last_name,weather_condition(s),manner_of_crash,pedestrian,bicycle,scooter,parking,hitrun,mou
102945880,METROPOLITAN NASHVILLE POLICE DEPT,20210198664,Davidson,Nashville,4/8/2021 3:01:00 PM,2,1,0,36.133570,-86.726900,I24E,,,,63.00,Feet,East,I24 W EXT RAMP,,,,0.00,N,Not at Intersection,N,Non-Junction,None,,,         ,Beri,Scott,Clear,Front to Rear,no,no,no,no,yes,False
102945884,METROPOLITAN NASHVILLE POLICE DEPT,20210198520,Davidson,Nashville,4/8/2021 2:32:00 PM,2,1,0,36.130640,-86.836790,WEST END AV,,,,0.00,,,LAUDERDALE RD,,,,0.00,Y,T-Intersection,N,Intersection,None,,,         ,Martin,Brown,Clear,Angle,no,no,no,no,no,False
102945892,METROPOLITAN NASHVILLE POLICE DEPT,20210198710,Davidson,Nashville,4/8/2021 3:51:00 PM,2,0,0,36.143490,-86.737440,I 40,,,,0.00,,,,,,,212.65,N,Not at Intersection, ,,None,,,         ,Douglas,Mann,,,no,no,no,no,no,False
102945896,METROPOLITAN NASHVILLE POLICE DEPT,20210198636,Davidson,Nashville,4/8/2021 3:20:00 PM,2,0,0,36.111990,-86.771410,I440 ENT RAMP,,,,0.00,Feet,East,I 65,,,,0.00,N,Not at Intersection, ,Entrance/Exit Ramp Related,None,,,         ,Dylan,Motes,Clear,Front to Rear,no,no,no,no,no,False
102945904,METROPOLITAN NASHVILLE POLICE DEPT,20210198784,Davidson,Not in City Limit,4/8/2021 5:08:00 PM,2,1,0,36.276370,-86.735080,I 65,,,,0.00,,,,,,,93.10,N,Not at Intersection,N,Non-Junction,None,,,         ,Christopher,Littles,Cloudy,Front to Rear,no,no,no,no,no,False
102945914,METROPOLITAN NASHVILLE POLICE DEPT,20210198728,Davidson,Nashville,4/8/2021 4:18:00 PM,2,0,0,36.123330,-86.727880,I 24,,,,0.00,,,,,,,52.70,N,Not at Intersection, ,Non-Junction,None,,,         ,Beri,Scott,Clear,Front to Rear,no,no,no,no,no,False
102945937,METROPOLITAN NASHVILLE POLICE DEPT,20210198792,Davidson,Nashville,4/8/2021 1:50:00 PM,2,0,0,36.105850,-86.813870,HILLSBORO PKE,,,,0.00,,,ABBOTT MARTIN RD,,,,0.00,Y,T-Intersection, ,,None,,,         ,Matthew,Turppa,,,no,no,no,no,no,False
102945938,METROPOLITAN NASHVILLE POLICE DEPT,20210198856,Davidson,Nashville,4/8/2021 2:30:00 PM,2,0,0,36.155370,-86.836100,41ST AVN,,,,124.00,Feet,North,DELAWARE AV,,,,0.00,N,Not at Intersection,N,Non-Junction,None,,,         ,Ryan,Papp,Clear,Front to Rear,no,no,no,no,yes,False
102945939,METROPOLITAN NASHVILLE POLICE DEPT,20210198630,Davidson,Nashville,4/8/2021 12:00:00 AM,2,0,0,36.096100,-86.636910,SMITH SPRINGS RD,,,,613.00,Feet,North,LONGHUNTER CT,,,,0.00,N,Not at Intersection, ,Non-Junction,None,,,         ,Adam,Gartner,Cloudy,Front to Rear,no,no,no,no,no,False
102945940,METROPOLITAN NASHVILLE POLICE DEPT,20210198794,Davidson,Nashville,4/8/2021 12:00:00 AM,2,0,0,36.152170,-86.626020,BLACKWOOD DR,,,,281.00,Feet,West,STEWARTS FERRY PKE,,,,0.00,N,Not at Intersection,N,Non-Junction,None,,,         ,Adam,Gartner,Cloudy,Angle,no,no,no,yes,yes,False
102945942,METROPOLITAN NASHVILLE POLICE DEPT,20210198770,Davidson,Nashville,4/8/2021 4:55:00 PM,2,0,0,36.137900,-86.821970,I 440,,,,0.00,,,,,,,1.40,N,Not at Intersection, ,Non-Junction,None,,,         ,Kaytlin,huyler,Clear,"Sideswipe, Same Direction",no,no,no,no,no,False
102945943,METROPOLITAN NASHVILLE POLICE DEPT,20210198806,Davidson,Nashville,4/8/2021 3:29:00 PM,2,0,0,36.037400,-86.786570,FRANKLIN PKE,,,,0.00,,,OLD HICKORY BLVD,,,,0.00,Y,Four-Way,N,Non-Junction,None,,,         ,Brady,Reynolds,Clear,Angle,no,no,no,no,yes,False
102945946,METROPOLITAN NASHVILLE POLICE DEPT,20210198837,Davidson,Not in City Limit,4/8/2021 5:35:00 PM,2,0,0,36.259970,-86.757730,DICKERSON PKE,,,,238.00,Feet,North,VILLAGE HILLS PVTDR,,,,0.00,N,Not at Intersection, ,Non-Junction,None,,,         ,Kyle,Eicholtz,Cloudy,"Sideswipe, Same Direction",no,no,no,no,no,False
102945948,METROPOLITAN NASHVILLE POLICE DEPT,20210198853,Davidson,Nashville,4/8/2021 5:40:00 PM,2,0,0,36.189150,-86.627950,LEBANON PKE,,,,525.00,Feet,East,HICKORY HILL LN,,,,0.00,N,Not at Intersection, ,Non-Junction,None,,,         ,Rami,Rouhi,Clear,Angle,no,no,no,no,no,False
102945950,METROPOLITAN NASHVILLE POLICE DEPT,20210198808,Davidson,Not in City Limit,4/8/2021 4:13:00 PM,2,0,0,36.026630,-87.020770,HIGHWAY 100,,,,807.00,Feet,East,S HARPETH RD,,,,0.00,N,Not at Intersection, ,,None,,,         ,Terence,Mitchell,,,no,no,no,no,no,False
102945952,METROPOLITAN NASHVILLE POLICE DEPT,20210198914,Davidson,Nashville,4/8/2021 6:16:00 PM,2,0,0,36.086630,-86.700610,I 24,,,,0.00,,,,,,,55.70,N,Not at Intersection, ,Non-Junction,None,,,         ,Beri,Scott,Clear,Front to Rear,no,no,no,no,no,False
102945958,METROPOLITAN NASHVILLE POLICE DEPT,20210198739,Davidson,Nashville,4/8/2021 4:35:00 PM,3,1,0,36.193440,-86.743980,GALLATIN AV,,,,79.00,Feet,South,STRAIGHTWAY AV,,,,0.00,N,Not at Intersection,N,Non-Junction,None,,,         ,Kelsey,Hemminger,Clear,Front to Rear,no,no,no,no,no,False
102945965,METROPOLITAN NASHVILLE POLICE DEPT,20210198904,Davidson,Nashville,4/8/2021 4:40:00 PM,2,0,0,36.158890,-86.833500,ALAMEDA ST,,,,282.00,Feet,North,CATHERINE JOHNSON PKWY,,,,0.00,N,Not at Intersection,N,Non-Junction,None,,,         ,William,Vanbergen,Clear,Angle,no,no,no,no,yes,False
102945975,METROPOLITAN NASHVILLE POLICE DEPT,20210198940,Davidson,Nashville,4/8/2021 6:25:00 PM,3,0,0,36.086630,-86.700610,I 24,,,,0.00,,,,,,,55.70,N,Not at Intersection, ,Non-Junction,None,,,         ,Beri,Scott,Clear,Front to Rear,no,no,no,no,no,False
102945976,METROPOLITAN NASHVILLE POLICE DEPT,20210198872,Davidson,Nashville,4/8/2021 5:55:00 PM,2,0,0,36.131880,-86.895530,OLD CHARLOTTE PKE,,,,0.00,,,I40 E ENT RAMP,,,,0.00,Y,Four-Way, ,Intersection-Related,None,,,         ,Martin,Brown,Clear,Front to Rear,no,no,no,no,no,False
102945980,METROPOLITAN NASHVILLE POLICE DEPT,20210198850,Davidson,Nashville,4/8/2021 5:36:00 PM,2,0,0,36.154160,-86.770150,2ND AVS,,,,0.00,,,ELM ST,,,,0.00,Y,T-Intersection,N,Intersection-Related,None,,,         ,James,Hill,Cloudy,Angle,no,no,no,no,yes,False
102945981,METROPOLITAN NASHVILLE POLICE DEPT,20210198942,Davidson,Nashville,4/8/2021 6:25:00 PM,2,0,0,36.224910,-86.760530,DICKERSON PKE,,,,120.00,Feet,South,BEN ALLEN RD,,,,0.00,N,Not at Intersection,N,Non-Junction,None,,,         ,Kiana,Perry,Clear,Angle,no,no,no,yes,yes,False
102945988,METROPOLITAN NASHVILLE POLICE DEPT,20210199039,Davidson,Nashville,4/8/2021 3:00:00 PM,2,0,0,36.147460,-86.744290,I 40,,,,0.00,,,,,,,212.00,N,Not at Intersection,N,Non-Junction,None,,,         ,Reagan,Heath,Clear,Front to Rear,no,no,no,no,no,False
102945989,METROPOLITAN NASHVILLE POLICE DEPT,20210198918,Davidson,Nashville,4/8/2021 6:10:00 PM,2,1,0,36.223740,-86.773280,I 65,,,,0.00,,,,,,,88.55,N,Not at Intersection,N,Non-Junction,None,,,         ,Wade,Johnson,Cloudy,Angle,no,no,no,no,no,False
102945990,METROPOLITAN NASHVILLE POLICE DEPT,20210196921,Davidson,Nashville,4/7/2021 8:21:00 PM,2,1,0,36.040840,-86.773470,OLD HICKORY BLVD,,,,0.00,,,HEALTH PARK DR,,,,0.00,Y,Four-Way,N,Intersection,None,,,         ,Brandon,Hughes,Cloudy,Angle,no,no,no,no,no,False
102945998,METROPOLITAN NASHVILLE POLICE DEPT,20210198866,Davidson,Nashville,4/8/2021 5:27:00 PM,2,0,0,36.133590,-86.696790,BRILEY PKWYN,,,,186.00,Feet,North,BRILEY PKWYS,,,,0.00,N,Not at Intersection, ,,None,,,         ,Ryan,Allen,,,no,no,no,no,no,False
102946003,METROPOLITAN NASHVILLE POLICE DEPT,20210198991,Davidson,Nashville,4/8/2021 6:55:00 PM,2,0,0,36.225510,-86.772970,I 65,,,,0.00,,,,,,,88.65,N,Not at Intersection, ,Non-Junction,None,,,         ,Marc,Kozen,Clear,"Sideswipe, Same Direction",no,no,no,no,no,False
102946010,METROPOLITAN NASHVILLE POLICE DEPT,20210199081,Davidson,Goodlettsville,4/8/2021 7:48:00 PM,2,1,0,36.293110,-86.695690,MYATT DR,,,,346.00,Feet,South,SPRING BRANCH DR,,,,0.00,N,Not at Intersection,N,Non-Junction,None,,,         ,Christopher,Littles,Cloudy,Angle,no,no,no,no,no,False
102946034,METROPOLITAN NASHVILLE POLICE DEPT,20210198852,Davidson,Nashville,4/8/2021 5:25:00 PM,2,0,0,36.089500,-86.702890,I 24,,,,0.00,,,,,,,55.40,N,Not at Intersection, ,Non-Junction,None,,,         ,Robert,Higgins,Clear,Angle,no,no,no,no,no,False
102946035,METROPOLITAN NASHVILLE POLICE DEPT,20210198956,Davidson,Nashville,4/8/2021 6:36:00 PM,2,0,0,36.095920,-86.655910,RICE AV,,,,123.00,Feet,West,MURFREESBORO PKE,,,,0.00,N,Not at Intersection,N,Non-Junction,None,,,         ,Robert,Higgins,Clear,Angle,no,no,no,no,yes,False
102946042,METROPOLITAN NASHVILLE POLICE DEPT,20210198986,Davidson,Nashville,4/8/2021 6:25:00 PM,2,0,0,36.157630,-86.760420,I 24,,,,0.00,,,,,,,49.60,N,Not at Intersection, ,Non-Junction,None,,,         ,Kaytlin,huyler,Clear,"Sideswipe, Same Direction",no,no,no,no,no,False
102946080,METROPOLITAN NASHVILLE POLICE DEPT,20210198980,Davidson,Nashville,4/8/2021 6:17:00 PM,2,0,0,36.148250,-86.779910,I65 S ENT RAMP,,,,0.00,,,I 40,,,,0.00,Y,OTHER, ,Non-Junction,None,,,         ,Brady,Reynolds,Clear,"Sideswipe, Same Direction",no,no,no,no,no,False
102946081,METROPOLITAN NASHVILLE POLICE DEPT,20210199106,Davidson,Nashville,4/8/2021 8:00:00 PM,1,1,0,36.161350,-86.799930,17TH AVN,,,,0.00,Feet,,JO JOHNSTON AV,,,,0.00,Y,Four-Way,N,Intersection-Related,None,,,         ,Eric,McCoy,Clear,Not Collision with Motor Vehicle in Transport,no,yes,no,no,no,False
102946102,METROPOLITAN NASHVILLE POLICE DEPT,20210199100,Davidson,Nashville,4/8/2021 7:50:00 PM,2,4,0,36.155350,-86.811760,CHARLOTTE AV,,,,90.00,Feet,East,25TH AVN,,,,0.00,N,Not at Intersection,N,Non-Junction,None,,,         ,Ryan,Cagle,Clear,Front to Rear,no,no,no,no,no,False
102946128,METROPOLITAN NASHVILLE POLICE DEPT,20210199158,Davidson,Nashville,4/8/2021 8:24:00 PM,2,1,0,36.150480,-86.770350,4TH AVS,,,,0.00,,,I40 E EXT RAMP,,,,0.00,Y,Four-Way,N,Entrance/Exit Ramp Related,None,,,         ,Edin,Plancic,Clear,Angle,no,no,no,no,no,False
102946137,METROPOLITAN NASHVILLE POLICE DEPT,20210199297,Davidson,Nashville,4/8/2021 9:35:00 PM,3,0,0,36.168830,-86.759000,SHELBY AV,,,,184.00,Feet,East,S 6TH ST,,,,0.00,N,Not at Intersection,N,Non-Junction,None,,,         ,Kevin,Clausius,Cloudy,"Sideswipe, Same Direction",no,no,no,no,yes,False
102946145,METROPOLITAN NASHVILLE POLICE DEPT,20210199166,Davidson,Nashville,4/8/2021 8:29:00 PM,2,1,0,36.194270,-86.618240,OLD HICKORY BLVD,,,,0.00,Feet,,HERMITAGE MARKETPLACE PVTDR,,,,0.00,Y,Four-Way,N,Intersection,None,,,         ,Rami,Rouhi,Clear,Angle,no,no,no,no,no,False
102946146,METROPOLITAN NASHVILLE POLICE DEPT,20210199183,Davidson,Nashville,4/8/2021 8:28:00 PM,1,0,0,36.074120,-86.922390,HIGHWAY 70S,,,,125.00,Feet,West,OLD HARDING PKE,,,,0.00,N,Not at Intersection,N,Non-Junction,None,,,         ,Maria,Reynolds,Clear,Not Collision with Motor Vehicle in Transport,no,no,no,no,no,False
102946148,METROPOLITAN NASHVILLE POLICE DEPT,20210199269,Davidson,Not in City Limit,4/8/2021 12:00:00 AM,1,1,0,36.258370,-86.678290,CHEYENNE BLVD,,,,278.00,Feet,South,NOTTINGHAM DR,,,,0.00,N,Not at Intersection,N,Non-Junction,None,,,         ,Thomas,Denenea,Clear,Not Collision with Motor Vehicle in Transport,yes,no,no,no,yes,False
102946164,METROPOLITAN NASHVILLE POLICE DEPT,20210198678,Davidson,Nashville,4/8/2021 1:56:00 PM,2,0,0,36.206610,-86.777900,US HWY 431,,,,0.00,,,BRICK CHURCH PIKE,,,,0.00,Y,Four-Way, ,Intersection-Related,None,,,         ,Gabriel,Centeno,,Front to Rear,no,no,no,no,no,False
102946201,METROPOLITAN NASHVILLE POLICE DEPT,20210199318,Davidson,Nashville,4/8/2021 9:56:00 PM,2,3,0,36.137570,-86.800760,WEDGEWOOD AV,,,,0.00,,,BLAKEMORE AV,,,,0.00,Y,Four-Way,N,Non-Junction,None,,,         ,William,Hamblen,Clear,Angle,no,no,no,no,no,Campus
102946207,METROPOLITAN NASHVILLE POLICE DEPT,20210199517,Davidson,Nashville,4/8/2021 9:45:00 PM,2,0,0,36.255010,-86.715250,MADISON SQ,,,,3.00,Feet,West,MADISON BLVD,,,,0.00,N,Not at Intersection,N,Non-Junction,None,,,         ,Philip,Claibourne,Clear,"Sideswipe, Same Direction",no,no,no,no,yes,False
102946214,METROPOLITAN NASHVILLE POLICE DEPT,20210199379,Davidson,Nashville,4/8/2021 10:25:00 PM,2,0,0,36.206070,-86.771000,W TRINITY LN,,,,29.00,Feet,East,LUCAS LN,,,,0.00,N,Not at Intersection,N,Non-Junction,None,,,         ,Zachary,Carter,Clear,Front to Rear,no,no,no,no,no,False
102946215,METROPOLITAN NASHVILLE POLICE DEPT,20210199450,Davidson,Nashville,4/8/2021 10:50:00 PM,2,0,0,36.153800,-86.846090,I 40,,,,0.00,,,,,,,204.60,N,Not at Intersection, ,,None,,,         ,Justin,McCormick,,,no,no,no,no,no,False
102946216,METROPOLITAN NASHVILLE POLICE DEPT,20210198810,Davidson,Nashville,4/8/2021 3:05:00 PM,2,0,0,36.134280,-86.779250,WEDGEWOOD AV,,,,47.00,Feet,West,8TH AVS,,,,0.00,N,Not at Intersection, ,Non-Junction,None,,,         ,Jacob,Robbins,Clear,"Sideswipe, Same Direction",no,no,no,no,no,False
102946227,METROPOLITAN NASHVILLE POLICE DEPT,20210199639,Davidson,Nashville,4/9/2021 1:23:00 AM,2,0,0,36.147300,-86.785260,SOUTH ST,,,,141.00,Feet,East,12TH AVS,,,,0.00,N,Not at Intersection, ,Non-Junction,None,,,         ,John,Frazier,Clear,Other,no,no,no,no,yes,False
102946238,METROPOLITAN NASHVILLE POLICE DEPT,20210199615,Davidson,Nashville,4/9/2021 1:08:00 AM,1,0,0,36.166590,-86.812330,24TH AVN,,,,0.00,,,ALAMEDA ST,,,,0.00,Y,OTHER,N,Intersection-Related,None,,,         ,Christopher,Royer,Clear,Not Collision with Motor Vehicle in Transport,no,no,no,no,yes,False
102946239,METROPOLITAN NASHVILLE POLICE DEPT,20210199709,Davidson,Nashville,4/9/2021 1:50:00 AM,2,0,0,36.084320,-86.647480,MURFREESBORO PKE,,,,254.00,Feet,North,BROOKSBORO PL,,,,0.00,N,Not at Intersection,N,Non-Junction,None,,,         ,Bryson,Wilkins,Clear,Angle,no,no,no,no,no,False
102946261,METROPOLITAN NASHVILLE POLICE DEPT,20210199582,Davidson,Not in City Limit,4/9/2021 12:30:00 AM,3,0,0,36.266120,-86.684590,N DUPONT AV,,,,660.00,Feet,East,ARCHWOOD DR,,,,0.00,N,Not at Intersection,N,Non-Junction,None,,,         ,Zachary,Lang,Clear,"Sideswipe, Same Direction",no,no,no,no,no,False
102946307,METROPOLITAN NASHVILLE POLICE DEPT,20210199975,Davidson,Nashville,4/9/2021 6:08:00 AM,2,0,0,36.066170,-86.672520,IRMA DR,,,,236.00,Feet,East,MCBRIDE RD,,,,0.00,N,Not at Intersection, ,Non-Junction,None,,,         ,Joe,Hooper,Clear,"Sideswipe, Opposite Direction",no,no,no,no,no,False
102946308,METROPOLITAN NASHVILLE POLICE DEPT,20210199961,Davidson,Nashville,4/9/2021 6:23:00 AM,2,0,0,36.171960,-86.591670,CENTRAL PKE,,,,0.00,,,VALLEY GROVE DR,,,,0.00,Y,T-Intersection, ,,None,,,         ,Michael,Brooks,,,no,no,no,no,no,False
102946372,METROPOLITAN NASHVILLE POLICE DEPT,20210200034,Davidson,Antioch,4/9/2021 7:30:00 AM,2,0,0,36.041890,-86.608240,HOBSON PKE,,,,610.00,Feet,West,MURFREESBORO PKE,,,,0.00,N,Not at Intersection,N,Non-Junction,Construction Zone,Work On Shoulder Or Median,Activity Area,         ,Joe,Hooper,Clear,"Sideswipe, Same Direction",no,no,no,no,no,False
102946382,METROPOLITAN NASHVILLE POLICE DEPT,20210200012,Davidson,Nashville,4/9/2021 7:00:00 AM,2,0,0,36.197310,-86.776210,I 65,,,,0.00,,,,,,,86.70,N,Not at Intersection,N,Non-Junction,None,,,         ,Isaac,Wood,Clear,Front to Rear,no,no,no,no,no,False
102946384,METROPOLITAN NASHVILLE POLICE DEPT,20210186429,Davidson,Not in City Limit,4/2/2021 12:27:00 PM,2,2,0,36.275270,-86.721220,E CAMPBELL RD,,,,0.00,,,HIGHLAND CIR,,,,0.00,Y,Four-Way,N,Intersection,None,,,         ,Eric,Richardson,Clear,Front to Rear,no,no,no,no,yes,False
102946397,METROPOLITAN NASHVILLE POLICE DEPT,20210200107,Davidson,Nashville,4/9/2021 8:18:00 AM,2,0,0,36.051680,-86.669690,I 24,,,,0.00,,,,,,,58.70,N,Not at Intersection,N,Non-Junction,None,,,         ,Thomas,Vasquez,Clear,Front to Rear,no,no,no,no,no,False
102946407,METROPOLITAN NASHVILLE POLICE DEPT,20210200197,Davidson,Nashville,4/9/2021 9:13:00 AM,2,0,0,36.140050,-86.726140,I24E,,,,520.00,Feet,West,I 40,,,,0.00,N,Not at Intersection, ,Entrance/Exit Ramp Related,None,,,         ,Michael,Brooks,Clear,Front to Rear,no,no,no,no,no,False
102946412,METROPOLITAN NASHVILLE POLICE DEPT,20210200140,Davidson,Nashville,4/9/2021 8:39:00 AM,1,0,0,36.090020,-86.809930,HARDING PL,,,,0.00,,,SHYS HILL RD,,,,0.00,Y,Four-Way, ,Intersection,None,,,         ,Earl,Davis,Clear,Not Collision with Motor Vehicle in Transport,no,no,no,no,no,False
102946438,METROPOLITAN NASHVILLE POLICE DEPT,20210200262,Davidson,Nashville,4/9/2021 9:48:00 AM,2,0,0,36.172480,-86.595110,CENTRAL PKE,,,,0.00,,,TULIP GROVE RD,,,,0.00,Y,T-Intersection, ,,None,,,         ,Michael,Brooks,,,no,no,no,no,no,False
102946459,METROPOLITAN NASHVILLE POLICE DEPT,20210200241,Davidson,Nashville,4/9/2021 9:45:00 AM,2,1,0,36.134740,-86.784080,WEDGEWOOD AV,,,,0.00,,,HILLSIDE AV,,,,0.00,Y,T-Intersection,N,Intersection,None,,,         ,Cynthia,Quirouette,Clear,Angle,no,no,no,no,no,False
102946477,METROPOLITAN NASHVILLE POLICE DEPT,20210200298,Davidson,Antioch,4/9/2021 10:20:00 AM,2,0,0,36.053469,-86.618082,MURFREESBORO,PIKE,US41/70S,,400.00,Feet,South,MT VIEW,RD,,,0.00,N,Not at Intersection,N,Non-Junction,None,,,         ,Joe,Hooper,Clear,Angle,no,no,no,no,no,False
102946482,METROPOLITAN NASHVILLE POLICE DEPT,20210199983,Davidson,Nashville,4/9/2021 6:55:00 AM,1,1,0,36.224960,-86.806010,KNIGHT DR,,,,465.00,Feet,North,WHITES CREEK PKE,,,,0.00,N,Not at Intersection,N,Non-Junction,None,,,         ,Jeanine,Sarno,Clear,Not Collision with Motor Vehicle in Transport,no,no,no,no,no,False
102946489,METROPOLITAN NASHVILLE POLICE DEPT,20210200044,Davidson,Antioch,4/9/2021 7:40:00 AM,2,0,0,36.052780,-86.599300,LAKEWALK DR,,,,0.00,,,HOBSON PKE,,,,0.00,Y,T-Intersection, ,,None,,,         ,Zachary,Akers,,,no,no,no,no,no,False
102946492,METROPOLITAN NASHVILLE POLICE DEPT,20210200235,Davidson,Nashville,4/9/2021 9:26:00 AM,2,0,0,36.159250,-86.797120,CHARLOTTE AV,,,,347.00,Feet,East,17TH AVN,,,,0.00,N,Not at Intersection,N,Non-Junction,None,,,         ,Nicholas,Smith,Clear,Front to Rear,no,no,no,no,no,False
102946540,METROPOLITAN NASHVILLE POLICE DEPT,20210200424,Davidson,Nashville,4/9/2021 12:00:00 AM,2,0,0,36.236080,-86.726900,BRILEY PKWYW,,,,150.00,Feet,East,BRILEY PKWY W ENT RAMP,,,,0.00,N,Not at Intersection, ,Non-Junction,None,,,         ,Wesley,Mcclelland,Clear,"Sideswipe, Same Direction",no,no,no,no,no,False
102946562,METROPOLITAN NASHVILLE POLICE DEPT,20210200422,Davidson,Nashville,4/9/2021 11:33:00 AM,2,0,0,36.040860,-86.773650,OLD HICKORY BLVD,,,,75.00,Feet,West,OAKES DR,,,,0.00,N,Not at Intersection, ,Non-Junction,None,,,         ,Earl,Davis,Clear,"Sideswipe, Same Direction",no,no,no,no,no,False
102946600,METROPOLITAN NASHVILLE POLICE DEPT,20210200439,Davidson,Nashville,4/9/2021 11:53:00 AM,2,0,0,36.159090,-86.792580,14TH AVN,,,,62.00,Feet,North,I40 E EXT RAMP,,,,0.00,N,Not at Intersection, ,Entrance/Exit Ramp Related,None,,,         ,Earl,Davis,Clear,Angle,no,no,no,no,no,False
102946601,METROPOLITAN NASHVILLE POLICE DEPT,20210200472,Davidson,Nashville,4/9/2021 12:18:00 PM,2,0,0,36.044570,-86.714720,BRENTWOOD EAST DR,,,,238.00,Feet,South,OLD HICKORY BLVD,,,,0.00,N,Not at Intersection, ,,None,,,         ,Justin,mathias,,,no,no,no,no,no,False
102946637,BELLE MEADE POLICE DEPT,21-0084,Davidson,Belle Meade,4/9/2021 11:25:00 AM,2,0,0,36.122310,-86.851320,LYNNWOOD BLVD,,,,0.00,,,HARDING PKE,,,,0.00,Y,Four-Way,N,Intersection-Related,None,,,         ,David,Wright,Clear,Front to Rear,no,no,no,no,no,False
102946667,METROPOLITAN NASHVILLE POLICE DEPT,20210200563,Davidson,Not in City Limit,4/9/2021 12:44:00 PM,2,0,0,36.021380,-86.711380,NOLENSVILLE PKE,,,,0.00,,,BIENVILLE DR,,,,0.00,Y,T-Intersection, ,,None,,,         ,Justin,mathias,,,no,no,no,no,no,False
102946677,METROPOLITAN NASHVILLE POLICE DEPT,20210200486,Davidson,Nashville,4/9/2021 12:26:00 PM,2,0,0,36.205890,-86.768610,E TRINITY LN,,,,0.00,,,DICKERSON PKE,,,,0.00,Y,Four-Way, ,Intersection,None,,,         ,Jarret,Sonnenberg,Clear,Front to Rear,no,no,no,no,no,False
102946685,METROPOLITAN NASHVILLE POLICE DEPT,20210200561,Davidson,Nashville,4/9/2021 1:05:00 PM,2,0,0,36.169090,-86.809600,21ST AVN,,,,0.00,Feet,East,JEFFERSON ST,,,,0.00,N,Not at Intersection, ,,None,,,         ,Gregory,Scott,,,no,no,no,no,no,False
102946690,METROPOLITAN NASHVILLE POLICE DEPT,20210200506,Davidson,Nashville,4/9/2021 12:38:00 PM,2,1,0,36.176910,-86.774580,SPRING ST,,,,0.00,,,N 1ST ST,,,,0.00,Y,Four-Way,N,Intersection,None,,,         ,Joshua,Reece,Clear,Front to Rear,no,no,no,no,yes,False
102946708,METROPOLITAN NASHVILLE POLICE DEPT,20210200484,Davidson,Nashville,4/9/2021 12:18:00 PM,2,0,0,36.183000,-86.609300,OLD HICKORY BLVD,,,,465.00,Feet,East,ANDREW JACKSON PKWY,,,,0.00,N,Not at Intersection,N,Non-Junction,None,,,         ,John,Chambers,Clear,Front to Rear,no,no,no,no,no,False
102946709,METROPOLITAN NASHVILLE POLICE DEPT,20210200341,Davidson,Nashville,4/9/2021 10:45:00 AM,3,0,0,36.167470,-86.812730,MEHARRY BLVD,,,,75.00,Feet,West,24TH AVN,,,,0.00,N,Not at Intersection,N,Non-Junction,None,,,         ,Garren,Hoskins,Clear,"Sideswipe, Opposite Direction",no,no,no,no,no,False
102946710,METROPOLITAN NASHVILLE POLICE DEPT,20210200557,Davidson,Nashville,4/9/2021 1:08:00 PM,2,1,0,36.154710,-86.773120,4TH AVS,,,,0.00,,,LEA AV,,,,0.00,Y,Four-Way,N,Intersection-Related,None,,,         ,Russell,Freeman,Clear,Angle,no,no,no,no,no,False
102946753,METROPOLITAN NASHVILLE POLICE DEPT,20210200599,Davidson,Nashville,4/9/2021 12:58:00 PM,2,0,0,36.110750,-86.745120,NOLENSVILLE PKE,,,,125.00,Feet,South,THOMPSON LN,,,,0.00,N,Not at Intersection, ,OtherLocation,None,,,         ,Earl,Davis,Clear,Rear to Rear,no,no,no,yes,no,False
102946756,METROPOLITAN NASHVILLE POLICE DEPT,20210200548,Davidson,Nashville,4/9/2021 1:02:00 PM,2,1,0,36.119930,-86.726570,I 24,,,,0.00,,,,,,,52.90,N,Not at Intersection,N,Non-Junction,None,,,         ,Joe,Hooper,Clear,"Sideswipe, Same Direction",no,no,no,no,no,False
102946763,METROPOLITAN NASHVILLE POLICE DEPT,20210200585,Davidson,Nashville,4/9/2021 1:21:00 PM,2,0,0,36.093340,-86.706010,I 24,,,,0.00,,,,,,,55.10,N,Not at Intersection, ,Non-Junction,None,,,         ,Tyler,Heckaman,Clear,Front to Rear,no,no,no,no,no,False
102946764,METROPOLITAN NASHVILLE POLICE DEPT,20210200555,Davidson,Nashville,4/9/2021 12:50:00 PM,1,0,0,36.132840,-86.727150,I 24,,,,0.00,,,,,,,52.00,N,Not at Intersection,N,Non-Junction,None,,,         ,Lee,Davis,Clear,Not Collision with Motor Vehicle in Transport,no,no,no,no,no,False
102946809,METROPOLITAN NASHVILLE POLICE DEPT,20210200581,Davidson,Nashville,4/9/2021 1:10:00 PM,2,1,0,36.133470,-86.726900,I24E,,,,66.00,Feet,East,I24 W EXT RAMP,,,,0.00,N,Not at Intersection,N,Non-Junction,None,,,         ,Todd,Watson,Clear,Front to Rear,no,no,no,no,no,False
102946842,METROPOLITAN NASHVILLE POLICE DEPT,20210200661,Davidson,Not in City Limit,4/9/2021 2:22:00 PM,2,2,0,36.269100,-86.754960,OLD HICKORY BLVDW,,,,236.00,Feet,East,DICKERSON PKE,,,,0.00,N,Not at Intersection,N,OtherLocation,None,,,         ,Michael,McCord,Clear,Angle,no,no,no,yes,no,False