master_record_number,agency,agency_tracking_number,county,city,collision_date,vehicles_involved,number_injured,number_dead,latitude,longitude,roadway_name,roadway_suffix,roadway_number,roadway_local_id,distance_from_reference,miles-feet_indicator,direction_from_reference,intersection_road_name,intersection_road_name_suffix,intersection_road_number,intersection_local_id,mile_marker,intersection_indicator,intersect_type,interchange_related_indicator,relation_to_junction,work_zone_type,construction_maintenance_zone,construction_maintenance_zone_location,fatal_case_number,officer_first_name,officer_last_name,weather_condition(s),manner_of_crash,pedestrian,bicycle,scooter,parking,hitrun,mou
102947666,METROPOLITAN NASHVILLE POLICE DEPT,20210202330,Davidson,Not in City Limit,4/10/2021 10:45:00 AM,1,0,0,36.314670,-86.832540,I 24,,,,0.00,,,,,,,37.25,N,Not at Intersection,N,Non-Junction,None,,,         ,Tyler,Adcock,Cloudy,Not Collision with Motor Vehicle in Transport,no,no,no,no,no,False
102947670,METROPOLITAN NASHVILLE POLICE DEPT,20210202395,Davidson,Nashville,4/10/2021 12:08:00 PM,1,1,0,36.084410,-86.737550,ELYSIAN FIELDS RD,,,,271.00,Feet,West,COVENTRY CT,,,,0.00,N,Not at Intersection,N,Non-Junction,None,,,         ,Brent,Bauer,Cloudy,Not Collision with Motor Vehicle in Transport,no,no,no,no,no,False
102947696,METROPOLITAN NASHVILLE POLICE DEPT,20210202416,Davidson,Nashville,4/10/2021 11:39:00 AM,2,0,0,36.089070,-86.649990,RANSOM PL,,,,0.00,,,MURFREESBORO PKE,,,,0.00,Y,Four-Way, ,Intersection-Related,None,,,         ,Scott,Carter,Cloudy,Front to Rear,no,no,no,no,no,False
102947711,VANDERBILT UNIVERSITY POLICE,20210196215,Davidson,Nashville,4/7/2021 12:00:00 AM,2,0,0,36.142240,-86.811160,VANDERBILT PL,,,,0.00,,,,,,,0.00,,, ,Non-Junction,None,,,         ,Eugene,Kessler,Clear,Unknown,no,no,no,yes,no,Campus
102947714,METROPOLITAN NASHVILLE POLICE DEPT,20210202246,Davidson,Nashville,4/10/2021 9:41:00 AM,3,2,0,36.166900,-86.764950,I 24,,,,0.00,,,,,,,48.90,N,Not at Intersection,N,Non-Junction,None,,,         ,Faye,Denson,Rain,Front to Rear,no,no,no,no,no,False
102947716,GOODLETTSVILLE POLICE DEPT,21-09632,Davidson,Goodlettsville,4/10/2021 11:58:00 AM,2,0,0,36.321120,-86.713230,S MAIN ST,,,,0.00,,,MEMORIAL DR,,,,0.00,Y,Four-Way,N,Intersection,None,,,         ,Benjamin,Steck,Cloudy,Angle,no,no,no,no,no,False
102947723,METROPOLITAN NASHVILLE POLICE DEPT,20210202457,Davidson,Not in City Limit,4/10/2021 1:08:00 PM,2,1,0,36.257540,-86.728130,VANTREASE RD,,,,0.00,,,E MARTHONA RD,,,,0.00,Y,Four-Way,N,Intersection,None,,,         ,Michael,McCord,Cloudy,Angle,no,no,no,no,no,False
102947729,METROPOLITAN NASHVILLE POLICE DEPT,20210202307,Davidson,Nashville,4/10/2021 10:43:00 AM,4,1,0,36.134810,-86.726760,I 24,,,,0.00,,,,,,,52.15,N,Not at Intersection,N,Non-Junction,None,,,         ,MIchael,Mihajlov,Rain,Front to Rear,no,no,no,no,no,False
102947730,METROPOLITAN NASHVILLE POLICE DEPT,20210202471,Davidson,Nashville,4/10/2021 1:23:00 PM,2,0,0,36.248010,-86.720360,GALLATIN PKES,,,,0.00,,,DUE WEST AVW,,,,0.00,Y,OTHER,N,OtherLocation,None,,,         ,Eric,Richardson,Rain,Angle,no,no,no,yes,yes,False
102947731,METROPOLITAN NASHVILLE POLICE DEPT,20210202372,Davidson,Nashville,4/10/2021 11:34:00 AM,2,0,0,36.205900,-86.768700,W TRINITY LN,,,,25.00,Feet,West,E TRINITY LN,,,,0.00,N,Not at Intersection, ,Non-Junction,None,,,         ,Jarret,Sonnenberg,Cloudy,Front to Rear,no,no,no,no,no,False
102947735,METROPOLITAN NASHVILLE POLICE DEPT,20210202478,Davidson,Nashville,4/10/2021 1:10:00 PM,2,0,0,36.200280,-86.725150,LITTON AV,,,,1.00,Feet,East,BRANCH ST,,,,0.00,N,Not at Intersection, ,Non-Junction,None,,,         ,Faye,Denson,Cloudy,Front to Rear,no,no,no,no,yes,False
102947749,METROPOLITAN NASHVILLE POLICE DEPT,20210202425,Davidson,Nashville,4/10/2021 11:49:00 AM,2,0,0,36.086860,-86.695950,HARDING PL,,,,0.00,,,METROPLEX DR,,,,0.00,Y,Four-Way, ,Intersection-Related,None,,,         ,Tyler,Heckaman,Cloudy,Front to Rear,no,no,no,no,no,False
102947756,METROPOLITAN NASHVILLE POLICE DEPT,20210202508,Davidson,Nashville,4/10/2021 1:55:00 PM,2,0,0,36.062320,-86.904640,HIGHWAY 100,,,,1.00,Feet,West,OLD HICKORY BLVD,,,,0.00,N,Not at Intersection,N,Non-Junction,None,,,         ,Andrew,Anoskey,Cloudy,Angle,no,no,no,no,no,False
102947762,METROPOLITAN NASHVILLE POLICE DEPT,20210202541,Davidson,Nashville,4/10/2021 2:28:00 PM,2,0,0,36.203710,-86.738440,GALLATIN PKE,,,,63.00,Feet,North,E TRINITY LN,,,,0.00,N,Not at Intersection,N,Non-Junction,None,,,         ,Adam,Warren,Clear,"Sideswipe, Same Direction",no,no,no,no,yes,False
102947774,METROPOLITAN NASHVILLE POLICE DEPT,20210202545,Davidson,Nashville,4/10/2021 2:27:00 PM,2,0,0,36.143170,-86.666650,DONELSON PKE,,,,320.00,Feet,North,I40 W ENT RAMP,,,,0.00,N,Not at Intersection,N,Non-Junction,None,,,         ,Brandon,Chapman,Clear,"Sideswipe, Same Direction",no,no,no,no,no,False
102947782,METROPOLITAN NASHVILLE POLICE DEPT,20210202572,Davidson,Nashville,4/10/2021 3:05:00 PM,2,0,0,36.086990,-86.730350,NOLENSVILLE PKE,,,,56.00,Feet,North,ELYSIAN FIELDS CT,,,,0.00,N,Not at Intersection,N,Non-Junction,None,,,         ,Steven,Powers,Cloudy,Angle,no,no,no,no,yes,False
102947795,METROPOLITAN NASHVILLE POLICE DEPT,20210202612,Davidson,Nashville,4/10/2021 1:05:00 PM,2,0,0,36.177540,-86.794300,ROSA L PARKS BLVD,,,,231.00,Feet,South,DELTA AV,,,,0.00,N,Not at Intersection,N,Non-Junction,None,,,         ,Eric,McCoy,,HeadOn,no,no,no,no,yes,False
102947801,GOODLETTSVILLE POLICE DEPT,21-09637,Davidson,Goodlettsville,4/10/2021 2:12:00 PM,2,0,0,36.300180,-86.711390,I 65,,,,0.00,,,,,,,95.20,N,Not at Intersection, ,Non-Junction,None,,,         ,Daniel,Knalls,Clear,Front to Rear,no,no,no,no,no,False
102947824,METROPOLITAN NASHVILLE POLICE DEPT,20210201145,Davidson,Nashville,4/9/2021 7:00:00 PM,2,0,0,36.140000,-86.700270,BRILEY PKWY,,,,177.00,Feet,North,BRILEY PKWYN,,,,0.00,N,Not at Intersection,N,Non-Junction,None,,,         ,Crockett,Bruce,Clear,"Sideswipe, Same Direction",no,no,no,no,no,False
102947887,METROPOLITAN NASHVILLE POLICE DEPT,20210202664,Davidson,Nashville,4/10/2021 3:30:00 PM,2,0,0,36.041280,-86.750120,STATE HWY 254,,,,297.00,Feet,West,HILL RD,,,,0.00,N,Not at Intersection,N,Non-Junction,None,,,         ,Brian,Sherman,Clear,"Sideswipe, Same Direction",no,no,no,no,yes,False
102947889,METROPOLITAN NASHVILLE POLICE DEPT,20210202657,Davidson,Nashville,4/10/2021 4:15:00 PM,2,0,0,36.192920,-86.828530,CLIFF DR,,,,267.00,Feet,North,CLARKSVILLE PKE,,,,0.00,N,Not at Intersection, ,,None,,,         ,Scarlett,Collins,,,no,no,no,yes,no,False
102947893,METROPOLITAN NASHVILLE POLICE DEPT,20210202718,Davidson,Nashville,4/10/2021 5:05:00 PM,2,0,0,36.139310,-86.880260,CHARLOTTE PKE,,,,127.00,Feet,East,HILLWOOD BLVD,,,,0.00,N,Not at Intersection,N,Non-Junction,None,,,         ,Heather,Fox,Clear,Front to Rear,no,no,no,no,yes,False
102947894,METROPOLITAN NASHVILLE POLICE DEPT,20210202722,Davidson,Nashville,4/10/2021 5:17:00 PM,2,1,0,36.158890,-86.782110,8TH AVS,,,,0.00,,,BROADWAY,,,,0.00,Y,Four-Way,Y,Intersection-Related,None,,,         ,Joel,Cottrill,Clear,Front to Rear,no,no,no,no,no,False
102947896,METROPOLITAN NASHVILLE POLICE DEPT,20210202754,Davidson,Nashville,4/10/2021 5:31:00 PM,2,0,0,36.180140,-86.749890,N 11TH ST,,,,0.00,,East,GALLATIN AV,,,,0.00,N,Not at Intersection,N,Non-Junction,None,,,         ,Reginald,Pierre-Paul,Clear,"Sideswipe, Same Direction",no,no,no,no,no,False
102947898,METROPOLITAN NASHVILLE POLICE DEPT,20210202738,Davidson,Not in City Limit,4/10/2021 5:25:00 PM,1,1,0,36.075430,-87.016190,MCCRORY LN,,,,697.00,Feet,East,I40 E ENT RAMP,,,,0.00,N,Not at Intersection,N,Non-Junction,None,,,         ,Ryan,Papp,Clear,Not Collision with Motor Vehicle in Transport,no,no,no,no,no,False
102947902,METROPOLITAN NASHVILLE POLICE DEPT,20210202729,Davidson,Nashville,4/10/2021 4:58:00 PM,2,0,0,36.205470,-86.776590,I 65,,,,0.00,,,,,,,87.25,N,Not at Intersection,N,Non-Junction,None,,,         ,Mary,Hall,,Front to Rear,no,no,no,no,yes,False
102947910,METROPOLITAN NASHVILLE POLICE DEPT,20210202730,Davidson,Nashville,4/10/2021 5:20:00 PM,1,1,0,36.149740,-86.848420,ELKINS AV,,,,0.00,,,51ST AVN,,,,0.00,Y,Four-Way,N,Intersection,None,,,         ,Kyle,Lund,Cloudy,Not Collision with Motor Vehicle in Transport,no,yes,no,no,no,False
102947913,METROPOLITAN NASHVILLE POLICE DEPT,20210202776,Davidson,Nashville,4/10/2021 5:35:00 PM,2,0,0,36.206130,-86.771670,W TRINITY LN,,,,100.00,Feet,West,LUCAS LN,,,,0.00,N,Not at Intersection,N,Non-Junction,None,,,         ,Ciara,Doherty,Clear,"Sideswipe, Opposite Direction",no,no,no,no,yes,False
102947914,METROPOLITAN NASHVILLE POLICE DEPT,20210201506,Davidson,Nashville,4/9/2021 10:40:00 PM,2,1,0,36.154630,-86.779160,8TH AVS,,,,0.00,Feet,East,LAFAYETTE ST,,,,0.00,N,Not at Intersection,N,Non-Junction,None,,,         ,Michael,Foster,Clear,"Sideswipe, Same Direction",no,no,no,no,no,False
102947915,METROPOLITAN NASHVILLE POLICE DEPT,20210202786,Davidson,Nashville,4/10/2021 1:41:00 PM,2,0,0,36.150610,-86.779220,DIVISION,ST,,,0.00,,,8TH,,,,0.00,Y,T-Intersection, ,Intersection,None,,,         ,Michael,Moss,,Angle,no,no,no,no,no,False
102947916,METROPOLITAN NASHVILLE POLICE DEPT,20210201301,Davidson,Nashville,4/9/2021 12:00:00 AM,1,1,0,36.159110,-86.782240,ROSA L PARKS BLVD,,,,88.00,Feet,North,BROADWAY,,,,0.00,N,Not at Intersection,N,Non-Junction,None,,,         ,Joel,Cottrill,Clear,Not Collision with Motor Vehicle in Transport,no,no,yes,no,no,False
102947920,METROPOLITAN NASHVILLE POLICE DEPT,20210202692,Davidson,Nashville,4/10/2021 4:58:00 PM,2,0,0,36.205470,-86.776590,I 65,,,,0.00,,,,,,,87.25,N,Not at Intersection, ,,None,,,         ,Mary,Hall,,,no,no,no,no,no,False
102947931,GOODLETTSVILLE POLICE DEPT,21-09642,Davidson,Goodlettsville,4/10/2021 4:03:00 PM,2,0,0,36.317650,-86.713220,S MAIN ST,,,,126.00,Feet,North,ROSCOE ST,,,,0.00,N,Not at Intersection, ,Non-Junction,None,,,         ,Daniel,Knalls,Clear,"Sideswipe, Same Direction",no,no,no,no,no,False
102947933,METROPOLITAN NASHVILLE POLICE DEPT,20210202748,Davidson,Nashville,4/10/2021 5:33:00 PM,2,0,0,36.090700,-86.626000,BELL RD,,,,197.00,Feet,East,SMITH SPRINGS RD,,,,0.00,N,Not at Intersection, ,Non-Junction,None,,,         ,Rami,Rouhi,Clear,Front to Rear,no,no,no,no,no,False
102947935,METROPOLITAN NASHVILLE POLICE DEPT,20210202705,Davidson,Nashville,4/10/2021 4:35:00 PM,2,0,0,36.077040,-86.736180,HARDING PL,,,,135.00,Feet,East,SHADESCREST DR,,,,0.00,N,Not at Intersection, ,Non-Junction,None,,,         ,Tyler,Shanks,Clear,Front to Rear,no,no,no,no,no,False
102947937,METROPOLITAN NASHVILLE POLICE DEPT,20210202575,Davidson,Not in City Limit,4/10/2021 12:00:00 AM,2,0,0,36.281660,-86.732040,I 65,,,,0.00,,,,,,,93.50,N,Not at Intersection,N,Non-Junction,None,,,         ,Wesley,Carver,Clear,Front to Rear,no,no,no,no,yes,False
102947949,METROPOLITAN NASHVILLE POLICE DEPT,20210202827,Davidson,Nashville,4/10/2021 5:34:00 PM,2,0,0,36.147060,-86.743680,FESSLERS LN,,,,3.00,Feet,North,RUNDLE AV,,,,0.00,N,Not at Intersection, ,,None,,,         ,Evan,Grace,,,no,no,no,no,no,False
102947951,METROPOLITAN NASHVILLE POLICE DEPT,20210202739,Davidson,Nashville,4/10/2021 5:20:00 PM,2,0,0,36.235300,-86.712700,BRILEY PKWYW,,,,647.00,Feet,West,BRILEY PKWYE,,,,0.00,N,Not at Intersection, ,,None,,,         ,Crockett,Bruce,,,no,no,no,no,no,False
102947961,METROPOLITAN NASHVILLE POLICE DEPT,20210202590,Davidson,Nashville,4/10/2021 3:35:00 PM,3,2,0,36.043240,-86.655170,I 24,,,,0.00,,,,,,,59.65,N,Not at Intersection,N,Non-Junction,None,,,         ,Matthew,Swindell,Clear,Front to Rear,no,no,no,no,no,False
102947964,METROPOLITAN NASHVILLE POLICE DEPT,20210202860,Davidson,Nashville,4/10/2021 6:46:00 PM,2,0,0,36.204720,-86.751250,E TRINITY LN,,,,0.00,,,PITTWAY DR,,,,0.00,Y,OTHER, ,Non-Junction,None,,,         ,Ciara,Doherty,Clear,Angle,no,no,no,no,no,False
102947965,METROPOLITAN NASHVILLE POLICE DEPT,20210202904,Davidson,Nashville,4/10/2021 3:30:00 PM,2,0,0,36.068980,-86.720040,NOLENSVILLE PKE,,,,395.00,Feet,North,HAYWOOD LN,,,,0.00,N,Not at Intersection,N,Non-Junction,None,,,         ,Joseph,Hurst,Clear,Front to Rear,no,no,no,no,yes,False
102947974,METROPOLITAN NASHVILLE POLICE DEPT,20210202841,Davidson,Nashville,4/10/2021 6:20:00 PM,2,0,0,36.193400,-86.753290,ELLINGTON PKWY S EXT RAMP,,,,0.00,Feet,,DOUGLAS AV,,,,0.00,Y,Four-Way,N,Intersection-Related,None,,,         ,Justen,Ogle,Cloudy,Angle,no,no,no,no,no,False
102948003,METROPOLITAN NASHVILLE POLICE DEPT,20210202644,Davidson,Not in City Limit,4/10/2021 4:06:00 PM,2,0,0,36.283900,-86.729750,I 65,,,,0.00,,,,,,,93.70,N,Not at Intersection, ,Non-Junction,None,,,         ,Brandon,Lopez,Clear,Front to Rear,no,no,no,no,no,False
102948013,METROPOLITAN NASHVILLE POLICE DEPT,20210202912,Davidson,Nashville,4/10/2021 7:00:00 PM,2,0,0,36.092760,-86.839740,HARDING PL,,,,0.00,,,ESTES RD,,,,0.00,Y,T-Intersection, ,,None,,,         ,Matthew,Turppa,,,no,no,no,no,no,False
102948035,METROPOLITAN NASHVILLE POLICE DEPT,20210203035,Davidson,Nashville,4/10/2021 8:26:00 PM,2,0,0,36.152230,-86.781210,PINE ST,,,,65.00,Feet,North,GLEAVES ST,,,,0.00,,Not at Intersection,N,Non-Junction,None,,,         ,Michael,Moss,Clear,Front to Rear,no,no,no,no,yes,False
102948049,METROPOLITAN NASHVILLE POLICE DEPT,20210203016,Davidson,Not in City Limit,4/10/2021 8:28:00 PM,1,1,0,36.281470,-86.744500,CURTIS DR,,,,39.00,Feet,South,CURTIS CT,,,,0.00,N,Not at Intersection,N,Non-Junction,None,,,         ,Brandon,Lopez,Clear,Not Collision with Motor Vehicle in Transport,yes,no,no,no,no,False
102948073,METROPOLITAN NASHVILLE POLICE DEPT,20210202973,Davidson,Nashville,4/10/2021 8:04:00 PM,2,2,0,36.138200,-86.806940,BLAKEMORE AV,,,,58.00,Feet,East,25TH AVS,,,,0.00,N,Not at Intersection,N,Non-Junction,None,,,         ,Travis,Pemberton,Clear,Front to Rear,no,no,no,no,no,Campus
102948076,METROPOLITAN NASHVILLE POLICE DEPT,20210202777,Davidson,Antioch,4/10/2021 5:45:00 PM,3,0,0,36.047840,-86.612050,MURFREESBORO PKE,,,,1284.00,Feet,North,MOUNTAIN SPRINGS RD,,,,0.00,N,Not at Intersection,N,Non-Junction,None,,,         ,Matthew,Swindell,Clear,Angle,no,no,no,no,no,False
102948084,METROPOLITAN NASHVILLE POLICE DEPT,20210203079,Davidson,Nashville,4/10/2021 12:00:00 AM,1,0,0,36.238390,-86.783690,I24 W ENT RAMP,,,,0.00,Feet,East,I 24,,,,0.00,N,Not at Intersection,N,Non-Junction,None,,,         ,Wesley,Carver,Clear,Not Collision with Motor Vehicle in Transport,no,no,no,no,no,False
102948115,METROPOLITAN NASHVILLE POLICE DEPT,2021-0202282,Davidson,Nashville,4/10/2021 12:00:00 AM,1,0,0,36.140310,-86.728420,I 24,,,,0.00,,,,,,,51.50,N,Not at Intersection,N,Non-Junction,None,,,         ,Frank,Walker,Rain,Not Collision with Motor Vehicle in Transport,no,no,no,no,no,False
102948118,METROPOLITAN NASHVILLE POLICE DEPT,20210203102,Davidson,Nashville,4/10/2021 9:14:00 PM,2,0,0,36.123710,-86.748730,I 440,,,,0.00,,,,,,,6.45,N,Not at Intersection,N,Non-Junction,None,,,         ,Brady,Reynolds,Clear,Front to Rear,no,no,no,no,yes,False
102948129,METROPOLITAN NASHVILLE POLICE DEPT,20210203267,Davidson,Nashville,4/10/2021 10:12:00 PM,2,0,0,36.173440,-86.602110,OLD HICKORY BLVD,,,,55.00,Feet,South,CENTRAL PKE,,,,0.00,N,Not at Intersection, ,Non-Junction,None,,,         ,Mario,Diaz,Clear,Angle,no,no,no,no,yes,False
102948132,METROPOLITAN NASHVILLE POLICE DEPT,20210203241,Davidson,Nashville,4/10/2021 10:30:00 PM,1,0,0,36.213140,-86.618470,RACHELS LN,,,,0.00,Feet,East,HERMITAGE RD,,,,0.00,N,Not at Intersection,N,Non-Junction,None,,,         ,Roger,Luther,Clear,Not Collision with Motor Vehicle in Transport,no,no,no,no,no,False
102948139,METROPOLITAN NASHVILLE POLICE DEPT,20210203235,Davidson,Nashville,4/10/2021 10:50:00 PM,2,0,0,36.161580,-86.783890,ROSA L PARKS BLVD,,,,0.00,Feet,West,CHURCH ST,,,,0.00,N,Not at Intersection, ,Non-Junction,None,,,         ,Kelly,Turcios,Clear,Angle,no,no,no,no,no,False
102948171,METROPOLITAN NASHVILLE POLICE DEPT,20210203326,Davidson,Nashville,4/10/2021 11:32:00 PM,2,0,0,36.157980,-86.772640,2ND AVS,,,,0.00,,,KOREAN VETERANS BLVD,,,,0.00,Y,Four-Way,N,Intersection,None,,,         ,Tim,Le,Clear,Front to Rear,no,no,no,no,no,False
102948172,METROPOLITAN NASHVILLE POLICE DEPT,20210203056,Davidson,Nashville,4/10/2021 7:20:00 PM,1,0,0,36.221070,-86.822530,AMES DR,,,,121.00,Feet,North,KINGS LN,,,,0.00,N,Not at Intersection,N,Non-Junction,None,,,         ,Malik,Burriss,Clear,Not Collision with Motor Vehicle in Transport,no,no,no,yes,yes,False
102948176,METROPOLITAN NASHVILLE POLICE DEPT,20210203157,Davidson,Nashville,4/10/2021 12:00:00 AM,3,0,0,36.135270,-86.788180,PRIVATE ALLEY,ALY,,,300.00,Feet,West,11TH AVE S,AVE,,,0.00,N,Not at Intersection,N,"Driveway, Alley Access, etc",None,,,         ,Jacob,Robbins,Clear,"Sideswipe, Opposite Direction",no,no,no,yes,yes,False
102948178,METROPOLITAN NASHVILLE POLICE DEPT,20210203107,Davidson,Nashville,4/10/2021 9:30:00 PM,1,0,0,36.218160,-86.827750,HUMMINGBIRD DR,,,,400.00,Feet,West,TUCKER RD,,,,0.00,N,Not at Intersection,N,Non-Junction,None,,,         ,Malik,Burriss,Clear,Not Collision with Motor Vehicle in Transport,no,no,no,yes,yes,False
102948181,METROPOLITAN NASHVILLE POLICE DEPT,20210203433,Davidson,Nashville,4/11/2021 12:13:00 AM,1,1,0,36.158890,-86.782110,BROADWAY,,,,0.00,,,8TH AVS,,,,0.00,Y,Four-Way,N,Intersection,None,,,         ,Nathaniel,Jones,Clear,Not Collision with Motor Vehicle in Transport,yes,no,no,no,no,False
102948183,METROPOLITAN NASHVILLE POLICE DEPT,20210203603,Davidson,Nashville,4/11/2021 1:18:00 AM,2,0,0,36.206450,-86.775890,W TRINITY LN,,,,16.00,Feet,West,I65 N ENT RAMP,,,,0.00,N,Not at Intersection,N,Non-Junction,None,,,         ,Dallas,Johnson,,"Sideswipe, Same Direction",no,no,no,no,yes,False
102948184,METROPOLITAN NASHVILLE POLICE DEPT,20210203492,Davidson,Nashville,4/11/2021 1:12:00 AM,2,0,0,36.163600,-86.779170,CHURCH ST,,,,64.00,Feet,West,4TH AVN,,,,0.00,N,Not at Intersection, ,,None,,,         ,Kelly,Turcios,,,no,no,no,no,no,False
102948189,METROPOLITAN NASHVILLE POLICE DEPT,20210203550,Davidson,Nashville,4/11/2021 1:25:00 AM,3,1,0,36.180070,-86.811040,BUCHANAN ST,,,,0.00,,,DR D B TODD JR BLVD,,,,0.00,Y,Four-Way,Y,Intersection,None,,,         ,Luke,Steigerwalt,Clear,Front to Rear,no,no,no,no,yes,False
102948200,METROPOLITAN NASHVILLE POLICE DEPT,20210203536,Davidson,Nashville,4/11/2021 1:09:00 AM,2,1,0,36.240720,-86.757370,DICKERSON PKE,,,,0.00,,,BRILEY PKWY E EXT RAMP,,,,0.00,Y,T-Intersection,N,Intersection,None,,,         ,Coleman,McKellar,Clear,Front to Rear,no,no,no,no,yes,False
102948203,METROPOLITAN NASHVILLE POLICE DEPT,20210203672,Davidson,Nashville,4/11/2021 2:46:00 AM,1,1,0,36.065860,-86.686000,I 24,,,,0.00,,,,,,,57.30,N,Not at Intersection,N,Non-Junction,None,,,         ,Alex,DiBernardo,Clear,Not Collision with Motor Vehicle in Transport,no,no,no,no,no,False
102948204,METROPOLITAN NASHVILLE POLICE DEPT,20210203555,Davidson,Nashville,4/11/2021 1:10:00 AM,3,0,0,36.156270,-86.790060,I40 E EXT RAMP,,,,0.00,Feet,East,I 40,,,,0.00,N,Not at Intersection,N,Non-Junction,None,,,         ,Michael,Hodges,Clear,Angle,no,no,no,no,no,False
102948225,GOODLETTSVILLE POLICE DEPT,21-09669,Davidson,Goodlettsville,4/11/2021 1:53:00 AM,1,0,0,36.314630,-86.699020,CONFERENCE DR,,,,0.00,,,WINDSOR GREEN BLVD,,,,0.00,Y,T-Intersection,N,Intersection,None,,,         ,Austin,Herendeen,Clear,Not Collision with Motor Vehicle in Transport,no,no,no,no,no,False
102948227,METROPOLITAN NASHVILLE POLICE DEPT,20210203733,Davidson,Goodlettsville,4/11/2021 12:42:00 AM,1,0,0,36.299320,-86.697450,GALLATIN PKEN,,,,0.00,,,,,,,0.00,,,N,Non-Junction,None,,,         ,Patrick,McGinnis,Clear,Not Collision with Motor Vehicle in Transport,no,no,no,no,yes,False
102948231,METROPOLITAN NASHVILLE POLICE DEPT,20210203776,Davidson,Nashville,4/11/2021 12:00:00 AM,1,0,0,36.145380,-86.758960,LEWIS ST,,,,158.00,Feet,North,N HILL ST,,,,0.00,N,Not at Intersection,N,Non-Junction,None,,,         ,Alex,DiBernardo,Clear,Not Collision with Motor Vehicle in Transport,no,no,no,no,yes,False
102948238,METROPOLITAN NASHVILLE POLICE DEPT,20210203705,Davidson,Nashville,4/11/2021 3:17:00 AM,3,4,0,36.167500,-86.765350,I 24,,,,0.00,,,,,,,48.90,N,Not at Intersection,N,Non-Junction,None,,,         ,Devyn,Hollinsworth,Clear,Angle,no,no,no,no,no,False
102948252,METROPOLITAN NASHVILLE POLICE DEPT,20210203697,Davidson,Nashville,4/11/2021 3:09:00 AM,2,2,0,36.066670,-86.717940,NORTHCREST DR,,,,0.00,Feet,,NOLENSVILLE PKE,,,,0.00,Y,Four-Way,N,Intersection,None,,,         ,Henry,Perez,Clear,Angle,no,no,no,no,no,False
102948260,METROPOLITAN NASHVILLE POLICE DEPT,20210203682,Davidson,Nashville,4/11/2021 12:00:00 AM,2,3,0,36.079600,-86.726320,NOLENSVILLE PKE,,,,0.00,,,HARDING PL,,,,0.00,Y,Four-Way,Y,Intersection,None,,,         ,Ricardo,Cruz,Clear,Angle,no,no,no,no,yes,False
102948262,GOODLETTSVILLE POLICE DEPT,21-09543,Davidson,Goodlettsville,4/9/2021 5:15:00 PM,2,0,0,36.322270,-86.713120,LONG HOLLOW PKE,,,,58.00,Feet,East,S MAIN ST,,,,0.00,N,Not at Intersection, ,Non-Junction,None,,,         ,Rico,Jones,Clear,Front to Rear,no,no,no,no,no,False
102948264,GOODLETTSVILLE POLICE DEPT,21-09617,Davidson,Goodlettsville,4/10/2021 9:31:00 AM,2,0,0,36.298560,-86.712850,I 65,,,,0.00,,,,,,,95.00,N,Not at Intersection,N,Non-Junction,None,,,         ,Brian,Hajdu,Cloudy,"Sideswipe, Same Direction",no,no,no,no,yes,False
102948278,METROPOLITAN NASHVILLE POLICE DEPT,20210203666,Davidson,Nashville,4/11/2021 2:04:00 AM,2,1,0,36.148820,-86.666280,DONELSON PKE,,,,3.00,Feet,North,ELM HILL PKE,,,,0.00,N,Not at Intersection,N,Non-Junction,None,,,         ,Amy,Hirschmann,Clear,Angle,no,no,no,no,yes,False
102948284,METROPOLITAN NASHVILLE POLICE DEPT,20210198008,Davidson,Nashville,4/8/2021 9:04:00 AM,6,2,0,36.216410,-86.623410,OLD HICKORY BLVD,,,,134.00,Feet,South,2ND ST,,,,0.00,N,Not at Intersection,N,Non-Junction,None,,,         ,Lynsie,Smith,Cloudy,Front to Rear,no,no,no,no,yes,False
102948341,METROPOLITAN NASHVILLE POLICE DEPT,20210203899,Davidson,Nashville,4/11/2021 12:00:00 AM,1,0,0,36.108630,-86.840730,DORCAS DR,,,,360.00,Feet,North,COPELAND DR,,,,0.00,N,Not at Intersection,N,Non-Junction,None,,,         ,Bradley,Pope,Unknown,Not Collision with Motor Vehicle in Transport,no,no,no,no,yes,False
102948342,METROPOLITAN NASHVILLE POLICE DEPT,20210203951,Davidson,Nashville,4/10/2021 11:00:00 PM,1,0,0,36.235750,-86.774830,MOOREWOOD DR,,,,96.00,Feet,East,WILMOTH RD,,,,0.00,N,Not at Intersection,N,Non-Junction,None,,,         ,Michael,McCord,Unknown,Not Collision with Motor Vehicle in Transport,no,no,no,no,yes,False
102948398,METROPOLITAN NASHVILLE POLICE DEPT,20210204031,Davidson,Nashville,4/11/2021 9:25:00 AM,2,1,0,36.130500,-86.715990,MURFREESBORO PKE,,,,360.00,Feet,East,FOOTHILL DR,,,,0.00,N,Not at Intersection,N,Non-Junction,None,,,         ,MIchael,Mihajlov,Clear,Front to Rear,no,no,no,no,no,False
102948407,METROPOLITAN NASHVILLE POLICE DEPT,20210203977,Davidson,Nashville,4/11/2021 8:36:00 AM,2,1,0,36.140980,-86.718650,I 40,,,,0.00,,,,,,,213.70,N,Not at Intersection,N,Non-Junction,None,,,         ,Eric,Cunningham,Clear,Angle,no,no,no,no,no,False