master_record_number,agency,agency_tracking_number,county,city,collision_date,vehicles_involved,number_injured,number_dead,latitude,longitude,roadway_name,roadway_suffix,roadway_number,roadway_local_id,distance_from_reference,miles-feet_indicator,direction_from_reference,intersection_road_name,intersection_road_name_suffix,intersection_road_number,intersection_local_id,mile_marker,intersection_indicator,intersect_type,interchange_related_indicator,relation_to_junction,work_zone_type,construction_maintenance_zone,construction_maintenance_zone_location,fatal_case_number,officer_first_name,officer_last_name,weather_condition(s),manner_of_crash,pedestrian,bicycle,scooter,parking,hitrun,mou
102953067,METROPOLITAN NASHVILLE POLICE DEPT,20210214288,Davidson,Nashville,4/16/2021 1:10:00 PM,2,0,0,36.176370,-86.768850,-- UNKNOWN RAMP/ROAD --,,,,0.00,,,US HWY 31W,,,,0.00,Y,OTHER, ,,None,,,         ,Nathan,Mayo,,,no,no,no,no,no,False
102953115,METROPOLITAN NASHVILLE POLICE DEPT,20210214209,Davidson,Nashville,4/16/2021 1:00:00 PM,2,1,0,36.157880,-86.664790,DONELSON PKE,,,,487.00,Feet,North,EMERY DR,,,,0.00,N,Not at Intersection,N,Non-Junction,None,,,         ,Michael,Brooks,Clear,"Sideswipe, Same Direction",no,no,no,no,no,False
102953119,METROPOLITAN NASHVILLE POLICE DEPT,20210214311,Davidson,Nashville,4/16/2021 12:00:00 AM,2,1,0,36.235970,-86.667190,NAWAKWA TRL,,,,745.00,Feet,West,BRANNOM DR,,,,0.00,N,Not at Intersection,N,Non-Junction,None,,,         ,Wesley,Mcclelland,Clear,Angle,no,no,no,no,no,False
102953124,METROPOLITAN NASHVILLE POLICE DEPT,20210214297,Davidson,Nashville,4/16/2021 2:06:00 PM,2,0,0,36.198250,-86.751920,ELLINGTON PKWYN,,,,349.00,Feet,West,ELLINGTON PKWYS,,,,0.00,N,Not at Intersection, ,Non-Junction,None,,,         ,Brandon,O'Guin,Clear,Front to Rear,no,no,no,no,no,False
102953153,GOODLETTSVILLE POLICE DEPT,21-10151,Davidson,Goodlettsville,4/16/2021 6:25:00 AM,2,1,0,36.296790,-86.714920,I 65,,,,0.00,,,,,,,94.85,N,Not at Intersection,N,Non-Junction,None,,,         ,George,Henry,Clear,"Sideswipe, Same Direction",no,no,no,no,yes,False
102953157,METROPOLITAN NASHVILLE POLICE DEPT,20210214324,Davidson,Nashville,4/16/2021 2:33:00 PM,2,1,0,36.193480,-86.754940,DOUGLAS AV,,,,330.00,Feet,East,MONTGOMERY AV,,,,0.00,N,Not at Intersection,N,Non-Junction,None,,,         ,Jeremy,Smith,Clear,"Sideswipe, Same Direction",no,no,no,no,no,False
102953187,METROPOLITAN NASHVILLE POLICE DEPT,20210214354,Davidson,Nashville,4/16/2021 2:54:00 PM,3,1,0,36.161310,-86.793330,I 40,,,,0.00,,,,,,,208.70,N,Not at Intersection,N,Non-Junction,None,,,         ,Andrey,Volfson,Cloudy,Front to Rear,no,no,no,no,no,False
102953203,METROPOLITAN NASHVILLE POLICE DEPT,20210214388,Davidson,Not in City Limit,4/16/2021 3:56:00 PM,2,0,0,36.260250,-86.678950,BUBBLING WELL RD,,,,0.00,,,SANDHURST DR,,,,0.00,Y,Four-Way, ,Intersection,None,,,         ,Christopher,Littles,Cloudy,Not Collision with Motor Vehicle in Transport,no,no,no,no,yes,False
102953204,METROPOLITAN NASHVILLE POLICE DEPT,20210214466,Davidson,Not in City Limit,4/16/2021 3:56:00 PM,2,1,0,36.260370,-86.712860,HICKORY ST,,,,0.00,,,GALLATIN PKES,,,,0.00,Y,T-Intersection,N,Intersection,None,,,         ,Christopher,Littles,Cloudy,Angle,no,no,no,no,yes,False
102953211,METROPOLITAN NASHVILLE POLICE DEPT,20210214325,Davidson,Nashville,4/16/2021 3:00:00 PM,2,1,0,36.143960,-86.722570,ELM HILL PKE,,,,0.00,,,SPENCE LN,,,,0.00,Y,Four-Way,N,Intersection,None,,,         ,Phillip,Burke,Clear,Front to Rear,no,no,no,no,yes,False
102953239,BELLE MEADE POLICE DEPT,21-0088,Davidson,Belle Meade,4/16/2021 3:18:00 PM,2,0,0,36.120760,-86.853390,HARDING PKE,,,,20.00,Feet,West,GARDNER DR,,,,0.00,N,Not at Intersection, ,Non-Junction,None,,,         ,Wes,Bowker,,Front to Rear,no,no,no,no,no,False
102953254,METROPOLITAN NASHVILLE POLICE DEPT,20210214536,Davidson,Nashville,4/16/2021 3:36:00 PM,2,0,0,36.170500,-86.679700,MCGAVOCK PKE,,,,401.00,Feet,South,PARK DR,,,,0.00,N,Not at Intersection, ,,None,,,         ,Evan,Grace,,,no,no,no,yes,no,False
102953272,METROPOLITAN NASHVILLE POLICE DEPT,20210214582,Davidson,Nashville,4/16/2021 5:04:00 PM,2,0,0,36.206170,-86.768510,DICKERSON PKE,,,,109.00,Feet,North,E TRINITY LN,,,,0.00,N,Not at Intersection,N,Non-Junction,None,,,         ,Jeremy,Smith,Clear,Angle,no,no,no,no,yes,False
102953273,METROPOLITAN NASHVILLE POLICE DEPT,20210214505,Davidson,Nashville,4/16/2021 4:13:00 PM,4,3,0,36.161490,-86.760390,I 24,,,,0.00,,,,,,,49.40,N,Not at Intersection,N,Non-Junction,None,,,         ,Adam,Warren,Clear,Front to Rear,no,no,no,no,no,False
102953279,METROPOLITAN NASHVILLE POLICE DEPT,20210214565,Davidson,Nashville,4/16/2021 12:00:00 AM,2,1,0,36.171790,-86.764740,S 5TH ST,,,,18.00,Feet,South,WOODLAND ST,,,,0.00,N,Not at Intersection,N,Non-Junction,None,,,         ,Maccio,Hightower,Clear,Front to Rear,no,no,no,no,yes,False
102953281,METROPOLITAN NASHVILLE POLICE DEPT,20210214563,Davidson,Nashville,4/16/2021 4:55:00 PM,2,0,0,36.130420,-86.801940,21ST AVS,,,,13.00,Feet,North,BLAIR BLVD,,,,0.00,N,Not at Intersection,N,Non-Junction,None,,,         ,David,Rehm,Cloudy,Angle,no,no,no,no,yes,False
102953321,VANDERBILT UNIVERSITY POLICE,20210214396,Davidson,Nashville,4/16/2021 2:53:00 PM,1,0,0,36.142240,-86.800820,MEDICAL CENTER DR,,,,0.00,,,,,,,0.00,,, ,,None,,,         ,Yarrish,Hammons,,,yes,no,no,yes,no,Campus
102953330,METROPOLITAN NASHVILLE POLICE DEPT,20210214631,Davidson,Nashville,4/16/2021 5:39:00 PM,3,3,0,36.152080,-86.845600,CHARLOTTE AV,,,,113.00,Feet,East,49TH AVN,,,,0.00,N,Not at Intersection,N,Non-Junction,None,,,         ,Je-Marc,Sears,Clear,Front to Rear,no,no,no,no,no,False
102953341,METROPOLITAN NASHVILLE POLICE DEPT,20210214787,Davidson,Nashville,4/16/2021 7:00:00 PM,2,0,0,36.193330,-86.776230,I 24,,,,0.00,,,,,,,46.65,N,Not at Intersection,N,Non-Junction,None,,,         ,Mathew,Clement,Clear,Front to Rear,no,no,no,no,yes,False
102953353,METROPOLITAN NASHVILLE POLICE DEPT,20210214462,Davidson,Not in City Limit,4/16/2021 12:00:00 AM,2,0,0,36.266170,-86.756830,DICKERSON PKE,,,,282.00,Feet,South,DARBYTOWN DR,,,,0.00,N,Not at Intersection,N,Non-Junction,None,,,         ,Wesley,Carver,Clear,Angle,no,no,no,no,no,False
102953357,METROPOLITAN NASHVILLE POLICE DEPT,20210214378,Davidson,Nashville,4/16/2021 3:01:00 PM,2,0,0,36.087790,-86.691350,HARDING PL,,,,285.00,Feet,East,ANTIOCH PKE,,,,0.00,N,Not at Intersection,N,Non-Junction,None,,,         ,Robert,Higgins,Clear,Angle,no,no,no,no,no,False
102953358,METROPOLITAN NASHVILLE POLICE DEPT,20210214621,Davidson,Nashville,4/16/2021 5:30:00 PM,3,1,0,36.049280,-86.651730,HICKORY HOLLOW LN,,,,0.00,,,BELL RD,,,,0.00,Y,Four-Way,N,Intersection,None,,,         ,Robert,Higgins,Clear,Angle,no,no,no,no,no,False
102953393,METROPOLITAN NASHVILLE POLICE DEPT,20210214827,Davidson,Nashville,4/16/2021 7:16:00 PM,2,0,0,36.141090,-86.817180,WEST END AV,,,,44.00,Feet,South,33RD AVS,,,,0.00,N,Not at Intersection, ,Non-Junction,None,,,         ,Matthew,Hogan,Clear,"Sideswipe, Same Direction",no,no,no,no,yes,False
102953398,METROPOLITAN NASHVILLE POLICE DEPT,20210214843,Davidson,Nashville,4/16/2021 7:30:00 PM,2,1,0,36.044850,-86.663020,BELL RD,,,,443.00,Feet,West,CANE RIDGE RD,,,,0.00,N,Not at Intersection,N,Non-Junction,None,,,         ,Josh,Lauton,Clear,Front to Rear,no,no,no,no,no,False
102953432,METROPOLITAN NASHVILLE POLICE DEPT,20210214986,Davidson,Not in City Limit,4/16/2021 8:29:00 PM,2,0,0,36.277210,-86.794810,OLD HICKORY BLVD,,,,417.00,Feet,East,HICKORY HILLS BLVD,,,,0.00,N,Not at Intersection,N,Non-Junction,None,,,         ,Christopher,Littles,Cloudy,"Sideswipe, Same Direction",no,no,no,yes,yes,False
102953437,METROPOLITAN NASHVILLE POLICE DEPT,20210214937,Davidson,Nashville,4/16/2021 12:00:00 AM,2,0,0,36.156700,-86.780730,8TH AVS,,,,74.00,Feet,South,DEMONBREUN ST,,,,0.00,N,Not at Intersection, ,Non-Junction,None,,,         ,Trevor,Taylor,,"Sideswipe, Same Direction",no,no,no,no,no,False
102953451,METROPOLITAN NASHVILLE POLICE DEPT,20210214880,Davidson,Not in City Limit,4/16/2021 7:52:00 PM,2,0,0,36.263860,-86.687680,STATE RT 45,,,,164.00,Feet,West,ARCHWOOD DR,,,,0.00,N,Not at Intersection,N,Non-Junction,None,,,         ,Forrest,Punke,Clear,Not Collision with Motor Vehicle in Transport,no,no,no,no,yes,False
102953576,METROPOLITAN NASHVILLE POLICE DEPT,20210215095,Davidson,Nashville,4/16/2021 10:00:00 PM,2,0,0,36.130170,-86.900780,CABOT DR,,,,37.00,Feet,North,CHARLOTTE PKE,,,,0.00,N,Not at Intersection,N,Non-Junction,None,,,         ,Ryan,Papp,Clear,Angle,no,no,no,no,no,False
102953600,METROPOLITAN NASHVILLE POLICE DEPT,20210215010,Davidson,Nashville,4/16/2021 9:06:00 PM,2,2,0,36.210920,-86.733110,GREENFIELD AV,,,,0.00,,,GALLATIN PKE,,,,0.00,Y,T-Intersection,N,Intersection,None,,,         ,Zachary,Aldrich,Clear,Angle,no,no,no,no,no,False
102953611,METROPOLITAN NASHVILLE POLICE DEPT,20210214960,Davidson,Nashville,4/16/2021 12:00:00 AM,1,0,0,36.056150,-86.677280,SHIHMEN DR,,,,164.00,Feet,North,TOMARAND CT,,,,0.00,N,Not at Intersection,N,Non-Junction,None,,,         ,John,Braun,Clear,Not Collision with Motor Vehicle in Transport,no,no,no,yes,yes,False
102953624,METROPOLITAN NASHVILLE POLICE DEPT,20210215269,Davidson,Nashville,4/16/2021 11:39:00 PM,3,3,0,36.077660,-86.642150,MURFREESBORO PKE,,,,278.00,Feet,West,DOVER GLEN PVTDR,,,,0.00,N,Not at Intersection,N,Non-Junction,None,,,         ,Garrett,Latham,Clear,Front to Rear,no,no,no,no,no,False
102953661,METROPOLITAN NASHVILLE POLICE DEPT,20210215225,Davidson,Nashville,4/16/2021 11:14:00 PM,2,1,0,36.085330,-86.701320,I24 E ENT RAMP,,,,0.00,,,I 24,,,,0.00,Y,Y-Intersection,Y,Entrance/Exit Ramp Related,None,,,         ,Kaleigh,Pearce,Clear,Front to Rear,no,no,no,no,yes,False
102953687,METROPOLITAN NASHVILLE POLICE DEPT,20210215192,Davidson,Nashville,4/16/2021 10:48:00 PM,3,1,0,36.164280,-86.772320,TITANS WAY,,,,79.00,Feet,North,VICTORY AV,,,,0.00,N,Not at Intersection,N,Non-Junction,None,,,         ,Seth,Quiles,Clear,Angle,no,no,no,no,no,False
102953689,METROPOLITAN NASHVILLE POLICE DEPT,20210215228,Davidson,Not in City Limit,4/16/2021 8:49:00 PM,1,0,0,36.022550,-86.690600,BLACKPOOL DR,,,,155.00,Feet,North,BODDINGTON LN,,,,0.00,N,Not at Intersection,N,Non-Junction,None,,,         ,Lisa,Beck,Clear,Not Collision with Motor Vehicle in Transport,no,no,no,yes,yes,False
102953690,METROPOLITAN NASHVILLE POLICE DEPT,20210215098,Davidson,Nashville,4/16/2021 9:30:00 PM,2,0,0,36.241280,-86.771600,LEONDALE TER,,,,327.00,Feet,West,STOCKDALE LN,,,,0.00,N,Not at Intersection,N,Non-Junction,None,,,         ,Dylan,Bradley,Clear,HeadOn,no,no,no,yes,yes,False
102953692,GOODLETTSVILLE POLICE DEPT,21-10194,Davidson,Goodlettsville,4/16/2021 7:44:00 PM,2,2,0,36.323590,-86.705970,LONG HOLLOW PKE,,,,0.00,Feet,,I65 S ENT RAMP,,,,0.00,Y,Four-Way,Y,Intersection,None,,,         ,Nicholas,Given,Clear,HeadOn,no,no,no,no,no,False
102953693,METROPOLITAN NASHVILLE POLICE DEPT,20210215384,Davidson,Nashville,4/16/2021 10:31:00 PM,2,0,0,36.050630,-86.706730,ASH GROVE DR,,,,316.00,Feet,East,HICKORY VALLEY CONDOS PVTDR,,,,0.00,N,Not at Intersection,N,Non-Junction,None,,,         ,Robert,Leverick,Clear,"Sideswipe, Opposite Direction",no,no,no,no,no,False
102953694,METROPOLITAN NASHVILLE POLICE DEPT,20210215386,Davidson,Nashville,4/17/2021 12:00:00 AM,2,0,0,36.143010,-86.651140,ELM HILL PKE,,,,15.00,Feet,West,NEILWORTH LN,,,,0.00,N,Not at Intersection,N,Non-Junction,None,,,         ,Bryson,Wilkins,Clear,Front to Rear,no,no,no,no,yes,False
102953695,METROPOLITAN NASHVILLE POLICE DEPT,20210215394,Davidson,Nashville,4/17/2021 12:54:00 AM,2,0,0,36.037380,-86.710260,CARL MILLER DR,,,,139.00,Feet,North,MONTE LEONE CT,,,,0.00,N,Not at Intersection,N,Non-Junction,None,,,         ,Holly,Davis,Clear,Front to Rear,no,no,no,no,yes,False
102953700,METROPOLITAN NASHVILLE POLICE DEPT,20210215411,Davidson,Nashville,4/17/2021 1:08:00 AM,1,0,0,36.132840,-86.696350,BRILEY PKWYS,,,,115.00,Feet,South,BRILEY PKWY S EXT RAMP,,,,0.00,N,Not at Intersection,N,Non-Junction,None,,,         ,Bridget,Griepentrog,Clear,Not Collision with Motor Vehicle in Transport,no,no,no,no,yes,False
102953714,METROPOLITAN NASHVILLE POLICE DEPT,20210215487,Davidson,Nashville,4/17/2021 1:57:00 AM,1,0,0,36.051450,-86.688910,OCALA DR,,,,328.00,Feet,East,ROBERT YOEST DR,,,,0.00,N,Not at Intersection,N,Non-Junction,None,,,         ,Holly,Davis,Clear,Not Collision with Motor Vehicle in Transport,no,no,no,no,yes,False
102953718,METROPOLITAN NASHVILLE POLICE DEPT,20210215460,Davidson,Not in City Limit,4/17/2021 1:30:00 AM,1,0,0,36.256940,-86.721770,NORMAN DR,,,,0.00,,,DONNA DR,,,,0.00,Y,T-Intersection,N,Intersection,None,,,         ,Justan,Vance,Clear,Not Collision with Motor Vehicle in Transport,no,no,no,no,yes,False
102953721,METROPOLITAN NASHVILLE POLICE DEPT,20210215567,Davidson,Nashville,4/17/2021 3:05:00 AM,2,1,0,36.087410,-86.730780,NOLENSVILLE PKE,,,,255.00,Feet,North,ELYSIAN FIELDS CT,,,,0.00,N,Not at Intersection,N,Non-Junction,None,,,         ,Jonathan,Handley,Cloudy,Angle,no,no,no,yes,no,False
102953722,METROPOLITAN NASHVILLE POLICE DEPT,20210215548,Davidson,Nashville,4/17/2021 2:50:00 AM,1,0,0,36.088960,-86.614900,CASTLEGATE DR,,,,0.00,,,,,,,0.00,,,N,Intersection,None,,,         ,Richard,Luellen,Clear,Not Collision with Motor Vehicle in Transport,no,no,no,no,no,False
102953723,METROPOLITAN NASHVILLE POLICE DEPT,20210215440,Davidson,Nashville,4/16/2021 12:00:00 AM,3,0,0,36.132440,-86.778290,BENTON AV,,,,228.00,Feet,West,GRANTLAND AV,,,,0.00,N,Not at Intersection,N,Non-Junction,None,,,         ,Henry,Perez,Clear,HeadOn,no,no,no,no,yes,False
102953726,METROPOLITAN NASHVILLE POLICE DEPT,20210215550,Davidson,Nashville,4/17/2021 2:52:00 AM,2,0,0,36.049980,-86.649500,MT VIEW RD,,,,0.00,,,BELL RD,,,,0.00,Y,Four-Way,N,Intersection-Related,None,,,         ,Holly,Davis,Clear,Front to Rear,no,no,no,no,no,False
102953746,METROPOLITAN NASHVILLE POLICE DEPT,20210215597,Davidson,Not in City Limit,4/17/2021 3:51:00 AM,2,1,0,36.264220,-86.727930,OLD HICKORY BLVDW,,,,225.00,Feet,West,E MARTHONA RD,,,,0.00,N,Not at Intersection,N,Non-Junction,None,,,         ,Jonathon,Sheppard,Clear,Angle,no,no,no,no,no,False
102953756,METROPOLITAN NASHVILLE POLICE DEPT,20210215569,Davidson,Goodlettsville,4/17/2021 2:45:00 AM,2,0,0,36.290940,-86.722070,I 65,,,,0.00,,,,,,,94.30,N,Not at Intersection,N,Non-Junction,None,,,         ,Justan,Vance,Clear,Angle,no,no,no,no,no,False
102953771,METROPOLITAN NASHVILLE POLICE DEPT,20210215419,Davidson,Nashville,4/17/2021 12:00:00 AM,1,0,0,36.170380,-86.758490,S 7TH ST,,,,0.00,,,BOSCOBEL ST,,,,0.00,Y,Four-Way, ,Non-Junction,None,,,         ,Shaquille,Graham,Clear,Not Collision with Motor Vehicle in Transport,no,no,no,no,no,False
102953787,METROPOLITAN NASHVILLE POLICE DEPT,20210215407,Davidson,Not in City Limit,4/17/2021 1:04:00 AM,2,1,0,36.022710,-86.630040,I 24,,,,0.00,,,,,,,61.80,N,Not at Intersection,N,Non-Junction,None,,,         ,Lisa,Beck,Clear,Front to Rear,no,no,no,no,no,False
102953802,METROPOLITAN NASHVILLE POLICE DEPT,20210215549,Davidson,Nashville,4/17/2021 2:45:00 AM,1,1,0,36.097200,-86.861100,WESTOVER AV,,,,43.00,Feet,South,BLACKBURN AV,,,,0.00,N,Not at Intersection,N,Non-Junction,None,,,         ,Jonathan,Phipps,Clear,Not Collision with Motor Vehicle in Transport,no,no,no,no,no,False
102953806,METROPOLITAN NASHVILLE POLICE DEPT,20210215655,Davidson,Nashville,4/17/2021 4:54:00 AM,1,2,0,36.154080,-86.758580,I40 E ENT RAMP,,,,0.00,,,I 40,,,,0.00,Y,Y-Intersection,N,Non-Junction,None,,,         ,Richard,Luellen,Cloudy,Not Collision with Motor Vehicle in Transport,no,no,no,no,no,False
102953807,METROPOLITAN NASHVILLE POLICE DEPT,20210215646,Davidson,Not in City Limit,4/17/2021 12:00:00 AM,2,0,0,36.002170,-86.692240,CONCORD HILLS DR,,,,93.00,Feet,North,CALISTOGA WAY,,,,0.00,N,Not at Intersection,N,Non-Junction,None,,,         ,McKenzie,Harper,Cloudy,"Sideswipe, Same Direction",no,no,no,no,yes,False
102953849,METROPOLITAN NASHVILLE POLICE DEPT,20210196545,Davidson,Nashville,4/7/2021 3:52:00 PM,2,0,0,36.107190,-86.629800,BELL RD,,,,3.00,Feet,North,NED SHELTON RD,,,,0.00,N,Not at Intersection, ,Non-Junction,None,,,         ,Scott,Carter,Clear,"Sideswipe, Opposite Direction",no,no,no,no,yes,False
102953861,METROPOLITAN NASHVILLE POLICE DEPT,20210214814,Davidson,Nashville,4/16/2021 7:18:00 PM,3,0,0,36.085570,-86.699660,I 24,,,,0.00,,,,,,,55.75,N,Not at Intersection,N,Non-Junction,Construction Zone,Laneclosure,Activity Area,         ,Robert,Higgins,Clear,Front to Rear,no,no,no,no,yes,False
102953878,METROPOLITAN NASHVILLE POLICE DEPT,20210215837,Davidson,Nashville,4/17/2021 8:46:00 AM,2,1,0,36.045260,-86.717040,OLD HICKORY BLVD,,,,0.00,Feet,,HICKORY PLZ,,,,0.00,Y,T-Intersection,N,Intersection-Related,None,,,         ,Brent,Bauer,Cloudy,Angle,no,no,no,no,yes,False
102953892,METROPOLITAN NASHVILLE POLICE DEPT,20210215715,Davidson,Nashville,4/17/2021 6:02:00 AM,2,0,0,36.073270,-86.669330,TERRAGON TRL,,,,307.00,Feet,West,LONG BR,,,,0.00,N,Not at Intersection,N,Non-Junction,None,,,         ,Marcus,Darden,Clear,"Sideswipe, Opposite Direction",no,no,no,no,yes,False
102953921,METROPOLITAN NASHVILLE POLICE DEPT,20210215889,Davidson,Nashville,4/17/2021 9:09:00 AM,2,0,0,36.174280,-86.787420,5TH AVN,,,,0.00,,,JEFFERSON ST,,,,0.00,Y,Four-Way, ,Intersection,None,,,         ,James,Harben,Clear,"Sideswipe, Same Direction",no,no,no,no,no,False
102953966,METROPOLITAN NASHVILLE POLICE DEPT,20210215937,Davidson,Nashville,4/17/2021 10:41:00 AM,2,2,0,36.211600,-86.732600,GALLATIN PIKE,,,,0.00,Feet,,GALLATIN PIKE,,SR,,0.00,Y,Four-Way,N,Intersection,None,,,         ,Faye,Denson,Clear,Angle,no,no,no,no,no,False
102953970,METROPOLITAN NASHVILLE POLICE DEPT,20210215847,Davidson,Nashville,4/17/2021 8:46:00 AM,2,0,0,36.147450,-86.816290,31ST AVN,,,,220.00,Feet,South,29TH AVN,,,,0.00,N,Not at Intersection,N,Non-Junction,None,,,         ,Cynthia,Quirouette,Cloudy,"Sideswipe, Same Direction",no,no,no,no,yes,False
102954022,METROPOLITAN NASHVILLE POLICE DEPT,20210215945,Davidson,Not in City Limit,4/17/2021 10:54:00 AM,2,1,0,36.276350,-86.695930,MAY CTS,,,,0.00,Feet,East,MAY DR,,,,0.00,N,Not at Intersection,N,Non-Junction,None,,,         ,Joshua,Murray,Cloudy,"Sideswipe, Same Direction",no,no,no,no,no,False
102954088,METROPOLITAN NASHVILLE POLICE DEPT,20210215948,Davidson,Nashville,4/17/2021 10:52:00 AM,3,0,0,36.191750,-86.772730,RICHARDSON AV,,,,0.00,,,DICKERSON PKE,,,,0.00,Y,Four-Way,N,Non-Junction,None,,,         ,Matthew,Herod,Cloudy,Angle,no,no,no,no,yes,False
102954096,METROPOLITAN NASHVILLE POLICE DEPT,20210216068,Davidson,Not in City Limit,4/17/2021 12:50:00 PM,2,1,0,36.318370,-86.842560,I 24,,,,0.00,,,,,,,36.60,N,Not at Intersection,N,Non-Junction,None,,,         ,Alquavious,McDaniel,Cloudy,Front to Rear,no,no,no,no,yes,False
102954138,GOODLETTSVILLE POLICE DEPT,21-10224,Davidson,Goodlettsville,4/17/2021 10:55:00 AM,2,0,0,36.322260,-86.713310,S MAIN ST,,,,0.00,,,LONG HOLLOW PKE,,,,0.00,Y,T-Intersection, ,Intersection,None,,,         ,George,Henry,Cloudy,Angle,no,no,no,no,no,False
102954142,METROPOLITAN NASHVILLE POLICE DEPT,20210216042,Davidson,Goodlettsville,4/17/2021 12:58:00 PM,4,2,0,36.305490,-86.687820,GALLATIN PKEN,,,,132.00,Feet,West,NORTHSIDE FESTIVAL PVTDR,,,,0.00,N,Not at Intersection,N,Non-Junction,None,,,         ,Michael,McCord,Cloudy,Front to Rear,no,no,no,no,no,False
102954184,METROPOLITAN NASHVILLE POLICE DEPT,20210216060,Davidson,Nashville,4/17/2021 1:27:00 PM,2,0,0,36.110180,-86.744830,COLLIER AV,,,,0.00,Feet,East,NOLENSVILLE PKE,,,,0.00,N,Not at Intersection, ,Non-Junction,None,,,         ,Cecelia,Brown,Clear,Angle,no,no,no,no,no,False
102954185,METROPOLITAN NASHVILLE POLICE DEPT,20210216081,Davidson,Nashville,4/17/2021 2:06:00 PM,2,1,0,36.121570,-86.750500,NOLENSVILLE PKE,,,,65.00,Feet,South,I440 E EXT RAMP,,,,0.00,N,Not at Intersection,N,Non-Junction,None,,,         ,Tony,Folad,Clear,Front to Rear,no,no,no,no,no,False
102954235,METROPOLITAN NASHVILLE POLICE DEPT,20210216131,Davidson,Nashville,4/17/2021 2:40:00 PM,2,0,0,36.187950,-86.607770,OLD LEBANON DIRT RD,,,,0.00,,,ANDREW JACKSON PKWY,,,,0.00,Y,Four-Way,N,Intersection,None,,,         ,Donovan,Coble,Cloudy,Angle,no,no,no,no,no,False
102954261,METROPOLITAN NASHVILLE POLICE DEPT,20210216187,Davidson,Nashville,4/17/2021 12:26:00 PM,2,0,0,36.127100,-86.708240,THOMPSON PL,,,,296.00,Feet,West,PATRICIA DR,,,,0.00,N,Not at Intersection,N,Non-Junction,None,,,         ,Joshua,Zambrano-Vera,Cloudy,"Sideswipe, Opposite Direction",no,no,no,yes,yes,False
102954264,METROPOLITAN NASHVILLE POLICE DEPT,20210216125,Davidson,Not in City Limit,4/17/2021 2:30:00 PM,2,0,0,36.264070,-86.690290,STATE RT 45,,,,0.00,,,MYATT DR,,,,0.00,Y,Four-Way,Y,Intersection-Related,None,,,         ,Derek,Sibley,Cloudy,Angle,no,no,no,no,yes,False
102954269,METROPOLITAN NASHVILLE POLICE DEPT,20210216194,Davidson,Nashville,4/17/2021 2:30:00 PM,2,0,0,36.159410,-86.780910,BROADWAY,,,,0.00,,,7TH AVN,,,,0.00,Y,Four-Way, ,Intersection,None,,,         ,Daniel,Tomlinson,,"Sideswipe, Same Direction",no,no,no,no,no,False
102954301,METROPOLITAN NASHVILLE POLICE DEPT,20210216302,Davidson,Nashville,4/17/2021 4:45:00 PM,2,0,0,36.195400,-86.774000,FERN AV,,,,192.00,Feet,West,ELMHURST AV,,,,0.00,N,Not at Intersection,N,Non-Junction,None,,,         ,Adam,Warren,Clear,"Sideswipe, Same Direction",no,no,no,no,yes,False
102954302,METROPOLITAN NASHVILLE POLICE DEPT,20210216217,Davidson,Nashville,4/17/2021 3:08:00 PM,2,0,0,36.158480,-86.818550,28TH AVN,,,,93.00,Feet,South,CLIFTON AV,,,,0.00,N,Not at Intersection,N,Non-Junction,None,,,         ,Andrey,Volfson,Cloudy,Front to Rear,no,no,no,no,no,False
102954323,METROPOLITAN NASHVILLE POLICE DEPT,20210216204,Davidson,Nashville,4/17/2021 3:12:00 PM,2,0,0,36.246910,-86.720510,GALLATIN PKES,,,,0.00,,,,,,,0.00,,,N,Non-Junction,None,,,         ,Forrest,Punke,Cloudy,Front to Rear,no,no,no,yes,yes,False
102954324,METROPOLITAN NASHVILLE POLICE DEPT,20210216351,Davidson,Not in City Limit,4/17/2021 5:10:00 PM,1,0,0,36.054920,-86.956720,POPLAR CREEK RD,,,,900.00,Feet,West,WILLOW OAK DR,,,,0.00,N,Not at Intersection,N,Non-Junction,None,,,         ,Robert,Crow,Cloudy,Not Collision with Motor Vehicle in Transport,no,no,no,no,no,False
102954330,METROPOLITAN NASHVILLE POLICE DEPT,20210216271,Davidson,Nashville,4/17/2021 12:00:00 PM,2,0,0,36.168360,-86.814990,JEFFERSON ST,,,,303.00,Feet,West,I40 E EXT RAMP,,,,0.00,N,Not at Intersection,N,Non-Junction,None,,,         ,Hendrik,Kruger,Cloudy,Front to Rear,no,no,no,no,yes,False
102954336,METROPOLITAN NASHVILLE POLICE DEPT,20210216160,Davidson,Not in City Limit,4/17/2021 5:26:00 PM,2,0,0,36.269950,-86.736620,I 65,,,,0.00,,,,,,,92.65,N,Not at Intersection,N,Non-Junction,None,,,         ,Austin,Bowles,Cloudy,"Sideswipe, Same Direction",no,no,no,no,no,False