master_record_number,agency,agency_tracking_number,county,city,collision_date,vehicles_involved,number_injured,number_dead,latitude,longitude,roadway_name,roadway_suffix,roadway_number,roadway_local_id,distance_from_reference,miles-feet_indicator,direction_from_reference,intersection_road_name,intersection_road_name_suffix,intersection_road_number,intersection_local_id,mile_marker,intersection_indicator,intersect_type,interchange_related_indicator,relation_to_junction,work_zone_type,construction_maintenance_zone,construction_maintenance_zone_location,fatal_case_number,officer_first_name,officer_last_name,weather_condition(s),manner_of_crash,pedestrian,bicycle,scooter,parking,hitrun,mou
102954341,METROPOLITAN NASHVILLE POLICE DEPT,20210216319,Davidson,Nashville,4/17/2021 4:50:00 PM,1,0,0,36.123570,-86.710030,WINTHORNE DR,,,,123.00,Feet,East,BOWWOOD DR,,,,0.00,N,Not at Intersection,N,Non-Junction,None,,,         ,Josh,Lauton,Cloudy,Not Collision with Motor Vehicle in Transport,no,no,no,no,yes,False
102954342,METROPOLITAN NASHVILLE POLICE DEPT,20210216214,Davidson,Nashville,4/17/2021 12:00:00 AM,2,1,0,36.044240,-86.713130,BRENTWOOD EAST DR,,,,0.00,,,NOLENSVILLE PKE,,,,0.00,Y,T-Intersection,N,Intersection,None,,,         ,Darci,Stechman,Clear,Angle,no,no,no,no,no,False
102954348,METROPOLITAN NASHVILLE POLICE DEPT,20210216351,Davidson,Not in City Limit,4/17/2021 5:49:00 PM,1,0,0,36.054900,-86.958910,POPLAR CREEK RD,,,,1545.00,Feet,West,WILLOW OAK DR,,,,0.00,N,Not at Intersection, ,,None,,,         ,Robert,Crow,,,no,no,no,no,no,False
102954349,METROPOLITAN NASHVILLE POLICE DEPT,20210216374,Davidson,Nashville,4/17/2021 4:58:00 PM,2,0,0,36.168050,-86.820820,ED TEMPLE BLVD,,,,110.00,Feet,North,28TH AVN,,,,0.00,N,Not at Intersection,N,Non-Junction,None,,,         ,Anna,Clayton,Clear,"Sideswipe, Opposite Direction",no,no,no,no,yes,False
102954361,METROPOLITAN NASHVILLE POLICE DEPT,20210216230,Davidson,Nashville,4/17/2021 4:02:00 PM,2,1,0,36.170070,-86.772750,N 1ST ST,,,,0.00,,,MAIN ST,,,,0.00,Y,T-Intersection,N,Non-Junction,None,,,         ,Roy,Sain Jr.,Cloudy,Angle,no,no,no,no,no,False
102954363,METROPOLITAN NASHVILLE POLICE DEPT,20210216477,Davidson,Nashville,4/17/2021 6:46:00 PM,3,0,0,36.175860,-86.772080,I 24,,,,0.00,,,,,,,48.00,N,Not at Intersection,N,Non-Junction,None,,,         ,Gabriel,Vasquez,Clear,Front to Rear,no,no,no,no,no,False
102954364,METROPOLITAN NASHVILLE POLICE DEPT,20210216459,Davidson,Nashville,4/17/2021 5:45:00 PM,2,0,0,36.231500,-86.795630,VISTA LN,,,,7.00,Feet,South,EWING DR,,,,0.00,N,Not at Intersection,N,Non-Junction,None,,,         ,Keegan,Winchell,Clear,Angle,no,no,no,no,yes,False
102954383,METROPOLITAN NASHVILLE POLICE DEPT,20210216515,Davidson,Nashville,4/17/2021 5:57:00 PM,2,0,0,36.106500,-86.764520,POWELL AV,,,,16.00,Feet,South,POWELL PL,,,,0.00,N,Not at Intersection, ,Non-Junction,None,,,         ,Zachary,Plese,Clear,"Sideswipe, Same Direction",no,no,no,no,no,False
102954424,METROPOLITAN NASHVILLE POLICE DEPT,20210216387,Davidson,Not in City Limit,4/17/2021 5:49:00 PM,2,2,0,36.262860,-86.703390,E OLD HICKORY BLVD,,,,0.00,,,FOREST PARK RD,,,,0.00,Y,T-Intersection,Y,Intersection-Related,None,,,         ,Derek,Sibley,Cloudy,Angle,no,no,no,no,no,False
102954444,VANDERBILT UNIVERSITY POLICE,20210216329,Davidson,Nashville,4/17/2021 3:56:00 PM,1,0,0,36.140280,-86.801140,MEDICAL CENTER DR,,,,0.00,,,,,,,0.00,,,N,Non-Junction,None,,,         ,David,Taliaferro,Clear,Not Collision with Motor Vehicle in Transport,no,no,no,yes,no,Campus
102954493,METROPOLITAN NASHVILLE POLICE DEPT,20210216674,Davidson,Nashville,4/17/2021 7:24:00 PM,2,0,0,36.076270,-86.727480,EDMONDSON PKE,,,,641.00,Feet,West,PROVIDENCE HTS,,,,0.00,N,Not at Intersection, ,,None,,,         ,Darci,Stechman,,,no,no,no,no,no,False
102954511,METROPOLITAN NASHVILLE POLICE DEPT,20210216648,Davidson,Nashville,4/17/2021 8:35:00 PM,2,0,0,36.151480,-86.799100,WEST END AV,,,,79.00,Feet,East,20TH AVN,,,,0.00,N,Not at Intersection,N,Non-Junction,None,,,         ,Travis,Pemberton,Clear,"Sideswipe, Same Direction",no,no,no,no,no,False
102954527,METROPOLITAN NASHVILLE POLICE DEPT,20210216531,Davidson,Nashville,4/17/2021 4:59:00 PM,2,0,0,36.086590,-86.648470,MURFREESBORO PKE,,,,131.00,Feet,South,NASHBORO BLVD,,,,0.00,N,Not at Intersection, ,Non-Junction,None,,,         ,Joshua,Zambrano-Vera,Cloudy,Front to Rear,no,no,no,no,no,False
102954540,METROPOLITAN NASHVILLE POLICE DEPT,20210216675,Davidson,Nashville,4/17/2021 9:07:00 PM,2,2,0,36.106510,-86.673760,MURFREESBORO PKE,,,,233.00,Feet,West,DONELSON PKE,,,,0.00,N,Not at Intersection,N,Non-Junction,None,,,         ,Rami,Rouhi,,Front to Rear,no,no,no,no,no,False
102954543,METROPOLITAN NASHVILLE POLICE DEPT,20210216582,Davidson,Nashville,4/17/2021 7:55:00 PM,4,2,0,36.233560,-86.724820,GALLATIN PKE,,,,0.00,,,JOYCE LN,,,,0.00,Y,Four-Way,N,Intersection,None,,,         ,Zachary,Aldrich,Clear,Front to Rear,no,no,no,no,no,False
102954560,METROPOLITAN NASHVILLE POLICE DEPT,20210216680,Davidson,Not in City Limit,4/17/2021 9:09:00 PM,1,0,0,36.295200,-86.853570,WHITES CREEK PKE,,,,337.00,Feet,North,SEYMOUR HOLLOW RD,,,,0.00,N,Not at Intersection,N,Non-Junction,None,,,         ,Alec,Pellissier,Clear,Not Collision with Motor Vehicle in Transport,no,no,no,no,no,False
102954561,METROPOLITAN NASHVILLE POLICE DEPT,20210216758,Davidson,Antioch,4/17/2021 8:33:00 PM,2,0,0,36.055150,-86.598840,HOBSON PKE,,,,1509.00,Feet,South,HAMILTON CHURCH RD,,,,0.00,N,Not at Intersection,N,Non-Junction,None,,,         ,Garrett,Latham,Clear,"Sideswipe, Opposite Direction",no,no,no,no,yes,False
102954587,METROPOLITAN NASHVILLE POLICE DEPT,20210216039,Davidson,Not in City Limit,4/17/2021 12:50:00 PM,2,0,0,36.272390,-86.751030,DICKERSON PKE,,,,0.00,,,,,,,0.00,,,N,Non-Junction,None,,,         ,Thomas,Denenea,Cloudy,Front to Rear,no,no,no,yes,no,False
102954607,METROPOLITAN NASHVILLE POLICE DEPT,20210216753,Davidson,Nashville,4/17/2021 9:56:00 PM,1,1,0,36.053670,-86.736130,MCMURRAY DR,,,,0.00,,,MCMURRAY CT,,,,0.00,Y,OTHER,N,Non-Junction,None,,,         ,Brady,Reynolds,Clear,Not Collision with Motor Vehicle in Transport,no,no,no,no,no,False
102954615,METROPOLITAN NASHVILLE POLICE DEPT,20210216709,Davidson,Nashville,4/17/2021 8:39:00 PM,5,0,0,36.051450,-86.702550,OCALA DR,,,,46.00,Feet,East,EULALA DR,,,,0.00,N,Not at Intersection,Y,Non-Junction,None,,,         ,Matthew,Swindell,Clear,Angle,no,no,no,no,yes,False
102954616,METROPOLITAN NASHVILLE POLICE DEPT,20210216809,Davidson,Nashville,4/17/2021 10:36:00 PM,2,0,0,36.086930,-86.693530,HARDING PL,,,,430.00,Feet,West,ANTIOCH PKE,,,,0.00,N,Not at Intersection,N,Non-Junction,None,,,         ,Josh,Lauton,Clear,Front to Rear,no,no,no,no,no,False
102954624,METROPOLITAN NASHVILLE POLICE DEPT,20210216907,Davidson,Nashville,4/17/2021 11:30:00 PM,1,0,0,36.196970,-86.608560,ANDREW JACKSON PKWY,,,,142.00,Feet,South,TYLER DR,,,,0.00,N,Not at Intersection,N,Non-Junction,None,,,         ,Jeffrey,Mullins,,Not Collision with Motor Vehicle in Transport,no,no,no,no,no,False
102954665,METROPOLITAN NASHVILLE POLICE DEPT,20210216898,Davidson,Nashville,4/17/2021 11:32:00 PM,1,0,0,36.144220,-86.697010,I40 E EXT RAMP,,,,0.00,Feet,East,I 40,,,,0.00,N,Not at Intersection,N,Entrance/Exit Ramp Related,None,,,         ,Daniel,Fuentes,,Not Collision with Motor Vehicle in Transport,no,no,no,no,no,False
102954712,METROPOLITAN NASHVILLE POLICE DEPT,20210216852,Davidson,Nashville,4/17/2021 10:55:00 PM,2,2,0,36.074570,-86.681860,ANTIOCH PKE,,,,742.00,Feet,East,RADER DR,,,,0.00,N,Not at Intersection,N,Non-Junction,None,,,         ,Kaleigh,Pearce,Clear,"Sideswipe, Opposite Direction",no,no,no,no,no,False
102954737,METROPOLITAN NASHVILLE POLICE DEPT,20210217025,Davidson,Nashville,4/17/2021 10:53:00 PM,2,0,0,36.069530,-86.693380,HAYWOOD LN,,,,159.00,Feet,East,EZELL RD,,,,0.00,N,Not at Intersection,N,Non-Junction,None,,,         ,Dalton,Crum,Clear,Front to Rear,no,no,no,no,yes,False
102954738,METROPOLITAN NASHVILLE POLICE DEPT,20210216962,Davidson,Nashville,4/18/2021 12:00:00 AM,1,0,0,36.041580,-86.742210,BRENTWOOD SQ,,,,0.00,,,,,,,0.00,,,N,Non-Junction,None,,,         ,Clayton,Cox,Clear,Not Collision with Motor Vehicle in Transport,no,no,no,yes,no,False
102954743,METROPOLITAN NASHVILLE POLICE DEPT,20210216980,Davidson,Nashville,4/17/2021 12:00:00 AM,1,1,0,36.138880,-86.786140,11TH AVS,,,,87.00,Feet,North,SUMMIT AV,,,,0.00,N,Not at Intersection,N,Non-Junction,None,,,         ,Henry,Perez,Clear,Not Collision with Motor Vehicle in Transport,no,no,no,no,yes,False
102954746,METROPOLITAN NASHVILLE POLICE DEPT,20210217053,Davidson,Nashville,4/18/2021 1:20:00 AM,2,1,0,36.151010,-86.796490,19TH AVS,,,,0.00,Feet,,BROADWAY,,,,0.00,Y,Four-Way,N,Intersection-Related,None,,,         ,Jacob,Robbins,Clear,Angle,no,no,no,no,no,False
102954764,METROPOLITAN NASHVILLE POLICE DEPT,20210217102,Davidson,Nashville,4/18/2021 1:58:00 AM,2,2,0,36.192210,-86.777260,I 65,,,,0.00,,,,,,,86.50,N,Not at Intersection,N,Non-Junction,None,,,         ,Brian,DeMarce,Clear,Front to Rear,no,no,no,no,no,False
102954769,METROPOLITAN NASHVILLE POLICE DEPT,20210217130,Davidson,Nashville,4/18/2021 12:30:00 AM,2,0,0,36.133920,-86.722400,MURFREESBORO PKE,,,,60.00,Feet,East,PLUS PARK BLVD,,,,0.00,N,Not at Intersection,N,Non-Junction,None,,,         ,Clayton,Smith,Clear,Angle,no,no,no,no,yes,False
102954802,METROPOLITAN NASHVILLE POLICE DEPT,20210216893,Davidson,Nashville,4/17/2021 11:34:00 PM,2,0,0,36.161020,-86.777200,BROADWAY,,,,0.00,,,4TH AVN,,,,0.00,Y,Four-Way, ,Intersection,None,,,         ,Nathaniel,Jones,Clear,"Sideswipe, Same Direction",no,no,no,no,no,False
102954815,METROPOLITAN NASHVILLE POLICE DEPT,20210217172,Davidson,Nashville,4/18/2021 2:53:00 AM,2,0,0,36.169470,-86.806620,DR D B TODD JR BLVD,,,,0.00,,,JEFFERSON ST,,,,0.00,Y,Four-Way,N,Intersection,None,,,         ,Jeremy,Arnold,Clear,Angle,no,no,no,no,no,False
102954822,METROPOLITAN NASHVILLE POLICE DEPT,20210217211,Davidson,Nashville,4/18/2021 12:00:00 AM,1,0,0,36.067680,-86.737340,EDMONDSON PKE,,,,5.00,Feet,North,BRIARWOOD DR,,,,0.00,N,Not at Intersection,Y,Non-Junction,None,,,         ,Clayton,Cox,Clear,Not Collision with Motor Vehicle in Transport,no,no,no,no,no,False
102954853,METROPOLITAN NASHVILLE POLICE DEPT,20210216934,Davidson,Nashville,4/17/2021 10:00:00 PM,2,0,0,36.082270,-86.652070,PICCADILLY ROW,,,,51.00,Feet,North,UNA ANTIOCH PKE,,,,0.00,N,Not at Intersection,N,Non-Junction,None,,,         ,Antoine,Maghamez,Clear,"Sideswipe, Same Direction",no,no,no,no,yes,False
102954854,METROPOLITAN NASHVILLE POLICE DEPT,20210217335,Davidson,Not in City Limit,4/18/2021 12:00:00 AM,1,0,0,36.263650,-86.709010,STATE RT 45,,,,886.00,Feet,East,OLD HICKORY BLVDW,,,,0.00,N,Not at Intersection,N,Non-Junction,None,,,         ,Zachary,Lang,Clear,Not Collision with Motor Vehicle in Transport,no,no,no,no,no,False
102954911,METROPOLITAN NASHVILLE POLICE DEPT,20210217418,Davidson,Nashville,4/18/2021 4:00:00 AM,2,0,0,36.158410,-86.790610,GEORGE L DAVIS BLVD,,,,0.00,,,CHURCH ST,,,,0.00,Y,Four-Way,N,Intersection-Related,None,,,         ,Jason,Thomas,Unknown,Front to Rear,no,no,no,no,yes,False
102954919,METROPOLITAN NASHVILLE POLICE DEPT,20210214071,Davidson,Nashville,4/16/2021 11:40:00 AM,3,0,0,36.192410,-86.815640,24TH AVE N,,,,0.00,Feet,,US HWY 41 ALT,,,,0.00,Y,Four-Way,Y,Intersection-Related,None,,,         ,Pamela,Caulder,Clear,"Sideswipe, Opposite Direction",no,no,no,no,no,False
102954938,METROPOLITAN NASHVILLE POLICE DEPT,20210217512,Davidson,Nashville,4/18/2021 8:52:00 AM,2,0,0,36.210300,-86.732470,GREENFIELD AVE,,,,0.00,,,,,,,0.00,,Not at Intersection, ,Non-Junction,None,,,         ,Michael,Agee,Cloudy,Unknown,no,no,no,no,yes,False
102954941,BERRY HILL POLICE DEPT,21-1115,Davidson,Berry Hill,4/15/2021 1:53:00 PM,2,0,0,36.112480,-86.764880,THOMPSON LN,,,,199.00,Feet,South,BRANSFORD AV,,,,0.00,N,Not at Intersection, ,"Driveway, Alley Access, etc",None,,,         ,Ronnie,Hill,Clear,Angle,no,no,no,yes,no,False
102954956,METROPOLITAN NASHVILLE POLICE DEPT,20210217575,Davidson,Nashville,4/18/2021 9:59:00 AM,2,0,0,36.142180,-86.743060,POLK AV,,,,0.00,,,,,,,0.00,,, ,Non-Junction,None,,,         ,Thomas,Vasquez,Clear,Rear to Rear,no,no,no,yes,yes,False
102954968,METROPOLITAN NASHVILLE POLICE DEPT,20210217600,Davidson,Not in City Limit,4/18/2021 10:10:00 AM,3,1,0,36.078540,-86.950810,HIGHWAY 70S,,,,0.00,Feet,,BELLEVUE CTR PVTDR,,,,0.00,Y,Four-Way,N,Intersection-Related,None,,,         ,Bradley,Pope,Clear,Front to Rear,no,no,no,no,yes,False
102954987,METROPOLITAN NASHVILLE POLICE DEPT,20210216034,Davidson,Nashville,4/17/2021 12:50:00 PM,3,0,0,36.196050,-86.776120,I 65,,,,0.00,,,,,,,86.60,N,Not at Intersection, ,Non-Junction,None,,,         ,Darren,Key,Clear,"Sideswipe, Same Direction",no,no,no,no,no,False
102954993,METROPOLITAN NASHVILLE POLICE DEPT,20210215913,Davidson,Not in City Limit,4/17/2021 1:00:00 AM,1,0,0,36.259580,-86.757260,VILLAGE HILLS PVTDR,,,,179.00,Feet,East,DICKERSON PKE,,,,0.00,N,Not at Intersection,N,Non-Junction,None,,,         ,Michael,McCord,Unknown,Not Collision with Motor Vehicle in Transport,no,no,no,no,yes,False
102955016,METROPOLITAN NASHVILLE POLICE DEPT,2021-0217598,Davidson,Nashville,4/18/2021 10:14:00 AM,2,1,0,36.216570,-86.623450,OLD HICKORY BLVD,,,,77.00,Feet,South,2ND ST,,,,0.00,N,Not at Intersection,N,Non-Junction,None,,,         ,Calvin,Graham,Clear,Front to Rear,no,no,no,no,no,False
102955062,METROPOLITAN NASHVILLE POLICE DEPT,20210217620,Davidson,Nashville,4/18/2021 12:00:00 AM,1,0,0,36.095200,-86.707520,I 24,,,,0.00,,,,,,,55.00,N,Not at Intersection,N,Non-Junction,None,,,         ,Tyler,Heckaman,Clear,Not Collision with Motor Vehicle in Transport,no,no,no,no,yes,False
102955077,METROPOLITAN NASHVILLE POLICE DEPT,20210217743,Davidson,Nashville,4/18/2021 12:00:00 AM,2,0,0,36.218790,-86.727890,SUNNYMEADE DR,,,,0.00,,,GALLATIN PKE,,,,0.00,Y,Four-Way, ,Intersection,None,,,         ,Megan,Lamon,Unknown,Unknown,no,no,no,no,yes,False
102955082,GOODLETTSVILLE POLICE DEPT,21-10130,Davidson,Goodlettsville,4/15/2021 9:49:00 PM,2,1,1,36.296360,-86.725490,DICKERSON PKES,,,,408.00,Feet,East,ROBERT CARTWRIGHT DR,,,,0.00,N,Not at Intersection,N,Non-Junction,None,,,         ,Jeffrey,Petty,Cloudy,HeadOn,no,no,no,no,no,False
102955090,METROPOLITAN NASHVILLE POLICE DEPT,20210217709,Davidson,Nashville,4/18/2021 12:00:00 AM,2,0,0,36.154630,-86.779160,LAFAYETTE ST,,,,0.00,,,8TH AVS,,,,0.00,Y,Roundabout,N,Intersection,None,,,         ,James,Thornton,Clear,Angle,no,no,no,no,no,False
102955105,METROPOLITAN NASHVILLE POLICE DEPT,20210217781,Davidson,Not in City Limit,4/18/2021 1:11:00 PM,2,0,0,36.260690,-86.715530,DOUGLAS ST,,,,75.00,Feet,North,WOODRUFF ST,,,,0.00,N,Not at Intersection, ,,None,,,         ,Michelle,Steidl,,,no,no,no,no,no,False
102955122,METROPOLITAN NASHVILLE POLICE DEPT,20210217808,Davidson,Nashville,4/18/2021 1:34:00 PM,1,0,0,36.169200,-86.684700,THE CROSSINGS PVTDR,,,,147.00,Feet,North,LEBANON PKE,,,,0.00,N,Not at Intersection, ,Non-Junction,None,,,         ,Ryan,Sherry,Clear,Not Collision with Motor Vehicle in Transport,no,no,no,yes,no,False
102955145,METROPOLITAN NASHVILLE POLICE DEPT,20210217749,Davidson,Nashville,4/18/2021 12:32:00 PM,1,0,0,36.111440,-86.758000,THOMPSON LN,,,,0.00,Feet,North,KRAFT DR,,,,0.00,N,Not at Intersection,N,Non-Junction,None,,,         ,Devin,Mabry,Clear,Not Collision with Motor Vehicle in Transport,no,no,no,no,no,False
102955147,METROPOLITAN NASHVILLE POLICE DEPT,20210217795,Davidson,Nashville,4/18/2021 1:20:00 PM,2,0,0,36.084900,-86.703510,HARDING PL,,,,23.00,Feet,West,TRAVELERS INN DR,,,,0.00,N,Not at Intersection,N,Non-Junction,None,,,         ,Ivan,Vega,Clear,Front to Rear,no,no,no,no,no,False
102955148,METROPOLITAN NASHVILLE POLICE DEPT,20210217786,Davidson,Nashville,4/18/2021 1:16:00 PM,1,2,0,36.164160,-86.800650,HALLMARK AT THE PARK PVTDR,,,,0.00,Feet,East,17TH AVN,,,,0.00,N,Not at Intersection,N,Non-Junction,None,,,         ,Alquavious,McDaniel,Cloudy,Not Collision with Motor Vehicle in Transport,no,no,no,yes,no,False
102955167,METROPOLITAN NASHVILLE POLICE DEPT,20210217785,Davidson,Nashville,4/18/2021 1:10:00 PM,2,2,0,36.045360,-86.713270,OLD HICKORY BLVD,,,,2.00,Feet,West,NOLENSVILLE PKE,,,,0.00,N,Not at Intersection,N,Non-Junction,None,,,         ,Tony,Folad,Cloudy,Angle,no,no,no,no,no,False
102955171,METROPOLITAN NASHVILLE POLICE DEPT,20210217828,Davidson,Nashville,4/18/2021 1:57:00 PM,2,1,0,36.071460,-86.684030,ANTIOCH PKE,,,,95.00,Feet,North,HAYSTACK LN,,,,0.00,N,Not at Intersection,N,Non-Junction,None,,,         ,Marcus,Darden,Clear,Front to Rear,no,no,no,no,yes,False
102955185,METROPOLITAN NASHVILLE POLICE DEPT,20210217893,Davidson,Nashville,4/18/2021 1:57:00 PM,2,0,0,36.055430,-86.642260,BELL RD,,,,158.00,Feet,North,THE OVERLOOK PVTDR,,,,0.00,N,Not at Intersection,N,Non-Junction,None,,,         ,Nadine,Klemenz,Cloudy,Front to Rear,no,no,no,no,yes,False
102955255,METROPOLITAN NASHVILLE POLICE DEPT,20210217939,Davidson,Nashville,4/18/2021 12:00:00 AM,2,0,0,36.066580,-86.686450,I 24,,,,0.00,,,,,,,57.25,N,Not at Intersection,N,Non-Junction,None,,,         ,Wayne,Helm,Clear,"Sideswipe, Same Direction",no,no,no,no,yes,False
102955311,METROPOLITAN NASHVILLE POLICE DEPT,20210218020,Davidson,Nashville,4/18/2021 4:45:00 PM,2,1,0,36.133080,-86.829420,WEST END AV,,,,0.00,,,LEONARD AV,,,,0.00,Y,OTHER,N,Intersection-Related,None,,,         ,Heather,Fox,Clear,Angle,no,no,no,no,no,False
102955334,METROPOLITAN NASHVILLE POLICE DEPT,20210217925,Davidson,Nashville,4/18/2021 3:25:00 PM,2,0,0,36.159390,-86.772590,MOLLOY ST,,,,0.00,,,1ST AVS,,,,0.00,Y,T-Intersection,N,Intersection-Related,None,,,         ,James,Hill,Cloudy,Angle,no,no,no,no,no,False
102955338,METROPOLITAN NASHVILLE POLICE DEPT,20210217977,Davidson,Nashville,4/18/2021 4:05:00 PM,2,1,0,36.238030,-86.830660,STEVENS LN,,,,41.00,Feet,East,CLARKSVILLE PKE,,,,0.00,N,Not at Intersection,N,Non-Junction,None,,,         ,Mary,Hall,Clear,Front to Rear,no,no,no,no,no,False
102955346,METROPOLITAN NASHVILLE POLICE DEPT,20210218082,Davidson,Not in City Limit,4/18/2021 12:00:00 AM,1,0,0,36.022770,-86.682450,BARNES RD,,,,559.00,Feet,West,OLD HICKORY BLVD,,,,0.00,N,Not at Intersection,N,Non-Junction,None,,,         ,Damian,Confer,Clear,Not Collision with Motor Vehicle in Transport,no,no,no,no,yes,False
102955357,METROPOLITAN NASHVILLE POLICE DEPT,20210218054,Davidson,Nashville,4/18/2021 5:09:00 PM,2,0,0,36.100750,-86.718730,ANTIOCH PKE,,,,14.00,Feet,South,TWIN OAKS PVTDR,,,,0.00,N,Not at Intersection, ,Non-Junction,None,,,         ,Taylor,Blackwelder,Clear,"Sideswipe, Same Direction",no,no,no,no,yes,False
102955398,METROPOLITAN NASHVILLE POLICE DEPT,20210218125,Davidson,Nashville,4/18/2021 3:46:00 PM,2,0,0,36.073660,-86.637870,MURFREESBORO PKE,,,,376.00,Feet,South,RURAL HILL RD,,,,0.00,N,Not at Intersection,N,Non-Junction,None,,,         ,Robert,Marquez,Clear,"Sideswipe, Same Direction",no,no,no,no,yes,False
102955407,METROPOLITAN NASHVILLE POLICE DEPT,20210218222,Davidson,Nashville,4/18/2021 7:32:00 PM,2,4,0,36.070300,-86.701230,HAYWOOD LN,,,,118.00,Feet,East,HAYWOOD CT,,,,0.00,N,Not at Intersection,N,Non-Junction,None,,,         ,Thomas,Parsons,Clear,HeadOn,no,no,no,no,no,False
102955427,METROPOLITAN NASHVILLE POLICE DEPT,20210218326,Davidson,Nashville,4/18/2021 9:26:00 PM,2,0,0,36.142490,-86.621080,LINCOYA BAY DR,,,,0.00,Feet,East,LINCOYA CREEK DR,,,,0.00,N,Not at Intersection, ,,None,,,         ,Rami,Rouhi,,,no,no,no,yes,no,False
102955430,METROPOLITAN NASHVILLE POLICE DEPT,20210218324,Davidson,Nashville,4/18/2021 9:12:00 PM,2,0,0,36.151800,-86.771250,LAFAYETTE ST,,,,0.00,,,4TH AVS,,,,0.00,Y,OTHER, ,Intersection,None,,,         ,Nicholas,Kiraly,Cloudy,Angle,no,no,no,no,yes,False
102955445,METROPOLITAN NASHVILLE POLICE DEPT,20210218263,Davidson,Nashville,4/18/2021 7:10:00 PM,2,0,0,36.234190,-86.720410,BRILEY PKWY E ENT RAMP,,,,0.00,Feet,East,BRILEY PKWYE,,,,0.00,N,Not at Intersection,N,Non-Junction,None,,,         ,Theodore,Flick,,"Sideswipe, Same Direction",no,no,no,no,yes,False
102955450,METROPOLITAN NASHVILLE POLICE DEPT,20210218317,Davidson,Nashville,4/18/2021 4:13:00 PM,2,0,0,36.206810,-86.781240,W TRINITY LN,,,,70.00,Feet,West,SCRUGGS LN,,,,0.00,N,Not at Intersection,N,Non-Junction,None,,,         ,Mary,Hall,Clear,Front to Rear,no,no,no,no,yes,False
102955468,METROPOLITAN NASHVILLE POLICE DEPT,20210218276,Davidson,Nashville,4/18/2021 8:22:00 PM,2,0,0,36.037540,-86.785090,I65 S ENT RAMP,,,,0.00,Feet,East,OLD HICKORY BLVD,,,,0.00,N,Not at Intersection,N,Entrance/Exit Ramp Related,None,,,         ,Peyton,Wheatley,Cloudy,Angle,no,no,no,no,no,False
102955472,METROPOLITAN NASHVILLE POLICE DEPT,20210218365,Davidson,Nashville,4/18/2021 10:08:00 PM,1,0,0,36.068490,-86.689040,I24 E EXT RAMP,,,,0.00,Feet,East,I 24,,,,0.00,N,Not at Intersection,N,Entrance/Exit Ramp Related,None,,,         ,Joseph,Hurst,Clear,Not Collision with Motor Vehicle in Transport,no,no,no,no,no,False
102955484,METROPOLITAN NASHVILLE POLICE DEPT,20210218360,Davidson,Nashville,4/18/2021 9:00:00 PM,1,0,0,36.103920,-86.691790,MCGAVOCK PKE,,,,112.00,Feet,South,CURREY RD,,,,0.00,N,Not at Intersection,N,Non-Junction,None,,,         ,Timothy,Ward,Rain,Not Collision with Motor Vehicle in Transport,no,no,no,no,no,False
102955485,METROPOLITAN NASHVILLE POLICE DEPT,20210218368,Davidson,Not in City Limit,4/18/2021 9:19:00 PM,1,0,0,36.266950,-86.711150,WILLIAMS AV,,,,74.00,Feet,West,DUPONT AV,,,,0.00,N,Not at Intersection, ,Non-Junction,None,,,         ,Joshua,Dodge,Cloudy,Not Collision with Motor Vehicle in Transport,no,no,no,yes,no,False
102955486,METROPOLITAN NASHVILLE POLICE DEPT,20210218143,Davidson,Nashville,4/18/2021 6:20:00 PM,2,0,0,36.151430,-86.799200,WEST END AV,,,,45.00,Feet,East,20TH AVN,,,,0.00,N,Not at Intersection, ,,None,,,         ,Dakota,Davis,,,no,no,no,no,no,False
102955496,METROPOLITAN NASHVILLE POLICE DEPT,20210218354,Davidson,Nashville,4/18/2021 9:50:00 PM,2,2,0,36.152360,-86.837440,CHARLOTTE AV,,,,112.00,Feet,West,42ND AVN,,,,0.00,N,Not at Intersection,N,Non-Junction,None,,,         ,Heather,Fox,Clear,Angle,no,no,no,no,no,False
102955512,METROPOLITAN NASHVILLE POLICE DEPT,20210218320,Davidson,Nashville,4/18/2021 9:15:00 PM,1,0,0,36.103920,-86.691790,MCGAVOCK PKE,,,,112.00,Feet,South,CURREY RD,,,,0.00,N,Not at Intersection, ,,None,,,         ,Timothy,Ward,,,no,no,no,no,no,False
102955525,METROPOLITAN NASHVILLE POLICE DEPT,20210218260,Davidson,Nashville,4/18/2021 8:12:00 PM,3,1,0,36.170650,-86.754290,S 9TH ST,,,,0.00,,,SHELBY AV,,,,0.00,Y,Four-Way,N,Intersection,None,,,         ,Adam,Warren,Clear,Angle,no,no,no,no,no,False
102955543,METROPOLITAN NASHVILLE POLICE DEPT,20210218357,Davidson,Nashville,4/18/2021 9:56:00 PM,4,1,0,36.180170,-86.797330,GARFIELD ST,,,,84.00,Feet,East,NASSAU ST,,,,0.00,N,Not at Intersection,N,Non-Junction,None,,,         ,Scarlett,Collins,Clear,Front to Rear,no,no,no,no,no,False