master_record_number,agency,agency_tracking_number,county,city,collision_date,vehicles_involved,number_injured,number_dead,latitude,longitude,roadway_name,roadway_suffix,roadway_number,roadway_local_id,distance_from_reference,miles-feet_indicator,direction_from_reference,intersection_road_name,intersection_road_name_suffix,intersection_road_number,intersection_local_id,mile_marker,intersection_indicator,intersect_type,interchange_related_indicator,relation_to_junction,work_zone_type,construction_maintenance_zone,construction_maintenance_zone_location,fatal_case_number,officer_first_name,officer_last_name,weather_condition(s),manner_of_crash,pedestrian,bicycle,scooter,parking,hitrun,mou
102955552,METROPOLITAN NASHVILLE POLICE DEPT,20210218376,Davidson,Nashville,4/18/2021 10:28:00 PM,1,1,0,36.154100,-86.837270,I 40,,,,0.00,,,,,,,205.10,N,Not at Intersection,N,Non-Junction,None,,,         ,John,Robish,Cloudy,Not Collision with Motor Vehicle in Transport,no,no,no,no,no,False
102955553,METROPOLITAN NASHVILLE POLICE DEPT,20210218288,Davidson,Nashville,4/18/2021 8:36:00 PM,3,3,0,36.196880,-86.775650,I 65,,,,0.00,,,,,,,86.65,N,Not at Intersection,N,Non-Junction,None,,,         ,Wade,Johnson,Cloudy,"Sideswipe, Same Direction",no,no,no,no,yes,False
102955568,METROPOLITAN NASHVILLE POLICE DEPT,20210218442,Davidson,Nashville,4/18/2021 10:00:00 PM,2,0,0,36.169090,-86.809600,21ST AVN,,,,0.00,Feet,East,JEFFERSON ST,,,,0.00,N,Not at Intersection, ,,None,,,         ,Thomas,Clingan,,,no,no,no,no,no,False
102955569,METROPOLITAN NASHVILLE POLICE DEPT,20210218402,Davidson,Nashville,4/18/2021 10:00:00 PM,2,0,0,36.158730,-86.818530,28TH AVN,,,,0.00,,,CLIFTON AV,,,,0.00,Y,Four-Way,Y,Intersection,None,,,         ,Luke,Steigerwalt,Clear,Front to Rear,no,no,no,no,no,False
102955570,METROPOLITAN NASHVILLE POLICE DEPT,20210216871,Davidson,Nashville,4/18/2021 2:00:00 AM,2,0,0,36.191610,-86.786580,I 65,,,,0.00,,,,,,,86.00,N,Not at Intersection,N,Non-Junction,None,,,         ,Maximillian,Goldberg,Clear,Front to Rear,no,no,no,no,no,False
102955571,METROPOLITAN NASHVILLE POLICE DEPT,20210218414,Davidson,Nashville,4/18/2021 11:20:00 PM,2,0,0,36.079620,-86.695960,I 24,,,,0.00,,,,,,,56.20,N,Not at Intersection,N,Non-Junction,Construction Zone,,,         ,Clayton,Smith,Cloudy,Front to Rear,no,no,no,no,yes,False
102955572,METROPOLITAN NASHVILLE POLICE DEPT,20210218397,Davidson,Nashville,4/18/2021 8:45:00 PM,1,0,0,36.231310,-86.759200,OAK VALLEY DR,,,,74.00,Feet,West,DICKERSON PKE,,,,0.00,N,Not at Intersection,N,Non-Junction,None,,,         ,Zachary,Carter,Clear,Not Collision with Motor Vehicle in Transport,no,no,no,no,yes,False
102955583,METROPOLITAN NASHVILLE POLICE DEPT,20210218462,Davidson,Antioch,4/19/2021 12:06:00 AM,2,1,0,36.014510,-86.620450,I 24,,,,0.00,,,,,,,62.50,N,Not at Intersection,N,Non-Junction,None,,,         ,Lisa,Beck,Clear,Not Collision with Motor Vehicle in Transport,no,no,no,no,no,False
102955585,METROPOLITAN NASHVILLE POLICE DEPT,20210218440,Davidson,Nashville,4/18/2021 11:40:00 PM,2,0,0,36.159510,-86.780690,BROADWAY,,,,71.00,Feet,East,7TH AVN,,,,0.00,N,Not at Intersection,N,Non-Junction,None,,,         ,Nathaniel,Jones,Clear,"Sideswipe, Same Direction",no,no,no,no,yes,False
102955599,METROPOLITAN NASHVILLE POLICE DEPT,20210218406,Davidson,Nashville,4/18/2021 11:09:00 PM,2,2,0,36.050730,-86.646910,BELL RD,,,,0.00,,,HICKORY HOLLOW TER,,,,0.00,Y,Four-Way,N,Non-Junction,None,,,         ,William,Williams,Clear,Angle,no,no,no,no,no,False
102955614,METROPOLITAN NASHVILLE POLICE DEPT,20210218530,Davidson,Not in City Limit,4/19/2021 12:00:00 AM,1,0,0,36.274970,-86.717630,E CAMPBELL RD,,,,403.00,Feet,West,OLD AMQUI RD,,,,0.00,N,Not at Intersection,N,Non-Junction,None,,,         ,Zachary,Lang,Clear,Not Collision with Motor Vehicle in Transport,no,no,no,no,no,False
102955637,METROPOLITAN NASHVILLE POLICE DEPT,20210218468,Davidson,Nashville,4/19/2021 12:00:00 AM,1,0,0,36.110260,-86.719910,BRILEY PKWYS,,,,99.00,Feet,West,BRILEY PKWY S ENT RAMP,,,,0.00,N,Not at Intersection,N,Non-Junction,None,,,         ,McKenzie,Harper,Clear,Not Collision with Motor Vehicle in Transport,no,no,no,no,no,False
102955664,METROPOLITAN NASHVILLE POLICE DEPT,20210218501,Davidson,Nashville,4/18/2021 11:51:00 PM,1,0,0,36.146470,-86.873830,PREMIER DR,,,,78.00,Feet,West,AMERICAN RD,,,,0.00,N,Not at Intersection,N,Non-Junction,None,,,         ,Christopher,Alceus,Clear,Not Collision with Motor Vehicle in Transport,no,no,no,no,no,False
102955716,METROPOLITAN NASHVILLE POLICE DEPT,20210218654,Davidson,Nashville,4/19/2021 4:00:00 AM,1,0,0,36.077790,-86.731590,MILNER DR,,,,0.00,,,HARDING PL,,,,0.00,Y,T-Intersection,N,Non-Junction,None,,,         ,Jose,Oliveros,Clear,Not Collision with Motor Vehicle in Transport,no,no,no,no,yes,False
102955721,METROPOLITAN NASHVILLE POLICE DEPT,20210218747,Davidson,Nashville,4/19/2021 5:50:00 AM,2,0,0,36.150480,-86.770350,4TH AVS,,,,0.00,,,I40 E EXT RAMP,,,,0.00,Y,OTHER,N,Intersection,None,,,         ,Kelsey,Hicks,Clear,Angle,no,no,no,no,no,False
102955733,METROPOLITAN NASHVILLE POLICE DEPT,20210218790,Davidson,Nashville,4/19/2021 6:42:00 AM,2,1,0,36.141240,-86.814470,31ST AVS,,,,0.00,,,VANDERBILT PL,,,,0.00,Y,Four-Way,N,Intersection,None,,,         ,Earl,Davis,Clear,Angle,no,no,no,no,no,Campus
102955748,METROPOLITAN NASHVILLE POLICE DEPT,2021-0218798,Davidson,Nashville,4/19/2021 6:40:00 AM,1,0,0,36.072860,-86.692090,I 24,,,,0.00,,,,,,,56.70,N,Not at Intersection, ,Non-Junction,None,,,         ,Stanley,Collins,Clear,Not Collision with Motor Vehicle in Transport,no,no,no,no,no,False
102955757,METROPOLITAN NASHVILLE POLICE DEPT,20210218834,Davidson,Nashville,4/19/2021 6:48:00 AM,1,0,0,36.066590,-86.688360,VILLAS OF BAVARIA PVTDR,,,,190.00,Feet,West,APACHE TRL,,,,0.00,N,Not at Intersection, ,Non-Junction,None,,,         ,Marcus,Darden,Clear,Not Collision with Motor Vehicle in Transport,no,no,no,yes,no,False
102955768,METROPOLITAN NASHVILLE POLICE DEPT,20210218892,Davidson,Nashville,4/19/2021 7:50:00 AM,2,0,0,36.160840,-86.760590,I 24,,,,0.00,,,,,,,49.40,N,Not at Intersection,N,Non-Junction,None,,,         ,Jason,Thomas,Clear,Front to Rear,no,no,no,no,no,False
102955772,METROPOLITAN NASHVILLE POLICE DEPT,20210218867,Davidson,Nashville,4/19/2021 6:47:00 AM,2,0,0,36.155280,-86.799660,19TH AVN,,,,0.00,,,STATE ST,,,,0.00,Y,Four-Way,N,Intersection,None,,,         ,Earl,Davis,Clear,Angle,no,no,no,no,yes,False
102955776,METROPOLITAN NASHVILLE POLICE DEPT,20210218866,Davidson,Nashville,4/19/2021 7:38:00 AM,3,2,0,36.099830,-86.658560,OLD MURFREESBORO PKE,,,,507.00,Feet,North,HARDING PL,,,,0.00,N,Not at Intersection,N,Non-Junction,None,,,         ,Michael,Brooks,Clear,Angle,no,no,no,no,no,False
102955787,METROPOLITAN NASHVILLE POLICE DEPT,20210218928,Davidson,Nashville,4/19/2021 8:04:00 AM,2,0,0,36.094800,-86.706920,I 24,,,,0.00,,,,,,,55.00,N,Not at Intersection, ,Non-Junction,None,,,         ,Thomas,Vasquez,Clear,"Sideswipe, Same Direction",no,no,no,no,no,False
102955795,METROPOLITAN NASHVILLE POLICE DEPT,20210219005,Davidson,Nashville,4/19/2021 7:47:00 AM,2,0,0,36.220680,-86.774750,I 65,,,,0.00,,,,,,,88.35,N,Not at Intersection,Y,Entrance/Exit Ramp Related,None,,,         ,William,Coy,Clear,"Sideswipe, Same Direction",no,no,no,no,yes,False
102955800,METROPOLITAN NASHVILLE POLICE DEPT,20210218921,Davidson,Nashville,4/19/2021 8:07:00 AM,2,1,0,36.045420,-86.718350,OLD HICKORY BLVD,,,,0.00,,,HICKORY TRACE DR,,,,0.00,Y,T-Intersection,N,Intersection-Related,None,,,         ,Earl,Davis,Clear,Front to Rear,no,no,no,no,no,False
102955809,METROPOLITAN NASHVILLE POLICE DEPT,20210219063,Davidson,Nashville,4/19/2021 9:36:00 AM,2,0,0,36.142590,-86.815500,WEST END AV,,,,0.00,,,31ST AVS,,,,0.00,Y,Four-Way, ,,None,,,         ,Earl,Davis,,,no,no,no,no,no,Campus
102955826,METROPOLITAN NASHVILLE POLICE DEPT,20210218987,Davidson,Nashville,4/19/2021 8:15:00 AM,2,1,0,36.164350,-86.760410,S 5TH ST,,,,448.00,Feet,South,SUMMER PL,,,,0.00,N,Not at Intersection,N,Non-Junction,None,,,         ,Steven,Meador,Clear,Front to Rear,no,no,no,no,yes,False
102955839,METROPOLITAN NASHVILLE POLICE DEPT,20210219106,Davidson,Goodlettsville,4/19/2021 12:00:00 AM,2,0,0,36.285790,-86.715720,CONNARE DR,,,,317.00,Feet,North,N GRAYCROFT AV,,,,0.00,N,Not at Intersection,N,Non-Junction,None,,,         ,Ian,Wilson,Clear,Unknown,no,no,no,no,yes,False
102955864,METROPOLITAN NASHVILLE POLICE DEPT,20210219037,Davidson,Nashville,4/19/2021 8:26:00 AM,2,0,0,36.117810,-86.699700,MURFREESBORO PKE,,,,197.00,Feet,North,BRILEY PKWY N ENT RAMP,,,,0.00,N,Not at Intersection,N,Non-Junction,None,,,         ,MIchael,Mihajlov,Clear,Front to Rear,no,no,no,no,no,False
102955873,METROPOLITAN NASHVILLE POLICE DEPT,20210219166,Davidson,Not in City Limit,4/19/2021 10:20:00 AM,2,0,0,36.044480,-86.956090,HIGHWAY 100,,,,50.00,Feet,East,OLD HARDING PKE,,,,0.00,N,Not at Intersection, ,,None,,,         ,Bradley,Pope,,,no,no,no,no,no,False
102955874,METROPOLITAN NASHVILLE POLICE DEPT,20210219126,Davidson,Nashville,4/19/2021 10:00:00 AM,1,1,0,36.253090,-86.725960,BARBARA DR,,,,32.00,Feet,East,BEAUMONT DR,,,,0.00,N,Not at Intersection,N,Non-Junction,None,,,         ,Ricki,Armstrong,Clear,Not Collision with Motor Vehicle in Transport,yes,no,no,no,no,False
102955875,METROPOLITAN NASHVILLE POLICE DEPT,20210219251,Davidson,Nashville,4/19/2021 11:30:00 AM,2,0,0,36.154220,-86.788810,14TH AVS,,,,175.00,Feet,South,MCGAVOCK ST,,,,0.00,N,Not at Intersection,N,Non-Junction,None,,,         ,Earl,Davis,Clear,Other,no,no,no,no,yes,False
102955902,METROPOLITAN NASHVILLE POLICE DEPT,20210219139,Davidson,Nashville,4/19/2021 10:15:00 AM,1,0,0,36.170780,-86.773140,N 1ST ST,,,,201.00,Feet,North,MAIN ST,,,,0.00,N,Not at Intersection,N,Non-Junction,Maintenance Zone,Laneclosure,Unknown,         ,Frank,Campbell,Clear,Not Collision with Motor Vehicle in Transport,no,no,no,no,no,False
102955940,METROPOLITAN NASHVILLE POLICE DEPT,20210219325,Davidson,Nashville,4/19/2021 12:18:00 PM,2,2,0,36.218500,-86.837030,CLARKSVILLE PKE,,,,0.00,,,KINGS LN,,,,0.00,Y,Four-Way,N,Intersection,Construction Zone,Work On Shoulder Or Median,Activity Area,         ,William,Coy,Clear,HeadOn,no,no,no,no,no,False
102955954,METROPOLITAN NASHVILLE POLICE DEPT,20210219386,Davidson,Goodlettsville,4/19/2021 1:00:00 PM,2,1,0,36.296740,-86.699310,GALLATIN PKEN,,,,75.00,Feet,South,MYATT DR,,,,0.00,N,Not at Intersection,N,Non-Junction,None,,,         ,Ian,Wilson,Clear,Front to Rear,no,no,no,no,yes,False
102955980,METROPOLITAN NASHVILLE POLICE DEPT,20210219285,Davidson,Nashville,4/19/2021 11:50:00 AM,2,1,0,36.150900,-86.770640,4TH AVS,,,,0.00,,,I40 W EXT RAMP,,,,0.00,Y,Four-Way,N,Intersection,None,,,         ,Shawn,Kaelin,Clear,Angle,no,no,no,no,no,False
102956015,METROPOLITAN NASHVILLE POLICE DEPT,20210219465,Davidson,Nashville,4/19/2021 1:19:00 PM,2,0,0,36.130070,-86.900780,CHARLOTTE PKE,,,,0.00,,,CABOT DR,,,,0.00,Y,T-Intersection,N,Intersection,None,,,         ,Curtis,Rich,Cloudy,Angle,no,no,no,no,yes,False
102956036,METROPOLITAN NASHVILLE POLICE DEPT,20210219259,Davidson,Nashville,4/19/2021 11:32:00 AM,2,0,0,36.174580,-86.602540,OLD HICKORY BLVD,,,,25.00,Feet,North,BURNING TREE DR,,,,0.00,N,Not at Intersection,N,"Driveway, Alley Access, etc",None,,,         ,John,Chambers,Clear,Angle,no,no,no,no,no,False
102956054,METROPOLITAN NASHVILLE POLICE DEPT,20210219010,Davidson,Nashville,4/19/2021 8:45:00 AM,2,0,0,36.042640,-86.606370,MURFREESBORO PKE,,,,100.00,Feet,South,HOBSON PKE,,,,0.00,N,Not at Intersection,N,Non-Junction,None,,,         ,Caleb,Jernigan,Clear,Angle,no,no,no,no,no,False
102956087,METROPOLITAN NASHVILLE POLICE DEPT,20210219503,Davidson,Nashville,4/19/2021 2:15:00 PM,2,1,0,36.148810,-86.666280,ELM HILL PKE,,,,0.00,,,DONELSON PKE,,,,0.00,Y,Four-Way,N,Intersection,None,,,         ,Michael,Brooks,Clear,Angle,no,no,no,no,no,False
102956103,METROPOLITAN NASHVILLE POLICE DEPT,20210219501,Davidson,Nashville,4/19/2021 2:10:00 PM,2,0,0,36.154030,-86.787570,DEMONBREUN ST,,,,0.00,,,I40 W EXT RAMP,,,,0.00,Y,Four-Way,N,Entrance/Exit Ramp Related,None,,,         ,Earl,Davis,Clear,Angle,no,no,no,no,yes,False
102956117,METROPOLITAN NASHVILLE POLICE DEPT,20210194622,Davidson,Nashville,4/6/2021 8:23:00 PM,1,0,1,36.181830,-86.799620,I 65,,,,0.00,,,,,,,85.15,N,Not at Intersection,N,Non-Junction,None,,,         ,Ryan,Allen,Clear,Not Collision with Motor Vehicle in Transport,yes,no,no,no,yes,False
102956118,METROPOLITAN NASHVILLE POLICE DEPT,20210219476,Davidson,Nashville,4/19/2021 12:00:00 PM,2,0,0,36.142800,-86.744360,MURFREESBORO PKE,,,,0.00,Feet,,FESSLERS LN,,,,0.00,Y,Four-Way,N,Intersection,None,,,         ,Todd,Watson,Clear,Front to Rear,no,no,no,no,yes,False
102956133,METROPOLITAN NASHVILLE POLICE DEPT,20210219186,Davidson,Nashville,4/19/2021 10:30:00 AM,1,0,0,36.195560,-86.721930,PORTER RD,,,,0.00,,,SHERWOOD LN,,,,0.00,Y,T-Intersection,N,Intersection,None,,,         ,Donald,Davidson,Clear,Not Collision with Motor Vehicle in Transport,no,no,no,no,no,False
102956176,METROPOLITAN NASHVILLE POLICE DEPT,20210219647,Davidson,Nashville,4/18/2021 6:00:00 PM,2,0,0,36.137370,-86.788210,12TH AVS,,,,163.00,Feet,South,ARGYLE AV,,,,0.00,N,Not at Intersection,N,Non-Junction,None,,,         ,Travis,Pemberton,Unknown,Angle,no,no,no,no,yes,False
102956180,METROPOLITAN NASHVILLE POLICE DEPT,20210218233,Davidson,Nashville,4/18/2021 8:07:00 PM,1,0,0,36.176760,-86.772820,SPRING ST,,,,0.00,,,I24 E EXT RAMP,,,,0.00,Y,OTHER,Y,Intersection,None,,,         ,Chase,Harriman,Clear,Not Collision with Motor Vehicle in Transport,no,no,no,no,yes,False
102956182,METROPOLITAN NASHVILLE POLICE DEPT,20210212824,Davidson,Nashville,4/15/2021 8:47:00 PM,2,1,1,36.047230,-86.776960,I 65,,,,0.00,,,,,,,75.25,N,Not at Intersection,N,Non-Junction,None,,,         ,Ryan,Allen,Clear,Front to Rear,no,no,no,no,no,False
102956192,METROPOLITAN NASHVILLE POLICE DEPT,20210219538,Davidson,Nashville,4/19/2021 2:47:00 PM,2,0,0,36.078210,-86.766020,I65 S ENT RAMP,,,,0.00,Feet,East,I 65,,,,0.00,N,Not at Intersection,N,Non-Junction,None,,,         ,Dylan,Motes,Clear,"Sideswipe, Same Direction",no,no,no,no,no,False
102956205,METROPOLITAN NASHVILLE POLICE DEPT,20210219732,Davidson,Nashville,4/19/2021 4:30:00 PM,3,0,0,36.171860,-86.812680,23RD AVN,,,,0.00,Feet,East,UNDERWOOD ST,,,,0.00,N,Not at Intersection, ,,None,,,         ,Daniel,Kallman,,,no,no,no,no,no,False
102956206,METROPOLITAN NASHVILLE POLICE DEPT,20210219550,Davidson,Nashville,4/19/2021 2:30:00 PM,2,0,0,36.192320,-86.616300,OLD HICKORY BLVD,,,,0.00,,,JUAREZ DR,,,,0.00,Y,OTHER,N,Intersection-Related,None,,,         ,Zaire,Murray,Clear,Angle,no,no,no,no,yes,False
102956207,METROPOLITAN NASHVILLE POLICE DEPT,20210196565,Davidson,Antioch,4/7/2021 5:27:00 PM,2,0,0,36.065670,-86.629390,MURFREESBORO PKE,,,,36.00,Feet,South,HAMILTON CROSSINGS,,,,0.00,N,Not at Intersection,N,Non-Junction,None,,,         ,Nathaniel,Myers,Clear,Angle,no,no,no,no,no,False
102956208,METROPOLITAN NASHVILLE POLICE DEPT,20210219632,Davidson,Nashville,4/19/2021 1:58:00 PM,2,0,0,36.154600,-86.786200,12TH AVS,,,,0.00,,,DEMONBREUN ST,,,,0.00,Y,Four-Way,N,Non-Junction,None,,,         ,Michael,Douglas,Clear,Unknown,no,no,no,no,yes,False
102956212,METROPOLITAN NASHVILLE POLICE DEPT,20210219689,Davidson,Nashville,4/19/2021 3:49:00 PM,2,1,0,36.241580,-86.785320,I 24,,,,0.00,,,,,,,43.25,N,Not at Intersection,N,Non-Junction,None,,,         ,Ronald,Conner,Clear,"Sideswipe, Same Direction",no,no,no,no,no,False
102956227,BERRY HILL POLICE DEPT,21-1160,Davidson,Berry Hill,4/19/2021 12:00:00 AM,2,0,0,36.120970,-86.767010,BERRY RD,,,,0.00,,,,,,,0.00,,, ,Non-Junction,None,,,         ,John,Gleixner,Clear,Front to Rear,no,no,no,yes,yes,False
102956251,METROPOLITAN NASHVILLE POLICE DEPT,20210219710,Davidson,Nashville,4/19/2021 3:40:00 PM,2,0,0,36.239090,-86.737800,ELLINGTON PKWY N ENT RAMP,,,,0.00,Feet,East,ELLINGTON PKWY S ENT RAMP,,,,0.00,N,Not at Intersection,Y,Entrance/Exit Ramp Related,None,,,         ,Brandon,Lopez,Clear,"Sideswipe, Same Direction",no,no,no,no,yes,False
102956262,METROPOLITAN NASHVILLE POLICE DEPT,20210219684,Davidson,Nashville,4/19/2021 3:49:00 PM,4,0,0,36.187810,-86.821720,ED TEMPLE BLVD,,,,79.00,Feet,South,ROSA L PARKS BLVD,,,,0.00,N,Not at Intersection,N,Non-Junction,None,,,         ,Alec,Pellissier,Clear,Angle,no,no,no,no,no,False
102956263,METROPOLITAN NASHVILLE POLICE DEPT,20210219882,Davidson,Nashville,4/19/2021 5:49:00 PM,2,1,0,36.086180,-86.729460,NOLENSVILLE PKE,,,,23.00,Feet,North,ELYSIAN FIELDS RD,,,,0.00,N,Not at Intersection,N,Non-Junction,None,,,         ,Beri,Scott,Clear,Angle,no,no,no,no,no,False
102956293,METROPOLITAN NASHVILLE POLICE DEPT,20210219961,Davidson,Goodlettsville,4/19/2021 6:40:00 PM,2,0,0,36.302760,-86.691860,CONFERENCE DR,,,,4.00,Feet,North,GALLATIN PKEN,,,,0.00,N,Not at Intersection, ,Non-Junction,None,,,         ,Brandon,Lopez,Clear,Front to Rear,no,no,no,no,no,False
102956299,METROPOLITAN NASHVILLE POLICE DEPT,20210220011,Davidson,Nashville,4/19/2021 7:04:00 PM,2,0,0,36.237540,-86.780980,BRILEY PKWY E EXT RAMP,,,,0.00,Feet,East,BRICK CHURCH PKE,,,,0.00,N,Not at Intersection, ,,None,,,         ,Kyle,Eicholtz,,,no,no,no,no,no,False
102956303,METROPOLITAN NASHVILLE POLICE DEPT,20210219885,Davidson,Nashville,4/19/2021 5:20:00 PM,2,0,0,36.214610,-86.604660,LEBANON PKE,,,,0.00,,,SHUTE LN,,,,0.00,Y,T-Intersection,N,Intersection,None,,,         ,Derek,Garcia,Clear,"Sideswipe, Same Direction",no,no,no,no,no,False
102956306,METROPOLITAN NASHVILLE POLICE DEPT,20210219831,Davidson,Nashville,4/19/2021 4:46:00 PM,2,0,0,36.037470,-86.790980,OLD HICKORY BLVD,,,,0.00,,,S HILLVIEW DR,,,,0.00,Y,Four-Way,N,Intersection,None,,,         ,Dylan,Motes,Clear,Front to Rear,no,no,no,no,yes,False
102956313,METROPOLITAN NASHVILLE POLICE DEPT,20210219888,Davidson,Nashville,4/19/2021 5:59:00 PM,2,1,0,36.147430,-86.743940,I 40,,,,0.00,,,,,,,212.00,N,Not at Intersection,N,Non-Junction,None,,,         ,Douglas,Mann,Clear,Angle,no,no,no,no,yes,False
102956315,METROPOLITAN NASHVILLE POLICE DEPT,20210220047,Davidson,Nashville,4/19/2021 7:43:00 PM,2,0,0,36.083980,-86.705580,LINBAR DR,,,,105.00,Feet,North,LARGO DR,,,,0.00,N,Not at Intersection,N,OtherLocation,None,,,         ,Beri,Scott,Clear,Front to Rear,no,no,no,yes,yes,False
102956338,METROPOLITAN NASHVILLE POLICE DEPT,20210220058,Davidson,Nashville,4/19/2021 7:40:00 PM,2,0,0,36.206490,-86.776300,W TRINITY LN,,,,13.00,Feet,South,I65 S ENT RAMP,,,,0.00,N,Not at Intersection,N,Non-Junction,None,,,         ,Flynn,Ireland,Clear,"Sideswipe, Same Direction",no,no,no,no,no,False
102956342,METROPOLITAN NASHVILLE POLICE DEPT,20210220119,Davidson,Nashville,4/19/2021 8:28:00 PM,2,0,0,36.144660,-86.744040,ELM HILL PKE,,,,0.00,,,FESSLERS LN,,,,0.00,Y,Four-Way,N,Intersection,None,,,         ,Douglas,Mann,Clear,Angle,no,no,no,no,yes,False
102956344,TENNESSEE STATE UNIVERSITY ,21-TSU-013760,Davidson,Nashville,4/19/2021 12:00:00 AM,2,0,0,36.167130,-86.826950,JOHN A MERRITT BLVD,,,,0.00,,,33RD AVN,,,,0.00,Y,OTHER, ,Non-Junction,None,,,         ,Michael,Russel,Clear,"Sideswipe, Same Direction",no,no,no,yes,yes,False
102956346,METROPOLITAN NASHVILLE POLICE DEPT,20210220173,Davidson,Nashville,4/19/2021 9:15:00 PM,2,0,0,36.103620,-86.666480,OLD MURFREESBORO PKE,,,,0.00,,,FAIRCLOTH LN,,,,0.00,Y,OTHER,N,Intersection,None,,,         ,Theodore,Flick,Clear,Angle,no,no,no,no,no,False
102956347,METROPOLITAN NASHVILLE POLICE DEPT,20210220191,Davidson,Nashville,4/19/2021 9:24:00 PM,2,0,0,36.082680,-86.765110,HARDING PL,,,,0.00,,,I65 S ENT RAMP,,,,0.00,Y,T-Intersection, ,Intersection,None,,,         ,Steven,Powers,Clear,"Sideswipe, Same Direction",no,no,no,no,no,False
102956355,METROPOLITAN NASHVILLE POLICE DEPT,20210220113,Davidson,Nashville,4/19/2021 8:30:00 PM,1,1,0,36.079490,-86.644600,MURFREESBORO PKE,,,,0.00,,,EDGE O LAKE DR,,,,0.00,Y,Four-Way,N,Intersection,None,,,         ,Robert,Marquez,Clear,Not Collision with Motor Vehicle in Transport,yes,no,no,no,no,False
102956442,METROPOLITAN NASHVILLE POLICE DEPT,20210220197,Davidson,Nashville,4/19/2021 9:30:00 PM,3,0,0,36.044830,-86.662600,BELL RD,,,,317.00,Feet,West,CANE RIDGE RD,,,,0.00,N,Not at Intersection,N,Non-Junction,None,,,         ,Beri,Scott,Clear,Front to Rear,no,no,no,no,no,False
102956463,METROPOLITAN NASHVILLE POLICE DEPT,20210220249,Davidson,Nashville,4/19/2021 10:20:00 PM,2,0,0,36.117050,-86.668040,DONELSON PKE,,,,134.00,Feet,North,HANGAR LN,,,,0.00,N,Not at Intersection,N,Non-Junction,None,,,         ,Robert,Marquez,Clear,"Sideswipe, Same Direction",no,no,no,no,yes,False
102956469,METROPOLITAN NASHVILLE POLICE DEPT,20210220231,Davidson,Goodlettsville,4/19/2021 9:59:00 PM,2,3,0,36.296670,-86.699380,GALLATIN PKEN,,,,109.00,Feet,South,MYATT DR,,,,0.00,N,Not at Intersection,N,Non-Junction,None,,,         ,Bradley,Campbell,Clear,HeadOn,no,no,no,no,no,False
102956474,METROPOLITAN NASHVILLE POLICE DEPT,20210218601,Davidson,Nashville,4/19/2021 2:57:00 AM,2,1,0,36.101930,-86.664480,MURFREESBORO PKE,,,,658.00,Feet,East,OLD MURFREESBORO PKE,,,,0.00,N,Not at Intersection,N,Non-Junction,None,,,         ,Autumn,Manning,Clear,Not Collision with Motor Vehicle in Transport,no,no,no,no,yes,False
102956487,METROPOLITAN NASHVILLE POLICE DEPT,20210219799,Davidson,Nashville,4/19/2021 5:04:00 PM,2,1,0,36.130070,-86.900780,CHARLOTTE PKE,,,,0.00,,,CABOT DR,,,,0.00,Y,T-Intersection,N,Intersection,None,,,         ,Martin,Brown,Clear,Angle,no,no,no,no,no,False
102956511,METROPOLITAN NASHVILLE POLICE DEPT,20210220355,Davidson,Nashville,4/19/2021 11:50:00 PM,2,2,0,36.235710,-86.764050,I 65,,,,0.00,,,,,,,89.60,N,Not at Intersection,N,Non-Junction,None,,,         ,Jonathon,Sheppard,Clear,Front to Rear,no,no,no,no,no,False
102956523,METROPOLITAN NASHVILLE POLICE DEPT,20210220386,Davidson,Nashville,4/20/2021 12:13:00 AM,1,1,0,36.165240,-86.602760,MILLS RD,,,,44.00,Feet,North,BELL RD,,,,0.00,N,Not at Intersection,N,Non-Junction,None,,,         ,Andrew,Richey,Clear,Not Collision with Motor Vehicle in Transport,no,no,no,no,yes,False
102956556,METROPOLITAN NASHVILLE POLICE DEPT,20210220378,Davidson,Antioch,4/19/2021 11:40:00 PM,2,0,0,36.042290,-86.617550,TUPELO ST,,,,395.00,Feet,South,CENTRAL GROVE SQ,,,,0.00,N,Not at Intersection,N,Non-Junction,None,,,         ,Dylan,Ramos,Clear,Front to Rear,no,no,no,no,yes,False
102956606,GOODLETTSVILLE POLICE DEPT,21-10446,Davidson,Goodlettsville,4/20/2021 6:09:00 AM,3,0,0,36.321120,-86.713230,S MAIN ST,,,,0.00,,,MEMORIAL DR,,,,0.00,Y,Four-Way, ,Intersection-Related,None,,,         ,Brian,Hajdu,Clear,Front to Rear,no,no,no,no,no,False
102956636,METROPOLITAN NASHVILLE POLICE DEPT,20210220807,Davidson,Nashville,4/20/2021 6:24:00 AM,2,0,0,36.063740,-86.727310,CHERRYWOOD DR,,,,0.00,,,HIGHCREST DR,,,,0.00,Y,Four-Way,N,Intersection-Related,None,,,         ,Earl,Davis,Clear,Angle,no,no,no,no,no,False
102956644,METROPOLITAN NASHVILLE POLICE DEPT,20210220856,Davidson,Nashville,4/20/2021 7:31:00 AM,2,0,0,36.140800,-86.719770,I 40,,,,0.00,,,,,,,213.65,N,Not at Intersection,Y,Entrance/Exit Ramp Related,None,,,         ,Michael,Brooks,Clear,"Sideswipe, Same Direction",no,no,no,no,yes,False