master_record_number,agency,agency_tracking_number,county,city,collision_date,vehicles_involved,number_injured,number_dead,latitude,longitude,roadway_name,roadway_suffix,roadway_number,roadway_local_id,distance_from_reference,miles-feet_indicator,direction_from_reference,intersection_road_name,intersection_road_name_suffix,intersection_road_number,intersection_local_id,mile_marker,intersection_indicator,intersect_type,interchange_related_indicator,relation_to_junction,work_zone_type,construction_maintenance_zone,construction_maintenance_zone_location,fatal_case_number,officer_first_name,officer_last_name,weather_condition(s),manner_of_crash,pedestrian,bicycle,scooter,parking,hitrun,mou
102957461,METROPOLITAN NASHVILLE POLICE DEPT,20210223165,Davidson,Nashville,4/21/2021 9:02:00 AM,2,0,0,36.099090,-86.733910,MCCALL ST,,,,373.00,Feet,West,SABRE DR,,,,0.00,N,Not at Intersection, ,Non-Junction,None,,,         ,James,Thomas,Clear,Front to Rear,no,no,no,no,no,False
102957468,METROPOLITAN NASHVILLE POLICE DEPT,20210223161,Davidson,Nashville,4/21/2021 9:01:00 AM,2,0,0,36.240400,-86.748960,BRILEY PKWYE,,,,0.00,,,I65 N EXT RAMP,,,,0.00,Y,Y-Intersection, ,Entrance/Exit Ramp Related,None,,,         ,Doyle,Price,Cloudy,Front to Rear,no,no,no,no,no,False
102957469,METROPOLITAN NASHVILLE POLICE DEPT,20210223282,Davidson,Nashville,4/21/2021 10:12:00 AM,2,0,0,36.153010,-86.796000,WEST END AV,,,,0.00,,,18TH AVN,,,,0.00,Y,Four-Way, ,Intersection-Related,None,,,         ,Earl,Davis,Clear,"Sideswipe, Same Direction",no,no,no,no,no,False
102957471,METROPOLITAN NASHVILLE POLICE DEPT,20210223173,Davidson,Nashville,4/21/2021 9:25:00 AM,2,0,0,36.165310,-86.779210,PRINTERS ALY,,,,0.00,,,UNION ST,,,,0.00,Y,T-Intersection, ,Intersection,None,,,         ,Wesley,Young,Clear,Angle,no,no,no,no,no,False
102957480,METROPOLITAN NASHVILLE POLICE DEPT,20210223296,Davidson,Nashville,4/21/2021 10:18:00 AM,2,1,0,36.182650,-86.797730,ROSA L PARKS BLVD,,,,49.00,Feet,North,I65 N EXT RAMP,,,,0.00,N,Not at Intersection,Y,Entrance/Exit Ramp Related,None,,,         ,Ryan,Worstall,Clear,Front to Rear,no,no,no,no,no,False
102957491,METROPOLITAN NASHVILLE POLICE DEPT,20210223238,Davidson,Not in City Limit,4/21/2021 9:46:00 AM,1,1,0,36.283200,-86.707050,GALLATIN PKEN,,,,75.00,Feet,South,EDGEMEADE BLVD,,,,0.00,N,Not at Intersection,N,Non-Junction,None,,,         ,Dylan,Cetin,Clear,Not Collision with Motor Vehicle in Transport,no,no,no,no,no,False
102957507,METROPOLITAN NASHVILLE POLICE DEPT,20210223105,Davidson,Nashville,4/21/2021 8:28:00 AM,2,0,0,36.088800,-86.891950,HARDING PKE,,,,288.00,Feet,South,BROOKMONT TER,,,,0.00,N,Not at Intersection, ,,None,,,         ,laina,herod,,,no,no,no,no,no,False
102957516,METROPOLITAN NASHVILLE POLICE DEPT,20210223426,Davidson,Nashville,4/21/2021 11:08:00 AM,2,0,0,36.138750,-86.859210,BROOKVALE TER,,,,286.00,Feet,North,KNOB RD,,,,0.00,N,Not at Intersection, ,Non-Junction,None,,,         ,Curtis,Rich,Clear,Angle,no,no,no,no,no,False
102957518,METROPOLITAN NASHVILLE POLICE DEPT,20210223305,Davidson,Nashville,4/21/2021 10:30:00 AM,2,0,0,36.071870,-86.636180,MURFREESBORO PKE,,,,0.00,,,BELL RD,,,,0.00,Y,Four-Way, ,,None,,,         ,Zachary,Akers,,,no,no,no,no,no,False
102957521,METROPOLITAN NASHVILLE POLICE DEPT,20210223319,Davidson,Not in City Limit,4/21/2021 12:00:00 AM,1,0,0,36.308250,-86.822270,I 24,,,,0.00,,,,,,,38.00,N,Not at Intersection,N,Non-Junction,None,,,         ,Jeanine,Sarno,Cloudy,Not Collision with Motor Vehicle in Transport,no,no,no,no,no,False
102957524,METROPOLITAN NASHVILLE POLICE DEPT,20210223444,Davidson,Nashville,4/21/2021 11:43:00 AM,2,1,0,36.149690,-86.805930,ELLISTON PL,,,,187.00,Feet,South,23RD AVN,,,,0.00,N,Not at Intersection,N,Non-Junction,None,,,         ,Christopher,Cantrell,Clear,"Sideswipe, Same Direction",no,no,no,no,no,Campus
102957538,METROPOLITAN NASHVILLE POLICE DEPT,20210223419,Davidson,Nashville,4/21/2021 11:30:00 AM,2,1,0,36.082100,-86.761700,HARDING PL,,,,0.00,,,SIDCO DR,,,,0.00,Y,Four-Way,N,Entrance/Exit Ramp Related,None,,,         ,Earl,Davis,Clear,Angle,no,no,no,no,no,False
102957554,METROPOLITAN NASHVILLE POLICE DEPT,20210223578,Davidson,Nashville,4/21/2021 1:08:00 PM,2,0,0,36.134280,-86.779090,WEDGEWOOD AV,,,,0.00,,,8TH AVS,,,,0.00,Y,Four-Way,N,Intersection,None,,,         ,Earl,Davis,Cloudy,HeadOn,no,no,no,no,no,False
102957557,Metro Park Police,20210188412,Davidson,Nashville,4/3/2021 12:10:00 PM,2,2,0,36.134280,-86.779090,WEDGEWOOD AV,,,,0.00,,,8TH AVS,,,,0.00,Y,Four-Way,Y,Intersection,None,,,         ,Richard,Ellington,Clear,Angle,no,no,no,no,no,False
102957574,METROPOLITAN NASHVILLE POLICE DEPT,20210223573,Davidson,Nashville,4/21/2021 12:47:00 PM,2,0,0,36.138090,-86.820400,WEST END AV,,,,107.00,Feet,North,I440 W EXT RAMP,,,,0.00,N,Not at Intersection, ,Non-Junction,None,,,         ,Curtis,Rich,Clear,Front to Rear,no,no,no,no,yes,False
102957575,METROPOLITAN NASHVILLE POLICE DEPT,20210221892,Davidson,Nashville,4/20/2021 4:05:00 PM,2,3,0,36.155800,-86.780140,CLARK PL,,,,0.00,,,8TH AVS,,,,0.00,Y,T-Intersection,N,Non-Junction,None,,,         ,Michael,Douglas,Clear,"Sideswipe, Same Direction",no,no,no,no,no,False
102957578,METROPOLITAN NASHVILLE POLICE DEPT,20210223619,Davidson,Antioch,4/21/2021 1:24:00 PM,2,0,0,36.032030,-86.612040,OLD HICKORY BLVD,,,,230.00,Feet,South,PRESERVE BLVD,,,,0.00,N,Not at Intersection, ,,None,,,         ,Zachary,Akers,,,no,no,no,no,no,False
102957581,METROPOLITAN NASHVILLE POLICE DEPT,20210223512,Davidson,Nashville,4/21/2021 12:17:00 PM,2,0,0,36.204560,-86.809020,YOUNGS LN,,,,312.00,Feet,North,ROY ST,,,,0.00,N,Not at Intersection,N,Non-Junction,None,,,         ,Royce,McLester,Cloudy,"Sideswipe, Same Direction",no,no,no,no,yes,False
102957597,METROPOLITAN NASHVILLE POLICE DEPT,20210223487,Davidson,Nashville,4/21/2021 12:10:00 PM,2,1,0,36.028610,-86.654300,OLD FRANKLIN RD,,,,1610.00,Feet,West,CANE RIDGE RD,,,,0.00,N,Not at Intersection,N,Non-Junction,None,,,         ,James,Thomas,Clear,Front to Rear,no,no,no,no,yes,False
102957605,METROPOLITAN NASHVILLE POLICE DEPT,20210223671,Davidson,Nashville,4/21/2021 1:51:00 PM,3,0,0,36.126800,-86.814680,I 440,,,,0.00,,,,,,,2.25,N,Not at Intersection,N,Non-Junction,None,,,         ,Earl,Davis,Clear,Not Collision with Motor Vehicle in Transport,no,no,no,no,yes,False
102957616,METROPOLITAN NASHVILLE POLICE DEPT,20210223571,Davidson,Nashville,4/21/2021 11:45:00 AM,2,0,0,36.126590,-86.845350,HARDING PKE,,,,52.00,Feet,East,RIDGEFIELD WAY,,,,0.00,N,Not at Intersection, ,Non-Junction,None,,,         ,Darren,Key,Clear,Front to Rear,no,no,no,no,no,False
102957618,METROPOLITAN NASHVILLE POLICE DEPT,20210223616,Davidson,Nashville,4/21/2021 12:15:00 PM,2,1,0,36.087060,-86.691930,ANTIOCH PKE,,,,159.00,Feet,South,HARDING PL,,,,0.00,N,Not at Intersection,N,Non-Junction,None,,,         ,Kency,Le,Clear,Front to Rear,no,no,no,no,no,False
102957624,METROPOLITAN NASHVILLE POLICE DEPT,20210223653,Davidson,Nashville,4/21/2021 1:30:00 PM,2,0,0,36.172640,-86.766590,JAMES ROBERTSON PKWY ENT RAMP,,,,0.00,,,JAMES ROBERTSON PKWY,,,,0.00,Y,OTHER,N,Entrance/Exit Ramp Related,None,,,         ,Andrew,Ellis,Clear,Front to Rear,no,no,no,no,yes,False
102957629,METROPOLITAN NASHVILLE POLICE DEPT,20210223614,Davidson,Nashville,4/21/2021 12:56:00 PM,2,0,0,36.049980,-86.649500,MT VIEW RD,,,,0.00,,,BELL RD,,,,0.00,Y,Four-Way, ,Intersection,None,,,         ,Stanley,Collins,Clear,Angle,no,no,no,no,no,False
102957655,VANDERBILT UNIVERSITY POLICE,20210223587,Davidson,Nashville,4/21/2021 12:00:00 AM,2,0,0,36.145730,-86.798630,SCARRITT PL,,,,0.00,,,,,,,0.00,,,N,Non-Junction,None,,,         ,Christopher,Dion,,"Sideswipe, Opposite Direction",no,no,no,yes,yes,Campus
102957659,METROPOLITAN NASHVILLE POLICE DEPT,20210223810,Davidson,Nashville,4/21/2021 2:05:00 PM,2,1,0,36.152370,-86.837310,CHARLOTTE AV,,,,75.00,Feet,West,42ND AVN,,,,0.00,N,Not at Intersection,N,Non-Junction,None,,,         ,Heather,Fox,Clear,Front to Rear,no,no,no,no,yes,False
102957661,METROPOLITAN NASHVILLE POLICE DEPT,20210223724,Davidson,Nashville,4/21/2021 2:16:00 PM,1,0,0,36.194920,-86.720310,TAMMANY DR,,,,132.00,Feet,North,PEERMAN DR,,,,0.00,N,Not at Intersection,N,Non-Junction,None,,,         ,William,Clemons,Cloudy,Not Collision with Motor Vehicle in Transport,no,no,no,yes,no,False
102957683,METROPOLITAN NASHVILLE POLICE DEPT,20210223795,Davidson,Nashville,4/21/2021 2:30:00 PM,1,0,0,36.137550,-86.784880,ARGYLE AV,,,,156.00,Feet,West,10TH AVS,,,,0.00,N,Not at Intersection,N,Non-Junction,None,,,         ,Travis,Pemberton,Clear,Not Collision with Motor Vehicle in Transport,no,no,no,no,yes,False
102957692,METROPOLITAN NASHVILLE POLICE DEPT,20210223888,Davidson,Nashville,4/21/2021 3:43:00 PM,2,0,0,36.109710,-86.730230,THOMPSON LN,,,,252.00,Feet,East,MASHBURN RD,,,,0.00,N,Not at Intersection,N,Non-Junction,None,,,         ,Joseph,Hurst,Clear,Front to Rear,no,no,no,no,no,False
102957693,METROPOLITAN NASHVILLE POLICE DEPT,20210223901,Davidson,Nashville,4/21/2021 3:23:00 PM,2,0,0,36.099710,-86.661080,MURFREESBORO PKE,,,,642.00,Feet,West,OLD MURFREESBORO PKE,,,,0.00,N,Not at Intersection, ,Non-Junction,None,,,         ,Brandon,Simpkins,Clear,Front to Rear,no,no,no,no,no,False
102957705,METROPOLITAN NASHVILLE POLICE DEPT,20210223923,Davidson,Nashville,4/21/2021 3:50:00 PM,2,0,0,36.140080,-86.730740,I 24,,,,0.00,,,,,,,51.55,N,Not at Intersection,N,Non-Junction,None,,,         ,Douglas,Mann,Clear,Front to Rear,no,no,no,no,no,False
102957713,METROPOLITAN NASHVILLE POLICE DEPT,20210223841,Davidson,Nashville,4/21/2021 2:30:00 PM,2,0,0,36.138680,-86.799190,CAPERS AV,,,,378.00,Feet,West,VILLAGE AT VANDERBILT,,,,0.00,N,Not at Intersection,N,Non-Junction,None,,,         ,Goran,Manojlovic,Clear,Rear to Side,no,no,no,no,yes,Campus
102957724,METROPOLITAN NASHVILLE POLICE DEPT,20210223940,Davidson,Nashville,4/21/2021 3:57:00 PM,2,0,0,36.184270,-86.775120,I 24,,,,0.00,,,,,,,47.30,N,Not at Intersection, ,Non-Junction,None,,,         ,Jason,Milyaro Lucas,Clear,Front to Rear,no,no,no,no,no,False
102957725,METROPOLITAN NASHVILLE POLICE DEPT,20210223938,Davidson,Nashville,4/21/2021 3:50:00 PM,2,0,0,36.205890,-86.768610,E TRINITY LN,,,,0.00,,,DICKERSON PKE,,,,0.00,Y,Four-Way,N,Intersection,None,,,         ,Ciara,Doherty,Clear,Front to Rear,no,no,no,no,yes,False
102957727,METROPOLITAN NASHVILLE POLICE DEPT,20210223851,Davidson,Nashville,4/21/2021 3:15:00 PM,2,0,0,36.044770,-86.661440,BELL RD,,,,25.00,Feet,East,CANE RIDGE RD,,,,0.00,N,Not at Intersection,N,Non-Junction,None,,,         ,Beri,Scott,Clear,Angle,no,no,no,no,no,False
102957737,METROPOLITAN NASHVILLE POLICE DEPT,20210223947,Davidson,Nashville,4/21/2021 3:40:00 PM,2,0,0,36.198500,-86.620210,LEBANON PKE,,,,0.00,,,OLD HICKORY BLVD,,,,0.00,Y,Four-Way, ,,None,,,         ,Zaire,Murray,,,no,no,no,no,no,False
102957778,METROPOLITAN NASHVILLE POLICE DEPT,20210224005,Davidson,Nashville,4/21/2021 4:34:00 PM,2,0,0,36.143790,-86.729160,ELM HILL PKE,,,,380.00,Feet,East,ARLINGTON AV,,,,0.00,N,Not at Intersection, ,,None,,,         ,Evan,Grace,,,no,no,no,no,no,False
102957792,METROPOLITAN NASHVILLE POLICE DEPT,20210224047,Davidson,Nashville,4/21/2021 3:47:00 PM,2,0,0,36.072950,-86.685760,RADER DR,,,,545.00,Feet,East,CHEROKEE PL,,,,0.00,N,Not at Intersection,N,OtherLocation,None,,,         ,Beri,Scott,Clear,Front to Rear,no,no,no,yes,yes,False
102957800,METROPOLITAN NASHVILLE POLICE DEPT,20210223953,Davidson,Nashville,4/21/2021 1:52:00 PM,2,0,0,36.147050,-86.743680,I 40,,,,0.00,,,,,,,212.00,N,Not at Intersection, ,Non-Junction,None,,,         ,Tyler,Lewis,Clear,Front to Rear,no,no,no,no,yes,False
102957813,METROPOLITAN NASHVILLE POLICE DEPT,20210224122,Davidson,Not in City Limit,4/21/2021 6:00:00 PM,2,0,0,36.265350,-86.690110,MYATT DR,,,,430.00,Feet,South,N DUPONT AV,,,,0.00,N,Not at Intersection,N,Non-Junction,None,,,         ,Alexander,Hartle,Clear,HeadOn,no,no,no,no,yes,False
102957815,METROPOLITAN NASHVILLE POLICE DEPT,20210222142,Davidson,Nashville,4/20/2021 6:42:00 PM,2,0,0,36.040030,-86.743870,OLD HICKORY BLVD,,,,117.00,Feet,West,EDMONDSON PKE,,,,0.00,N,Not at Intersection,N,Non-Junction,None,,,         ,Dylan,Motes,Clear,Front to Rear,no,no,no,no,yes,False
102957819,METROPOLITAN NASHVILLE POLICE DEPT,20210224137,Davidson,Nashville,4/21/2021 4:58:00 PM,2,0,0,36.219760,-86.693350,BRILEY PKWYS,,,,31.00,Feet,South,BRILEY PKWY S EXT RAMP,,,,0.00,N,Not at Intersection, ,,None,,,         ,Evan,Grace,,,no,no,no,no,no,False
102957820,METROPOLITAN NASHVILLE POLICE DEPT,20210224099,Davidson,Nashville,4/21/2021 5:00:00 PM,2,0,0,36.218870,-86.803970,WHITES CREEK PKE,,,,299.00,Feet,North,MOORMANS ARM RD,,,,0.00,N,Not at Intersection,N,Non-Junction,None,,,         ,Chase,Harriman,Clear,Front to Rear,no,no,no,no,yes,False
102957821,METROPOLITAN NASHVILLE POLICE DEPT,20210224142,Davidson,Nashville,4/21/2021 4:39:00 PM,2,1,0,36.121570,-86.794880,KIRKWOOD AV,,,,0.00,,,BELMONT BLVD,,,,0.00,Y,T-Intersection,N,Intersection-Related,None,,,         ,William,Hamblen,Clear,Front to Rear,no,no,no,no,no,False
102957826,GOODLETTSVILLE POLICE DEPT,21-10611,Davidson,Goodlettsville,4/21/2021 6:00:00 PM,2,0,0,36.298410,-86.712980,I 65,,,,0.00,,,,,,,95.00,N,Not at Intersection,N,Non-Junction,None,,,         ,Michael,Morgan,Clear,Front to Rear,no,no,no,no,yes,False
102957829,METROPOLITAN NASHVILLE POLICE DEPT,20210224037,Davidson,Nashville,4/21/2021 5:00:00 PM,2,1,0,36.234310,-86.702890,BRILEY PKWYE,,,,958.00,Feet,West,BRILEY PKWYW,,,,0.00,N,Not at Intersection,N,Non-Junction,None,,,         ,Donovan,Coble,Clear,Front to Rear,no,no,no,no,no,False
102957850,METROPOLITAN NASHVILLE POLICE DEPT,20210224245,Davidson,Nashville,4/21/2021 5:19:00 PM,2,0,0,36.140120,-86.666170,I40 E EXT RAMP,,,,0.00,Feet,East,DONELSON PKE,,,,0.00,N,Not at Intersection, ,,None,,,         ,Rami,Rouhi,,,no,no,no,no,no,False
102957851,GOODLETTSVILLE POLICE DEPT,21-10610,Davidson,Goodlettsville,4/21/2021 6:00:00 PM,2,0,0,36.311240,-86.684000,STATE HWY 386,,,,0.65,Miles,East,CONFERENCE DR,,,,0.00,N,Not at Intersection,N,Non-Junction,None,,,         ,Shane,Farrell,Clear,Front to Rear,no,no,no,no,no,False
102957867,METROPOLITAN NASHVILLE POLICE DEPT,20210224197,Davidson,Nashville,4/21/2021 6:00:00 PM,3,0,0,36.170580,-86.805140,I 40,,,,0.00,,,,,,,207.40,N,Not at Intersection, ,Entrance/Exit Ramp Related,None,,,         ,Hendrik,Kruger,Clear,"Sideswipe, Same Direction",no,no,no,no,yes,False
102957872,METROPOLITAN NASHVILLE POLICE DEPT,20210224293,Davidson,Nashville,4/21/2021 6:13:00 PM,2,0,0,36.183620,-86.812340,18TH AVN,,,,3.00,Feet,North,MCDANIEL ST,,,,0.00,N,Not at Intersection, ,Non-Junction,None,,,         ,Jerica,Gladston,Clear,"Sideswipe, Opposite Direction",no,no,no,no,no,False
102957884,METROPOLITAN NASHVILLE POLICE DEPT,20210224284,Davidson,Nashville,4/21/2021 7:12:00 PM,2,0,0,36.234810,-86.775610,RICHMOND HILL DR,,,,0.00,Feet,East,MOOREWOOD DR,,,,0.00,N,Not at Intersection, ,Non-Junction,None,,,         ,Joshua,Dodge,Clear,Front to Rear,no,no,no,no,yes,False
102957925,METROPOLITAN NASHVILLE POLICE DEPT,20210223834,Davidson,Nashville,4/21/2021 3:09:00 PM,2,0,0,36.098750,-86.772080,FRANKLIN PKE,,,,0.00,,,NORWOOD DR,,,,0.00,Y,T-Intersection, ,,None,,,         ,Dylan,Motes,,,no,no,no,no,no,False
102957926,METROPOLITAN NASHVILLE POLICE DEPT,20210224132,Davidson,Nashville,4/21/2021 5:50:00 PM,2,0,0,36.114750,-86.772950,I 65,,,,0.00,,,,,,,80.10,N,Not at Intersection, ,Non-Junction,None,,,         ,Peyton,Wheatley,Clear,"Sideswipe, Same Direction",no,no,no,no,no,False
102957929,METROPOLITAN NASHVILLE POLICE DEPT,20210224188,Davidson,Nashville,4/21/2021 5:22:00 PM,2,0,0,36.187250,-86.794930,I65 N ENT RAMP,,,,0.00,,,I 65,,,,0.00,Y,Y-Intersection, ,Entrance/Exit Ramp Related,None,,,         ,Roy,Sain Jr.,Clear,"Sideswipe, Same Direction",no,no,no,no,no,False
102957941,METROPOLITAN NASHVILLE POLICE DEPT,20210223822,Davidson,Nashville,4/21/2021 3:00:00 PM,2,0,0,36.143580,-86.702010,I 40,,,,0.00,,,,,,,214.60,N,Not at Intersection,N,Non-Junction,None,,,         ,Dontaveous,Eubanks,Clear,Front to Rear,no,no,no,no,yes,False
102957942,METROPOLITAN NASHVILLE POLICE DEPT,20210224029,Davidson,Nashville,4/21/2021 4:50:00 PM,2,1,0,36.135990,-86.698810,ARBOR CREEK BLVD,,,,0.00,Feet,,BRILEY PKWY,,,,0.00,Y,Four-Way,Y,Intersection-Related,None,,,         ,Dontaveous,Eubanks,Clear,Front to Rear,no,no,no,no,yes,False
102957967,METROPOLITAN NASHVILLE POLICE DEPT,20210224447,Davidson,Nashville,4/21/2021 8:40:00 PM,1,0,0,36.134150,-86.895440,I 40,,,,0.00,,,,,,,201.40,N,Not at Intersection,N,Non-Junction,None,,,         ,Robert,Crow,Clear,Not Collision with Motor Vehicle in Transport,no,no,no,no,no,False
102957972,METROPOLITAN NASHVILLE POLICE DEPT,20210224453,Davidson,Nashville,4/21/2021 8:25:00 PM,2,0,0,36.204940,-86.771250,LUCAS LN,,,,417.00,Feet,South,W TRINITY LN,,,,0.00,N,Not at Intersection, ,Non-Junction,None,,,         ,Jeremy,Smith,Clear,Angle,no,no,no,no,no,False
102957973,METROPOLITAN NASHVILLE POLICE DEPT,20210219810,Davidson,Nashville,4/21/2021 5:00:00 PM,3,0,0,36.238200,-86.784140,BRILEY PKWYW,,,,276.00,Feet,East,I24 W ENT RAMP,,,,0.00,N,Not at Intersection,N,Non-Junction,None,,,         ,Wallace,Seay III,Clear,Front to Rear,no,no,no,no,yes,False
102957979,METROPOLITAN NASHVILLE POLICE DEPT,20210224300,Davidson,Nashville,4/21/2021 7:20:00 PM,2,2,0,36.032120,-86.743810,EDMONDSON PKE,,,,601.00,Feet,North,CLOVERLAND DR,,,,0.00,N,Not at Intersection,N,Non-Junction,None,,,         ,Nicholas,Carroll,Clear,Other,no,no,no,no,no,False
102957997,METROPOLITAN NASHVILLE POLICE DEPT,20210224324,Davidson,Nashville,4/21/2021 7:32:00 PM,2,0,0,36.066700,-86.636650,BELL RD,,,,52.00,Feet,North,MORRIS GENTRY BLVD,,,,0.00,N,Not at Intersection,N,Non-Junction,None,,,         ,Beri,Scott,Clear,Angle,no,no,no,no,no,False
102958038,THP District 3 - Nashville,321025741,Davidson,Nashville,4/20/2021 9:40:00 PM,1,1,0,36.035690,-86.783210,I 65,,,,0.00,,,,,,,74.35,N,Not at Intersection,N,Non-Junction,None,,,         ,Bryan,Hawkins,Clear,Not Collision with Motor Vehicle in Transport,no,no,no,no,no,False
102958061,METROPOLITAN NASHVILLE POLICE DEPT,2021-0224586,Davidson,Nashville,4/21/2021 10:23:00 PM,2,0,0,36.153990,-86.758440,I 40,,,,0.00,,,,,,,211.10,N,Not at Intersection,Y,Non-Junction,Maintenance Zone,Lane Shift-Crossover,Transition Area,         ,Joshua,McGarvey,,"Sideswipe, Same Direction",no,no,no,no,yes,False
102958066,METROPOLITAN NASHVILLE POLICE DEPT,20210224595,Davidson,Nashville,4/21/2021 9:05:00 PM,2,0,0,36.070850,-86.727820,ADAMWOOD CTN,,,,143.00,Feet,East,ADAMWOOD DR,,,,0.00,N,Not at Intersection,N,Non-Junction,None,,,         ,Tony,Mingsing,Clear,Unknown,no,no,no,yes,yes,False
102958079,BELLE MEADE POLICE DEPT,21-0093,Davidson,Belle Meade,4/21/2021 8:20:00 PM,2,0,0,36.102200,-86.856930,BELLE MEADE BLVD,,,,0.00,,,LEAKE AV,,,,0.00,Y,T-Intersection, ,Intersection,None,,,         ,Dale,Corter,Clear,Angle,no,no,no,no,no,False
102958084,METROPOLITAN NASHVILLE POLICE DEPT,20210224858,Davidson,Nashville,4/22/2021 2:23:00 AM,2,0,0,36.166800,-86.610360,I40 E EXT RAMP,,,,0.00,Feet,East,I 40,,,,0.00,N,Not at Intersection,Y,Entrance/Exit Ramp Related,None,,,         ,Torry,Hill,,"Sideswipe, Same Direction",no,no,no,no,yes,False
102958094,METROPOLITAN NASHVILLE POLICE DEPT,20210224904,Davidson,Nashville,4/22/2021 3:00:00 AM,1,2,0,36.182390,-86.799090,I65 N EXT RAMP,,,,0.00,Feet,East,I 65,,,,0.00,N,Not at Intersection,N,Entrance/Exit Ramp Related,None,,,         ,Dakota,Vermillion,Clear,Not Collision with Motor Vehicle in Transport,no,no,no,no,no,False
102958096,METROPOLITAN NASHVILLE POLICE DEPT,20210224934,Davidson,Nashville,4/22/2021 12:00:00 AM,2,0,0,36.082330,-86.713920,WHISPERING OAKS PL,,,,158.00,Feet,East,TANGLEWOOD CT,,,,0.00,N,Not at Intersection, ,Non-Junction,None,,,         ,Antoine,Maghamez,Clear,Front to Rear,no,no,no,yes,no,False
102958111,METROPOLITAN NASHVILLE POLICE DEPT,20210224920,Davidson,Nashville,4/22/2021 2:50:00 AM,2,0,0,36.137340,-86.699750,BRILEY,PKWY,,,0.00,Feet,,GLASTONBURY,RD,,,0.00,Y,T-Intersection,N,Intersection,None,,,         ,Corey,Ethridge,,Front to Rear,no,no,no,no,yes,False
102958161,BERRY HILL POLICE DEPT,21-1183,Davidson,Berry Hill,4/21/2021 1:23:00 PM,2,0,0,36.120190,-86.771030,FESSEY PARK RD,,,,0.00,,,,,,,0.00,,, ,OtherLocation,None,,,         ,Ronnie,Hill,Cloudy,"Sideswipe, Opposite Direction",no,no,no,yes,no,False
102958173,METROPOLITAN NASHVILLE POLICE DEPT,20210225136,Davidson,Nashville,4/22/2021 6:24:00 AM,2,0,0,36.209030,-86.690830,BRILEY PKWYS,,,,477.00,Feet,West,KIMBERLY DR,,,,0.00,N,Not at Intersection,N,Non-Junction,None,,,         ,Michael,Dance,Clear,Front to Rear,no,no,no,no,no,False
102958174,METROPOLITAN NASHVILLE POLICE DEPT,20210225153,Davidson,Antioch,4/22/2021 6:36:00 AM,2,0,0,36.040200,-86.610090,HOBSON PKE,,,,1422.00,Feet,West,MURFREESBORO PKE,,,,0.00,N,Not at Intersection, ,Non-Junction,Construction Zone,,,         ,Joe,Hooper,,Front to Rear,no,no,no,no,no,False
102958185,METROPOLITAN NASHVILLE POLICE DEPT,20210225157,Davidson,Nashville,4/22/2021 6:50:00 AM,3,0,0,36.131730,-86.726910,I24E,,,,527.00,Feet,North,I24 W ENT RAMP,,,,0.00,N,Not at Intersection, ,,None,,,         ,Neil,Wolfe,,,no,no,no,no,no,False
102958187,METROPOLITAN NASHVILLE POLICE DEPT,20210225202,Davidson,Nashville,4/22/2021 7:30:00 AM,3,0,0,36.108560,-86.769310,I 65,,,,0.00,,,,,,,79.60,N,Not at Intersection, ,Non-Junction,None,,,         ,D’Mitri,Mackall,Clear,Front to Rear,no,no,no,no,no,False
102958193,METROPOLITAN NASHVILLE POLICE DEPT,20210225119,Davidson,Nashville,4/22/2021 6:41:00 AM,2,0,0,36.160870,-86.793310,CHARLOTTE AV,,,,0.00,Feet,East,I40 E EXT RAMP,,,,0.00,N,Not at Intersection, ,Non-Junction,None,,,         ,Ronald,Bright,Cloudy,Front to Rear,no,no,no,no,no,False
102958207,METROPOLITAN NASHVILLE POLICE DEPT,20210225273,Davidson,Nashville,4/22/2021 8:13:00 AM,2,0,0,36.071020,-86.635240,MURFREESBORO PKE,,,,415.00,Feet,South,BELL RD,,,,0.00,N,Not at Intersection, ,Non-Junction,None,,,         ,Joe,Hooper,Clear,Angle,no,no,no,no,no,False
102958210,METROPOLITAN NASHVILLE POLICE DEPT,20210225288,Davidson,Nashville,4/22/2021 8:10:00 AM,2,0,0,36.143680,-86.732770,ELM HILL PKE,,,,685.00,Feet,West,ARLINGTON AV,,,,0.00,N,Not at Intersection,N,Non-Junction,None,,,         ,Michael,Dance,Clear,Front to Rear,no,no,no,no,yes,False
102958211,METROPOLITAN NASHVILLE POLICE DEPT,20210225321,Davidson,Nashville,4/22/2021 8:22:00 AM,1,0,0,36.154180,-86.835100,I 40,,,,0.00,,,,,,,205.20,N,Not at Intersection,N,Non-Junction,None,,,         ,Curtis,Rich,Clear,Not Collision with Motor Vehicle in Transport,no,no,no,no,no,False
102958212,METROPOLITAN NASHVILLE POLICE DEPT,20210225245,Davidson,Nashville,4/22/2021 6:00:00 AM,1,0,0,36.090270,-86.626230,SMITH SPRINGS RD,,,,81.00,Feet,East,BELL RD,,,,0.00,N,Not at Intersection,Y,Non-Junction,None,,,         ,Zachary,Akers,Clear,Not Collision with Motor Vehicle in Transport,no,no,no,no,no,False