master_record_number,agency,agency_tracking_number,county,city,collision_date,vehicles_involved,number_injured,number_dead,latitude,longitude,roadway_name,roadway_suffix,roadway_number,roadway_local_id,distance_from_reference,miles-feet_indicator,direction_from_reference,intersection_road_name,intersection_road_name_suffix,intersection_road_number,intersection_local_id,mile_marker,intersection_indicator,intersect_type,interchange_related_indicator,relation_to_junction,work_zone_type,construction_maintenance_zone,construction_maintenance_zone_location,fatal_case_number,officer_first_name,officer_last_name,weather_condition(s),manner_of_crash,pedestrian,bicycle,scooter,parking,hitrun,mou
102963275,METROPOLITAN NASHVILLE POLICE DEPT,20210235384,Davidson,Nashville,4/27/2021 2:28:00 PM,2,2,0,36.196910,-86.732310,SCOTT AV,,,,66.00,Feet,South,JEANS CT,,,,0.00,N,Not at Intersection,N,Non-Junction,None,,,         ,Michael,Agee,Clear,HeadOn,no,no,no,no,no,False
102963277,METROPOLITAN NASHVILLE POLICE DEPT,20210235472,Davidson,Nashville,4/27/2021 3:00:00 PM,2,0,0,36.144100,-86.873100,WATTS LN,,,,0.00,,,CHARLOTTE PKE,,,,0.00,Y,Four-Way, ,Intersection-Related,None,,,         ,Torian,Cox,Clear,Front to Rear,no,no,no,no,yes,False
102963278,METROPOLITAN NASHVILLE POLICE DEPT,20210235450,Davidson,Not in City Limit,4/27/2021 2:51:00 PM,2,1,0,36.279540,-86.750070,DICKERSON PKE,,,,774.00,Feet,North,NESBITT DR,,,,0.00,N,Not at Intersection,N,Non-Junction,None,,,         ,Austin,Bowles,Clear,Front to Rear,no,no,no,no,no,False
102963287,METROPOLITAN NASHVILLE POLICE DEPT,20210235417,Davidson,Not in City Limit,4/27/2021 12:00:00 AM,2,0,0,36.321590,-86.854680,I 24,,,,0.00,,,,,,,35.70,N,Not at Intersection,N,Non-Junction,None,,,         ,Melvin,Taylor,Clear,"Sideswipe, Same Direction",no,no,no,no,yes,False
102963293,BERRY HILL POLICE DEPT,21-1243,Davidson,Berry Hill,4/27/2021 12:00:00 AM,2,0,0,36.125970,-86.767970,CRAIGHEAD ST,,,,619.00,Feet,West,BRANSFORD AV,,,,0.00,N,Not at Intersection, ,Non-Junction,None,,,         ,John,Gleixner,Clear,Front to Rear,no,no,no,no,yes,False
102963302,METROPOLITAN NASHVILLE POLICE DEPT,20210235369,Davidson,Not in City Limit,4/27/2021 2:15:00 PM,2,2,0,36.270000,-86.755330,DICKERSON PKE,,,,293.00,Feet,North,OLD HICKORY BLVD,,,,0.00,N,Not at Intersection,N,Non-Junction,None,,,         ,Joshua,Goepper,Clear,Front to Rear,no,no,no,yes,no,False
102963311,METROPOLITAN NASHVILLE POLICE DEPT,20210235445,Davidson,Nashville,4/27/2021 2:15:00 PM,2,0,0,36.158630,-86.792190,14TH AVN,,,,135.00,Feet,South,I40 E EXT RAMP,,,,0.00,N,Not at Intersection, ,,None,,,         ,David,Rehm,,,no,no,no,no,no,False
102963315,METROPOLITAN NASHVILLE POLICE DEPT,20210235517,Davidson,Nashville,4/27/2021 2:06:00 PM,2,0,0,36.074170,-86.663220,UNA ANTIOCH PKE,,,,19.00,Feet,North,PEBBLE CREEK DR,,,,0.00,N,Not at Intersection,N,Non-Junction,None,,,         ,Beri,Scott,Clear,Front to Rear,no,no,no,no,yes,False
102963357,METROPOLITAN NASHVILLE POLICE DEPT,20210235649,Davidson,Nashville,4/27/2021 4:30:00 PM,2,0,0,36.152380,-86.753810,I 40,,,,0.00,,,,,,,211.35,N,Not at Intersection, ,,None,,,         ,Reagan,Heath,,,no,no,no,no,no,False
102963358,METROPOLITAN NASHVILLE POLICE DEPT,20210235659,Davidson,Nashville,4/27/2021 4:40:00 PM,2,0,0,36.150010,-86.748570,I 40,,,,0.00,,,,,,,211.70,N,Not at Intersection, ,,None,,,         ,Douglas,Mann,,,no,no,no,no,no,False
102963361,VANDERBILT UNIVERSITY POLICE,2021-0235565,Davidson,Nashville,4/27/2021 3:09:00 PM,2,0,0,36.139580,-86.804290,PIERCE AV,,,,0.00,,,,,,,0.00,,, ,Non-Junction,None,,,         ,Donald,McCormick,Clear,Other,no,no,no,yes,no,Campus
102963362,METROPOLITAN NASHVILLE POLICE DEPT,20210235604,Davidson,Nashville,4/27/2021 4:10:00 PM,2,1,0,36.098960,-86.717510,MCCALL ST,,,,0.00,,,ANTIOCH PKE,,,,0.00,Y,T-Intersection,N,Intersection,None,,,         ,Beri,Scott,Clear,Angle,no,no,no,no,no,False
102963364,METROPOLITAN NASHVILLE POLICE DEPT,20210235671,Davidson,Nashville,4/27/2021 4:55:00 PM,2,0,0,36.111140,-86.745330,NOLENSVILLE PKE,,,,80.00,Feet,North,THOMPSON LN,,,,0.00,N,Not at Intersection,N,Non-Junction,None,,,         ,John,Walden,Clear,Front to Rear,no,no,no,no,yes,False
102963366,BELLE MEADE POLICE DEPT,21-0096,Davidson,Belle Meade,4/27/2021 3:32:00 PM,2,0,0,36.113270,-86.862950,JACKSON BLVD,,,,0.00,,,HARDING PKE,,,,0.00,Y,T-Intersection,N,Intersection,None,,,         ,Wes,Bowker,,Angle,no,no,no,no,no,False
102963398,METROPOLITAN NASHVILLE POLICE DEPT,20210235613,Davidson,Goodlettsville,4/27/2021 4:19:00 PM,2,0,0,36.300380,-86.694600,SHEPHERD HILLS DR,,,,157.00,Feet,South,RIVERGATE MALL PVTDR,,,,0.00,N,Not at Intersection, ,Non-Junction,None,,,         ,Christopher,Littles,Clear,Front to Rear,no,no,no,no,no,False
102963399,METROPOLITAN NASHVILLE POLICE DEPT,20210235690,Davidson,Not in City Limit,4/27/2021 4:37:00 PM,2,0,0,36.272550,-86.689530,MYATT DR,,,,159.00,Feet,North,ANDERSON LN,,,,0.00,N,Not at Intersection,N,Non-Junction,None,,,         ,Christopher,Littles,Clear,Front to Rear,no,no,no,yes,yes,False
102963438,METROPOLITAN NASHVILLE POLICE DEPT,20210235632,Davidson,Nashville,4/27/2021 4:32:00 PM,2,0,0,36.150900,-86.770640,4TH AVS,,,,0.00,,,I40 W EXT RAMP,,,,0.00,Y,Four-Way, ,,None,,,         ,James,Hill,,,no,no,no,no,no,False
102963439,METROPOLITAN NASHVILLE POLICE DEPT,20210235582,Davidson,Nashville,4/27/2021 3:34:00 PM,2,0,0,36.046090,-86.713350,NOLENSVILLE PKE,,,,263.00,Feet,North,OLD HICKORY BLVD,,,,0.00,N,Not at Intersection,N,Non-Junction,None,,,         ,Robert,Higgins,Clear,Angle,no,no,no,no,no,False
102963443,VANDERBILT UNIVERSITY POLICE,20210235511,Davidson,Nashville,4/27/2021 3:00:00 PM,2,0,0,36.140570,-86.802680,PIERCE AV,,,,0.00,,,,,,,0.00,,, ,,None,,,         ,James,McDaniel,,,no,no,no,no,no,Campus
102963445,GOODLETTSVILLE POLICE DEPT,21-11204,Davidson,Goodlettsville,4/27/2021 4:00:00 PM,2,0,0,36.299150,-86.712320,I 65,,,,0.00,,,,,,,95.10,N,Not at Intersection, ,Non-Junction,None,,,         ,George,Henry,Clear,Front to Rear,no,no,no,no,yes,False
102963446,METROPOLITAN NASHVILLE POLICE DEPT,20210235547,Davidson,Nashville,4/27/2021 3:40:00 PM,2,0,0,36.121510,-86.763020,I 440,,,,0.00,,,,,,,5.60,N,Not at Intersection, ,Non-Junction,None,,,         ,Peyton,Wheatley,Clear,Front to Rear,no,no,no,no,no,False
102963447,METROPOLITAN NASHVILLE POLICE DEPT,20210235692,Davidson,Nashville,4/27/2021 4:27:00 PM,2,1,0,36.084520,-86.704720,HARDING PL,,,,367.00,Feet,East,LARGO DR,,,,0.00,N,Not at Intersection,N,Non-Junction,None,,,         ,Beri,Scott,Clear,Angle,no,no,no,no,yes,False
102963458,METROPOLITAN NASHVILLE POLICE DEPT,20210235824,Davidson,Nashville,4/27/2021 6:40:00 PM,2,0,0,36.135310,-86.823550,ELMINGTON AV,,,,0.00,,,WEST END AV,,,,0.00,Y,T-Intersection, ,Intersection,None,,,         ,Heather,Fox,Clear,Angle,no,no,no,no,no,False
102963471,VANDERBILT UNIVERSITY POLICE,2021-0235802,Davidson,Nashville,4/27/2021 12:00:00 AM,2,0,0,36.138640,-86.803960,CHILDRENS WAY,,,,0.00,,,,,,,0.00,,, ,Non-Junction,None,,,         ,Donald,McCormick,Clear,Unknown,no,no,no,yes,no,Campus
102963474,METROPOLITAN NASHVILLE POLICE DEPT,20210235777,Davidson,Nashville,4/27/2021 12:00:00 AM,2,0,0,36.251730,-86.740300,I 65,,,,0.00,,,,,,,91.35,N,Not at Intersection,N,Non-Junction,None,,,         ,Wesley,Carver,Clear,Unknown,no,no,no,yes,yes,False
102963493,METROPOLITAN NASHVILLE POLICE DEPT,20210235789,Davidson,Nashville,4/27/2021 6:14:00 PM,2,0,0,36.180110,-86.643670,LEBANON PKE,,,,91.00,Feet,North,DANYACREST DR,,,,0.00,N,Not at Intersection,N,Non-Junction,None,,,         ,Zaire,Murray,,Front to Rear,no,no,no,no,no,False
102963501,METROPOLITAN NASHVILLE POLICE DEPT,20210235919,Davidson,Goodlettsville,4/27/2021 7:50:00 PM,1,2,0,36.291270,-86.694030,MYATT DR,,,,103.00,Feet,North,EDENWOLD RD,,,,0.00,N,Not at Intersection,N,Non-Junction,None,,,         ,Christopher,Littles,Clear,Not Collision with Motor Vehicle in Transport,no,no,no,no,no,False
102963512,METROPOLITAN NASHVILLE POLICE DEPT,20210235925,Davidson,Nashville,4/27/2021 7:54:00 PM,2,3,0,36.086870,-86.696160,HARDING PL,,,,60.00,Feet,West,METROPLEX DR,,,,0.00,N,Not at Intersection,N,Non-Junction,None,,,         ,Laura,Williams,Clear,Front to Rear,no,no,no,no,no,False
102963514,METROPOLITAN NASHVILLE POLICE DEPT,20210235818,Davidson,Nashville,4/27/2021 6:30:00 PM,3,0,0,36.090530,-86.627260,SMITH SPRINGS RD,,,,237.00,Feet,West,BELL RD,,,,0.00,N,Not at Intersection, ,Non-Junction,Construction Zone,,,         ,Phillip,Burke,,Front to Rear,no,no,no,no,no,False
102963519,METROPOLITAN NASHVILLE POLICE DEPT,20210235881,Davidson,Old Hickory,4/27/2021 4:35:00 PM,2,0,0,36.255840,-86.654000,MERRITT ST,,,,0.00,,,ROBINSON RD,,,,0.00,Y,T-Intersection, ,Intersection,None,,,         ,Destiny,Zunic,,Angle,no,no,no,no,no,False
102963550,METROPOLITAN NASHVILLE POLICE DEPT,20210235816,Davidson,Nashville,4/27/2021 6:30:00 PM,1,0,0,36.153510,-86.787540,I40 W EXT RAMP,,,,0.00,Feet,East,I 40,,,,0.00,N,Not at Intersection,N,Non-Junction,None,,,         ,Michael,Moss,Cloudy,Not Collision with Motor Vehicle in Transport,no,no,no,no,no,False
102963565,METROPOLITAN NASHVILLE POLICE DEPT,20210235757,Davidson,Nashville,4/27/2021 4:59:00 PM,2,0,0,36.025480,-86.713650,BRADFORD HILLS DR,,,,178.00,Feet,West,NOLENSVILLE PKE,,,,0.00,N,Not at Intersection, ,Non-Junction,None,,,         ,Dylan,Motes,Clear,Angle,no,no,no,no,no,False
102963590,BERRY HILL POLICE DEPT,21-1203,Davidson,Berry Hill,4/23/2021 6:34:00 PM,2,0,0,36.120420,-86.775130,FRANKLIN PKE,,,,0.00,,,GALE LN,,,,0.00,Y,OTHER, ,Non-Junction,None,,,         ,Steven,Henry Jr.,Clear,Angle,no,no,no,yes,yes,False
102963591,METROPOLITAN NASHVILLE POLICE DEPT,20210235991,Davidson,Nashville,4/27/2021 8:41:00 PM,2,0,0,36.134580,-86.723380,MURFREESBORO PKE,,,,316.00,Feet,West,PLUS PARK BLVD,,,,0.00,N,Not at Intersection, ,,None,,,         ,Beri,Scott,,,no,no,no,no,no,False
102963592,METROPOLITAN NASHVILLE POLICE DEPT,20210235639,Davidson,Nashville,4/27/2021 4:23:00 PM,2,0,0,36.134210,-86.889320,CHARLOTTE PKE,,,,262.00,Feet,East,HILLWOOD PRIVATE CV,,,,0.00,N,Not at Intersection, ,Non-Junction,None,,,         ,Jeremy,Huffine,Clear,Front to Rear,no,no,no,no,no,False
102963601,METROPOLITAN NASHVILLE POLICE DEPT,20210235911,Davidson,Nashville,4/27/2021 7:41:00 PM,2,2,0,36.067410,-86.631250,MURFREESBORO PKE,,,,0.00,,,FOREST VIEW DR,,,,0.00,Y,Four-Way,N,Intersection,None,,,         ,Robert,Higgins,Clear,Angle,no,no,no,no,no,False
102963607,METROPOLITAN NASHVILLE POLICE DEPT,20210235977,Davidson,Nashville,4/27/2021 8:33:00 PM,2,4,0,36.064790,-86.628480,HAMILTON CHURCH RD,,,,0.00,Feet,,MURFREESBORO PKE,,,,0.00,Y,Four-Way,N,Intersection,None,,,         ,Nathaniel,Myers,Clear,Angle,no,no,no,no,no,False
102963608,BERRY HILL POLICE DEPT,21-1232,Davidson,Berry Hill,4/27/2021 8:58:00 PM,2,0,0,36.126520,-86.777190,FRANKLIN PKE,,,,124.00,Feet,North,CRAIGHEAD ST,,,,0.00,N,Not at Intersection,N,Non-Junction,None,,,         ,Anthony,Russo,Clear,Front to Rear,no,no,no,yes,yes,False
102963610,METROPOLITAN NASHVILLE POLICE DEPT,20210236035,Davidson,Nashville,4/27/2021 8:45:00 PM,2,0,0,36.119050,-86.775730,GALE LN,,,,260.00,Feet,North,GALE PARK LN,,,,0.00,N,Not at Intersection, ,,None,,,         ,David,Rehm,,,no,no,no,no,no,False
102963661,METROPOLITAN NASHVILLE POLICE DEPT,20210235711,Davidson,Nashville,4/27/2021 4:36:00 PM,2,1,0,36.090890,-86.703750,I 24,,,,0.00,,,,,,,55.30,N,Not at Intersection,N,Non-Junction,None,,,         ,Austin,Binner,Clear,Front to Rear,no,no,no,no,no,False
102963690,METROPOLITAN NASHVILLE POLICE DEPT,20210236134,Davidson,Nashville,4/27/2021 10:10:00 PM,2,0,0,36.210920,-86.733110,GREENFIELD AV,,,,0.00,,,GALLATIN PKE,,,,0.00,Y,T-Intersection,N,Intersection-Related,None,,,         ,Dillon,Hunt,Clear,Front to Rear,no,no,no,no,yes,False
102963691,METROPOLITAN NASHVILLE POLICE DEPT,20210236122,Davidson,Nashville,4/27/2021 10:30:00 PM,2,0,0,36.185190,-86.798250,ROSA L PARKS BLVD,,,,0.00,,,I65 S EXT RAMP,,,,0.00,Y,Y-Intersection,Y,Entrance/Exit Ramp Related,None,,,         ,Jonathan,Sharp,Clear,Angle,no,no,no,no,no,False
102963710,METROPOLITAN NASHVILLE POLICE DEPT,20210236090,Davidson,Nashville,4/27/2021 9:52:00 PM,3,0,0,36.150800,-86.785460,I 40,,,,0.00,,,,,,,209.50,N,Not at Intersection,N,Non-Junction,None,,,         ,James,Hill,Clear,Angle,no,no,no,no,yes,False
102963718,METROPOLITAN NASHVILLE POLICE DEPT,20210236266,Davidson,Nashville,4/28/2021 12:00:00 AM,1,0,0,36.069460,-86.687540,I24 W EXT RAMP,,,,0.00,,,I 24,,,,0.00,Y,T-Intersection,Y,Intersection,None,,,         ,Alex,DiBernardo,Clear,Not Collision with Motor Vehicle in Transport,no,no,no,no,yes,False
102963719,METROPOLITAN NASHVILLE POLICE DEPT,20210236155,Davidson,Nashville,4/27/2021 10:32:00 PM,2,0,0,36.115630,-86.917120,I 40,,,,0.00,,,,,,,199.65,N,Not at Intersection,N,Non-Junction,Construction Zone,Laneclosure,Before First Warning Area,         ,Christopher,Alceus,Clear,"Sideswipe, Same Direction",no,no,no,no,yes,False
102963721,METROPOLITAN NASHVILLE POLICE DEPT,20210236148,Davidson,Nashville,4/27/2021 8:53:00 PM,2,0,0,36.178240,-86.809010,CENTURY ST,,,,170.00,Feet,East,17TH AVN,,,,0.00,N,Not at Intersection,N,Non-Junction,None,,,         ,Dakota,Vermillion,Clear,"Sideswipe, Opposite Direction",no,no,no,no,yes,False
102963722,METROPOLITAN NASHVILLE POLICE DEPT,20210236252,Davidson,Madison,4/27/2021 11:57:00 PM,1,0,0,36.277100,-86.690020,MYATT DR,,,,393.00,Feet,South,MADISON INDUSTRIAL RD,,,,0.00,N,Not at Intersection,N,Non-Junction,None,,,         ,John,Hoesli,Clear,Not Collision with Motor Vehicle in Transport,no,no,no,no,yes,False
102963742,METROPOLITAN NASHVILLE POLICE DEPT,20210236242,Davidson,Nashville,4/27/2021 11:45:00 PM,2,0,0,36.165440,-86.756070,DEW ST,,,,115.00,Feet,West,S 8TH CT,,,,0.00,N,Not at Intersection,N,Non-Junction,None,,,         ,Shaquille,Graham,Clear,"Sideswipe, Same Direction",no,no,no,no,yes,False
102963747,METROPOLITAN NASHVILLE POLICE DEPT,20210236247,Davidson,Nashville,4/27/2021 11:12:00 PM,2,0,0,36.141140,-86.717820,I 40,,,,0.00,,,,,,,213.75,N,Not at Intersection,N,Non-Junction,None,,,         ,Randall,Ward,,"Sideswipe, Same Direction",no,no,no,no,yes,False
102963753,METROPOLITAN NASHVILLE POLICE DEPT,20210236179,Davidson,Nashville,4/27/2021 11:00:00 PM,1,0,0,36.160670,-86.823120,BATAVIA ST,,,,69.00,Feet,West,31ST AVN,,,,0.00,N,Not at Intersection, ,,None,,,         ,Thomas,Clingan,,,no,no,no,no,no,False
102963754,METROPOLITAN NASHVILLE POLICE DEPT,20210236131,Davidson,Not in City Limit,4/27/2021 10:30:00 PM,1,1,0,36.265500,-86.707390,DULING AV,,,,62.00,Feet,West,KATE ST,,,,0.00,N,Not at Intersection,N,Non-Junction,None,,,         ,Aaron,Jumonville,Clear,Not Collision with Motor Vehicle in Transport,no,no,no,no,no,False
102963761,METROPOLITAN NASHVILLE POLICE DEPT,20210236216,Davidson,Nashville,4/27/2021 10:55:00 PM,3,2,0,36.105300,-86.717710,I 24,,,,0.00,,,,,,,54.10,N,Not at Intersection,N,Non-Junction,Maintenance Zone,Work On Shoulder Or Median,Activity Area,         ,Dillon,Gann,Clear,Front to Rear,no,no,no,no,no,False
102963769,METROPOLITAN NASHVILLE POLICE DEPT,20210236375,Davidson,Nashville,4/28/2021 1:55:00 AM,1,0,0,36.035420,-86.783010,I 65,,,,0.00,,,,,,,74.30,N,Not at Intersection,N,Entrance/Exit Ramp Related,None,,,         ,Kelsey,Hicks,Clear,Not Collision with Motor Vehicle in Transport,no,no,no,no,no,False
102963794,METROPOLITAN NASHVILLE POLICE DEPT,20210236436,Davidson,Nashville,4/28/2021 2:52:00 AM,2,1,0,36.069590,-86.693910,HAYWOOD LN,,,,0.00,,,EZELL RD,,,,0.00,Y,Four-Way,N,Intersection,None,,,         ,William,Williams,Clear,Angle,no,no,no,no,no,False
102963839,METROPOLITAN NASHVILLE POLICE DEPT,20210236624,Davidson,Nashville,4/28/2021 5:43:00 AM,2,1,0,36.109450,-86.727780,BRILEY PKWYS,,,,78.00,Feet,East,BRILEY PKWYN,,,,0.00,N,Not at Intersection,N,Non-Junction,None,,,         ,Dillon,Gann,Clear,Angle,no,no,no,no,no,False
102963851,Metro Park Police,20210235611,Davidson,Not in City Limit,4/27/2021 4:15:00 PM,1,0,0,36.268180,-86.750610,OLD HICKORY BLVDW,,,,0.00,,,NESBITT DR,,,,0.00,,Not at Intersection, ,,None,,,         ,Jerry,"Moore, Jr.",,,no,no,no,no,no,False
102963852,METROPOLITAN NASHVILLE POLICE DEPT,20210235146,Davidson,Nashville,4/27/2021 12:06:00 PM,2,0,0,36.162960,-86.780680,CHURCH ST,,,,164.00,Feet,West,5TH AVN,,,,0.00,N,Not at Intersection, ,Non-Junction,None,,,         ,Wesley,Young,Clear,Angle,no,no,no,no,no,False
102963854,METROPOLITAN NASHVILLE POLICE DEPT,20210236686,Davidson,Nashville,4/28/2021 6:45:00 AM,2,0,0,36.151460,-86.857740,WHITE BRIDGE PKE,,,,0.00,,,I40 E ENT RAMP,,,,0.00,Y,T-Intersection,N,Intersection,None,,,         ,Curtis,Rich,Cloudy,Angle,no,no,no,no,no,False
102963855,METROPOLITAN NASHVILLE POLICE DEPT,20210236721,Davidson,Nashville,4/28/2021 6:02:00 AM,2,0,0,36.147550,-86.758650,LAFAYETTE ST,,,,0.00,,,LEWIS ST,,,,0.00,Y,Four-Way,N,Intersection,None,,,         ,Michael,Dance,Clear,Angle,no,no,no,no,yes,False
102963900,METROPOLITAN NASHVILLE POLICE DEPT,20210236787,Davidson,Nashville,4/28/2021 12:00:00 AM,1,0,0,36.146570,-86.754700,MURFREESBORO PKE,,,,316.00,Feet,West,EXPRESSWAY PARK DR,,,,0.00,N,Not at Intersection,N,Non-Junction,None,,,         ,Michael,Dance,Unknown,Not Collision with Motor Vehicle in Transport,no,no,no,yes,yes,False
102963915,METROPOLITAN NASHVILLE POLICE DEPT,20210236805,Davidson,Nashville,4/28/2021 7:35:00 AM,2,3,0,36.277140,-86.795210,OLD HICKORY BLVD,,,,294.00,Feet,East,HICKORY HILLS BLVD,,,,0.00,N,Not at Intersection,N,"Driveway, Alley Access, etc",None,,,         ,Michael,McCord,Cloudy,Angle,no,no,no,no,no,False
102963937,METROPOLITAN NASHVILLE POLICE DEPT,20210236892,Davidson,Nashville,4/28/2021 8:23:00 AM,2,1,0,36.120010,-86.808450,HILLSBORO PKE,,,,180.00,Feet,North,STOKES LN,,,,0.00,N,Not at Intersection,N,Non-Junction,None,,,         ,D’Mitri,Mackall,Rain,"Sideswipe, Same Direction",no,no,no,no,no,False
102963942,METROPOLITAN NASHVILLE POLICE DEPT,20210236978,Davidson,Nashville,4/28/2021 9:16:00 AM,1,0,0,36.139850,-86.727200,I 40,,,,0.00,,,,,,,213.30,N,Not at Intersection,N,Non-Junction,None,,,         ,Michael,Dance,Rain,Not Collision with Motor Vehicle in Transport,no,no,no,no,no,False
102963947,METROPOLITAN NASHVILLE POLICE DEPT,20210236737,Davidson,Nashville,4/27/2021 9:10:00 PM,2,0,0,36.104250,-86.716170,I 24,,,,0.00,,,,,,,54.20,N,Not at Intersection, ,Non-Junction,None,,,         ,Nicholas,Carter,Clear,Front to Rear,no,no,no,no,yes,False
102963959,METROPOLITAN NASHVILLE POLICE DEPT,20210235354,Davidson,Nashville,4/27/2021 2:00:00 PM,2,0,0,36.154620,-86.779090,US HWY 41,,,,111.00,Feet,East,US HWY 31,,,,0.00,N,Not at Intersection,N,Non-Junction,None,,,         ,Shedie,Herbert III,Clear,Angle,no,no,no,no,no,False
102963963,METROPOLITAN NASHVILLE POLICE DEPT,20210237019,Davidson,Nashville,4/28/2021 9:49:00 AM,2,0,0,36.083440,-86.698540,I 24,,,,0.00,,,,,,,55.90,N,Not at Intersection, ,Non-Junction,None,,,         ,Joe,Hooper,Rain,Front to Rear,no,no,no,no,no,False
102963964,METROPOLITAN NASHVILLE POLICE DEPT,20210237052,Davidson,Nashville,4/28/2021 10:05:00 AM,2,0,0,36.151590,-86.751730,I 40,,,,0.00,,,,,,,211.50,N,Not at Intersection, ,,None,,,         ,Michael,Dance,,,no,no,no,no,no,False
102963965,METROPOLITAN NASHVILLE POLICE DEPT,20210236925,Davidson,Not in City Limit,4/28/2021 7:30:00 AM,2,0,0,36.310590,-86.877250,EATONS CREEK RD,,,,170.00,Feet,South,RAWLINGS RD,,,,0.00,N,Not at Intersection,N,Non-Junction,None,,,         ,Jeanine,Sarno,Cloudy,"Sideswipe, Opposite Direction",no,no,no,no,yes,False
102963969,METROPOLITAN NASHVILLE POLICE DEPT,20210236930,Davidson,Nashville,4/28/2021 8:30:00 AM,2,0,0,36.219870,-86.774860,I 65,,,,0.00,,,,,,,88.30,N,Not at Intersection, ,Non-Junction,None,,,         ,William,Coy,Rain,Front to Rear,no,no,no,no,no,False
102963980,GOODLETTSVILLE POLICE DEPT,21-11249,Davidson,Goodlettsville,4/28/2021 8:40:00 AM,2,0,0,36.306960,-86.694430,CONFERENCE DR,,,,47.00,Feet,North,VIETNAM VETERANS BLVD NB ENT R,,,,0.00,N,Not at Intersection,N,Non-Junction,None,,,         ,George,Forbes,Rain,Front to Rear,no,no,no,no,no,False
102963987,METROPOLITAN NASHVILLE POLICE DEPT,20210237116,Davidson,Nashville,4/28/2021 10:44:00 AM,1,0,0,36.049040,-86.665630,I 24,,,,0.00,,,,,,,59.00,N,Not at Intersection, ,Non-Junction,None,,,         ,Joe,Hooper,Rain,Not Collision with Motor Vehicle in Transport,no,no,no,no,no,False
102963989,METROPOLITAN NASHVILLE POLICE DEPT,20210236965,Davidson,Nashville,4/28/2021 9:07:00 AM,2,0,0,36.124730,-86.813230,I 440,,,,0.00,,,,,,,2.40,N,Not at Intersection,Y,Entrance/Exit Ramp Related,None,,,         ,Earl,Davis,Rain,"Sideswipe, Same Direction",no,no,no,no,yes,False
102963997,METROPOLITAN NASHVILLE POLICE DEPT,20210237085,Davidson,Antioch,4/28/2021 10:25:00 AM,2,0,0,36.047840,-86.612050,MURFREESBORO PKE,,,,0.00,,,MOUNTAIN SPRINGS RD,,,,0.00,Y,Four-Way, ,Intersection,None,,,         ,Zachary,Akers,"Cloudy, Rain",Angle,no,no,no,no,no,False
102964002,METROPOLITAN NASHVILLE POLICE DEPT,20210237136,Davidson,Madison,4/28/2021 10:31:00 AM,2,0,0,36.255370,-86.703660,NEELYS BEND RD,,,,0.00,,,MARGARET ST,,,,0.00,Y,OTHER, ,,None,,,         ,Eric,Richardson,,,no,no,no,no,no,False
102964012,METROPOLITAN NASHVILLE POLICE DEPT,20210237122,Davidson,Nashville,4/28/2021 10:35:00 AM,2,1,0,36.172170,-86.767120,JAMES ROBERTSON PKWY ENT RAMP,,,,0.00,Feet,East,JAMES ROBERTSON PKWY,,,,0.00,N,Not at Intersection,N,Non-Junction,None,,,         ,William,Clemons,Cloudy,Front to Rear,no,no,no,no,no,False
102964014,METROPOLITAN NASHVILLE POLICE DEPT,20210237093,Davidson,Nashville,4/28/2021 8:40:00 AM,2,0,0,36.134210,-86.774020,WEDGEWOOD AV,,,,0.00,Feet,West,LINDELL AV,,,,0.00,N,Not at Intersection,N,Non-Junction,None,,,         ,Devin,Mabry,Cloudy,"Sideswipe, Same Direction",no,no,no,no,yes,False
102964015,METROPOLITAN NASHVILLE POLICE DEPT,20210237024,Davidson,Nashville,4/28/2021 9:54:00 AM,3,0,0,36.132410,-86.774920,I 65,,,,0.00,,,I65 S ENT RAMP,,,,0.00,Y,OTHER,Y,Entrance/Exit Ramp Related,None,,,         ,Earl,Davis,Rain,"Sideswipe, Same Direction",no,no,no,no,no,False
102964016,METROPOLITAN NASHVILLE POLICE DEPT,20210237049,Davidson,Nashville,4/28/2021 10:04:00 AM,2,1,0,36.187060,-86.631070,LEBANON PKE,,,,0.00,,,CENTRAL PKE,,,,0.00,Y,Four-Way,N,Intersection,None,,,         ,Michael,Dance,Rain,Angle,no,no,no,no,no,False
102964027,METROPOLITAN NASHVILLE POLICE DEPT,20210237188,Davidson,Nashville,4/28/2021 10:58:00 AM,2,0,0,36.194280,-86.775600,I 65,,,,0.00,,,,,,,86.50,N,Not at Intersection, ,Non-Junction,None,,,         ,Ronald,Bright,Cloudy,"Sideswipe, Same Direction",no,no,no,no,no,False
102964029,METROPOLITAN NASHVILLE POLICE DEPT,20210237134,Davidson,Nashville,4/28/2021 10:52:00 AM,1,0,0,36.096530,-86.642860,SMITH SPRINGS RD,,,,549.00,Feet,West,UNA RECREATION RD,,,,0.00,N,Not at Intersection,N,Non-Junction,None,,,         ,Michael,Dance,Rain,Not Collision with Motor Vehicle in Transport,no,no,no,no,yes,False