master_record_number,agency,agency_tracking_number,county,city,collision_date,vehicles_involved,number_injured,number_dead,latitude,longitude,roadway_name,roadway_suffix,roadway_number,roadway_local_id,distance_from_reference,miles-feet_indicator,direction_from_reference,intersection_road_name,intersection_road_name_suffix,intersection_road_number,intersection_local_id,mile_marker,intersection_indicator,intersect_type,interchange_related_indicator,relation_to_junction,work_zone_type,construction_maintenance_zone,construction_maintenance_zone_location,fatal_case_number,officer_first_name,officer_last_name,weather_condition(s),manner_of_crash,pedestrian,bicycle,scooter,parking,hitrun,mou
102993385,VANDERBILT UNIVERSITY POLICE,210214847,Davidson,Nashville,4/16/2021 7:36:00 PM,2,0,0,36.138420,-86.804450,BLAKEMORE AV,,,,0.00,,,,,,,0.00,,, ,Unknown,None,,,         ,Joseph,Bishop,Clear,Unknown,no,no,no,yes,yes,Campus
103008444,METROPOLITAN NASHVILLE POLICE DEPT,20210219175,Davidson,Nashville,4/19/2021 10:26:00 AM,3,2,0,36.169410,-86.806600,DR D B TODD JR BLVD,,,,20.00,Feet,East,JEFFERSON ST,,,,0.00,N,Not at Intersection,N,Non-Junction,None,,,         ,Bianca,Crawford,Clear,Front to Rear,no,no,no,no,no,False
102964668,METROPOLITAN NASHVILLE POLICE DEPT,20210238573,Davidson,Nashville,4/29/2021 12:31:00 AM,2,1,0,36.155800,-86.656610,EMERY DR,,,,255.00,Feet,East,LEATHERWOOD DR,,,,0.00,N,Not at Intersection,N,Non-Junction,None,,,         ,Randall,Ward,,Front to Rear,no,no,no,no,no,False
102964676,METROPOLITAN NASHVILLE POLICE DEPT,20210238577,Davidson,Nashville,4/29/2021 12:39:00 AM,1,1,0,36.192730,-86.776460,I 65,,,,0.00,,,,,,,86.50,N,Not at Intersection,Y,Entrance/Exit Ramp Related,None,,,         ,Joshua,Asbell,Fog,Not Collision with Motor Vehicle in Transport,no,no,no,no,no,False
102964683,METROPOLITAN NASHVILLE POLICE DEPT,20210238719,Davidson,Nashville,4/29/2021 2:14:00 AM,1,2,0,36.078840,-86.674700,FRANKLIN LIMESTONE RD,,,,1413.00,Feet,North,MULLINS RD,,,,0.00,N,Not at Intersection,N,Non-Junction,None,,,         ,Autumn,Manning,Clear,Not Collision with Motor Vehicle in Transport,no,no,no,no,no,False
102964685,METROPOLITAN NASHVILLE POLICE DEPT,20210238731,Davidson,Nashville,4/29/2021 2:26:00 AM,2,3,0,36.053720,-86.667460,HICKORY HOLLOW PKWY,,,,1472.00,Feet,East,MT VIEW RD,,,,0.00,N,Not at Intersection,N,Non-Junction,None,,,         ,Kaleigh,Pearce,Clear,Front to Rear,no,no,no,no,yes,False
102964785,METROPOLITAN NASHVILLE POLICE DEPT,20210238985,Davidson,Nashville,4/29/2021 6:48:00 AM,2,1,0,36.150860,-86.768470,LAFAYETTE ST,,,,165.00,Feet,West,2ND AVS,,,,0.00,N,Not at Intersection,N,Non-Junction,None,,,         ,Michael,Brooks,Cloudy,Front to Rear,no,no,no,no,yes,False
102964802,METROPOLITAN NASHVILLE POLICE DEPT,20210238983,Davidson,Nashville,4/29/2021 6:28:00 AM,3,0,0,36.141520,-86.740470,MURFREESBORO PKE,,,,25.00,Feet,East,FOSTER AV,,,,0.00,N,Not at Intersection, ,Non-Junction,None,,,         ,Joe,Hooper,Cloudy,Angle,no,no,no,no,no,False
102964804,THP District 3 - Nashville,321028051,Davidson,Nashville,4/29/2021 7:30:00 AM,2,0,0,36.039480,-86.781770,OLD HICKORY BLVD,,,,0.00,,,I65 N EXT RAMP,,,,0.00,Y,Four-Way, ,Intersection-Related,None,,,         ,Daniel,Nieuwenhuis,Clear,Front to Rear,no,no,no,no,no,False
102964811,METROPOLITAN NASHVILLE POLICE DEPT,20210239029,Davidson,Nashville,4/29/2021 7:04:00 AM,2,0,0,36.152570,-86.787320,I 40,,,,0.00,,,,,,,209.40,N,Not at Intersection, ,Non-Junction,None,,,         ,Earl,Davis,Cloudy,"Sideswipe, Same Direction",no,no,no,no,no,False
102964814,METROPOLITAN NASHVILLE POLICE DEPT,20210238988,Davidson,Nashville,4/29/2021 6:44:00 AM,2,1,0,36.148840,-86.762470,WHARF AV,,,,0.00,,,CHARLES E DAVIS BLVD,,,,0.00,Y,Four-Way,N,Intersection,None,,,         ,Michael,Dance,Cloudy,Angle,no,no,no,no,no,False
102964815,METROPOLITAN NASHVILLE POLICE DEPT,20210239039,Davidson,Nashville,4/29/2021 7:20:00 AM,2,0,0,36.140680,-86.720700,I 40,,,,0.00,,,,,,,213.60,N,Not at Intersection,N,Non-Junction,None,,,         ,Michael,Dance,Cloudy,Front to Rear,no,no,no,no,no,False
102964819,METROPOLITAN NASHVILLE POLICE DEPT,20210239013,Davidson,Nashville,4/29/2021 6:45:00 AM,2,0,0,36.202430,-86.776850,I 65,,,,0.00,,,,,,,87.00,N,Not at Intersection,N,Non-Junction,None,,,         ,Jerre,Fly,Cloudy,"Sideswipe, Same Direction",no,no,no,no,yes,False
102964823,METROPOLITAN NASHVILLE POLICE DEPT,20210239072,Davidson,Nashville,4/29/2021 7:00:00 AM,2,0,0,36.125400,-86.752380,NOLENSVILLE PKE,,,,75.00,Feet,South,GLENROSE AV,,,,0.00,N,Not at Intersection,N,Non-Junction,None,,,         ,Earl,Davis,Cloudy,Angle,no,no,no,no,yes,False
102964833,METROPOLITAN NASHVILLE POLICE DEPT,20210239141,Davidson,Nashville,4/29/2021 8:00:00 AM,1,0,0,36.145600,-86.822330,I 440,,,,0.00,,,,,,,1.15,N,Not at Intersection,N,Non-Junction,None,,,         ,Curtis,Rich,"Cloudy, Rain",Not Collision with Motor Vehicle in Transport,no,no,no,no,no,False
102964841,METROPOLITAN NASHVILLE POLICE DEPT,20210239133,Davidson,Not in City Limit,4/29/2021 8:14:00 AM,2,0,0,36.022790,-86.712360,NOLENSVILLE PKE,,,,70.00,Feet,North,PERSIA WAY,,,,0.00,N,Not at Intersection, ,,None,,,         ,Justin,mathias,,,no,no,no,no,no,False
102964851,METROPOLITAN NASHVILLE POLICE DEPT,20210239021,Davidson,Antioch,4/29/2021 12:00:00 AM,2,0,0,36.073640,-86.597780,COUNTRY WAY RD,,,,0.00,,,SEBETHA CT,,,,0.00,Y,T-Intersection, ,Non-Junction,None,,,         ,Zachary,Akers,Unknown,Angle,no,no,no,no,yes,False
102964858,METROPOLITAN NASHVILLE POLICE DEPT,20210239104,Davidson,Nashville,4/29/2021 7:40:00 AM,2,0,0,36.139190,-86.819270,WEST END AV,,,,76.00,Feet,South,ORLEANS DR,,,,0.00,N,Not at Intersection,N,Non-Junction,None,,,         ,Rachael,Robinson,Rain,"Sideswipe, Same Direction",no,no,no,no,yes,False
102964868,METROPOLITAN NASHVILLE POLICE DEPT,20210239181,Davidson,Nashville,4/29/2021 8:54:00 AM,2,0,0,36.046910,-86.713450,NOLENSVILLE PKE,,,,564.00,Feet,North,OLD HICKORY BLVD,,,,0.00,N,Not at Intersection,N,Non-Junction,None,,,         ,Joe,Hooper,Rain,Angle,no,no,no,no,no,False
102964885,METROPOLITAN NASHVILLE POLICE DEPT,20210239219,Davidson,Nashville,4/29/2021 9:19:00 AM,2,0,0,36.143400,-86.686990,I 40,,,,0.00,,,,,,,215.45,N,Not at Intersection, ,Non-Junction,None,,,         ,Michael,Dance,Rain,Front to Rear,no,no,no,no,no,False
102964895,METROPOLITAN NASHVILLE POLICE DEPT,2021-0239113,Davidson,Nashville,4/29/2021 7:55:00 AM,2,0,0,36.152440,-86.799940,HAYES ST,,,,41.00,Feet,East,20TH AVN,,,,0.00,N,Not at Intersection,N,Non-Junction,None,,,         ,Po,Cheng,Rain,Angle,no,no,no,no,no,False
102964931,METROPOLITAN NASHVILLE POLICE DEPT,20210239139,Davidson,Nashville,4/29/2021 7:57:00 AM,2,0,0,36.069530,-86.693360,HAYWOOD LN,,,,165.00,Feet,East,EZELL RD,,,,0.00,N,Not at Intersection, ,Non-Junction,None,,,         ,Tyler,Heckaman,Rain,Angle,no,no,no,no,no,False
102964937,METROPOLITAN NASHVILLE POLICE DEPT,20210239293,Davidson,Madison,4/29/2021 10:10:00 AM,2,1,0,36.266530,-86.690110,N DUPONT AV,,,,0.00,Feet,,MYATT DR,,,,0.00,Y,Four-Way,N,Intersection,None,,,         ,Brian,Otto,Rain,Angle,no,no,no,no,yes,False
102964941,METROPOLITAN NASHVILLE POLICE DEPT,20210239259,Davidson,Nashville,4/29/2021 9:27:00 AM,2,0,0,36.203300,-86.776840,I 65,,,,0.00,,,,,,,87.10,N,Not at Intersection, ,Non-Junction,None,,,         ,William,Coy,Rain,Front to Rear,no,no,no,no,no,False
102964951,METROPOLITAN NASHVILLE POLICE DEPT,20210239369,Davidson,Madison,4/29/2021 12:00:00 AM,2,0,0,36.273410,-86.709740,ANDERSON LN,,,,0.00,,,PIERCE RD,,,,0.00,Y,T-Intersection, ,Non-Junction,None,,,         ,Wesley,Mcclelland,Rain,Angle,no,no,no,no,no,False
102964955,GOODLETTSVILLE POLICE DEPT,21-11383,Davidson,Goodlettsville,4/29/2021 11:02:00 AM,2,0,0,36.306790,-86.694650,VIETNAM VETERANS BLVD NB EXT R,,,,96.00,Feet,West,VIETNAM VETERANS BLVD NB ENT R,,,,0.00,N,Not at Intersection,N,Entrance/Exit Ramp Related,None,,,         ,Rico,Jones,Rain,Front to Rear,no,no,no,no,no,False
102964957,METROPOLITAN NASHVILLE POLICE DEPT,20210239324,Davidson,Nashville,4/29/2021 10:29:00 AM,1,0,0,36.186310,-86.582390,N NEW HOPE RD,,,,594.00,Feet,North,N NEW HOPE PVTDR,,,,0.00,N,Not at Intersection, ,Non-Junction,None,,,         ,Michael,Brooks,"Cloudy, Rain",Not Collision with Motor Vehicle in Transport,no,no,no,no,no,False
102964973,METROPOLITAN NASHVILLE POLICE DEPT,20210238994,Davidson,Nashville,4/29/2021 5:50:00 AM,2,0,0,36.045480,-86.647290,MT VIEW RD,,,,0.00,Feet,,CROSSINGS BLVD,,,,0.00,Y,Four-Way, ,,None,,,         ,Ivan,Vega,,,no,no,no,no,no,False
102965004,GOODLETTSVILLE POLICE DEPT,21-11381,Davidson,Goodlettsville,4/29/2021 10:55:00 AM,2,1,0,36.330100,-86.715410,N MAIN ST,,,,160.00,Feet,South,TINNIN AV,,,,0.00,N,Not at Intersection,N,Non-Junction,None,,,         ,Hannah,Poole,Rain,Not Collision with Motor Vehicle in Transport,no,no,no,no,no,False
102965008,METROPOLITAN NASHVILLE POLICE DEPT,20210239372,Davidson,Nashville,4/29/2021 10:17:00 AM,2,0,0,36.153320,-86.775740,LAFAYETTE ST,,,,0.00,,,6TH AVS,,,,0.00,Y,T-Intersection, ,Intersection,None,,,         ,Vincent,McCrary,"Cloudy, Rain",Angle,no,no,no,no,yes,False
102965009,METROPOLITAN NASHVILLE POLICE DEPT,20210239172,Davidson,Nashville,4/29/2021 8:49:00 AM,2,0,0,36.232660,-86.825250,BUENA VISTA PKE,,,,0.00,,,BRILEY PKWYW,,,,0.00,Y,OTHER,N,Non-Junction,None,,,         ,James,Wray,Rain,Front to Rear,no,no,no,no,yes,False
102965010,METROPOLITAN NASHVILLE POLICE DEPT,20210239479,Davidson,Madison,4/29/2021 11:48:00 AM,2,0,0,36.285500,-86.706020,GALLATIN PKEN,,,,129.00,Feet,North,TENNYSON AV,,,,0.00,N,Not at Intersection,N,Non-Junction,None,,,         ,Ian,Wilson,Rain,Angle,no,no,no,no,no,False
102965021,METROPOLITAN NASHVILLE POLICE DEPT,20210239405,Davidson,Nashville,4/29/2021 11:20:00 AM,2,0,0,36.162750,-86.761540,I 24,,,,0.00,,,,,,,49.30,N,Not at Intersection,N,Non-Junction,None,,,         ,Sean,Pulizzano,Rain,Front to Rear,no,no,no,no,no,False
102965022,METROPOLITAN NASHVILLE POLICE DEPT,20210239192,Davidson,Nashville,4/29/2021 8:45:00 AM,2,0,0,36.193890,-86.831590,US HWY 41 ALT,,,,24.00,Feet,East,RAMP,,,,0.00,N,Not at Intersection,N,Non-Junction,None,,,         ,Pamela,Caulder,Rain,"Sideswipe, Opposite Direction",no,no,no,no,no,False
102965024,METROPOLITAN NASHVILLE POLICE DEPT,20210239322,Davidson,Nashville,4/29/2021 10:17:00 AM,2,1,0,36.152120,-86.772230,LAFAYETTE ST,,,,0.00,,,ASH ST,,,,0.00,Y,Four-Way,N,Intersection,None,,,         ,James,Harben,Rain,Angle,no,no,no,no,no,False
102965030,METROPOLITAN NASHVILLE POLICE DEPT,20210239525,Davidson,Nashville,4/29/2021 12:47:00 PM,2,0,0,36.195520,-86.775560,FERN AV,,,,22.00,Feet,South,WHITES CREEK PKE,,,,0.00,N,Not at Intersection, ,Non-Junction,None,,,         ,Ronald,Bright,Rain,Front to Rear,no,no,no,no,no,False
102965032,METROPOLITAN NASHVILLE POLICE DEPT,20210239497,Davidson,Antioch,4/29/2021 12:28:00 PM,2,0,0,36.033060,-86.595800,MURFREESBORO PKE,,,,691.00,Feet,North,PARKS RETREAT DR,,,,0.00,N,Not at Intersection, ,Non-Junction,None,,,         ,Joe,Hooper,Rain,Front to Rear,no,no,no,no,no,False
102965089,METROPOLITAN NASHVILLE POLICE DEPT,20210239585,Davidson,Nashville,4/29/2021 1:15:00 PM,2,0,0,36.151370,-86.782400,OVERTON ST,,,,181.00,Feet,North,DIVISION ST,,,,0.00,N,Not at Intersection, ,Non-Junction,None,,,         ,Wesley,Young,Rain,Angle,no,no,no,no,no,False
102965105,METROPOLITAN NASHVILLE POLICE DEPT,20210239633,Davidson,Nashville,4/29/2021 1:49:00 PM,2,0,0,36.109460,-86.721420,I 24,,,,0.00,,,,,,,53.75,N,Not at Intersection,N,Non-Junction,None,,,         ,Joe,Hooper,Rain,Angle,no,no,no,no,yes,False
102965110,METROPOLITAN NASHVILLE POLICE DEPT,20210239656,Davidson,Nashville,4/29/2021 11:45:00 AM,2,0,0,36.148390,-86.780520,I 40,,,,0.00,,,,,,,209.80,N,Not at Intersection, ,Non-Junction,None,,,         ,Ronald,Bright,Rain,"Sideswipe, Same Direction",no,no,no,no,yes,False
102965136,METROPOLITAN NASHVILLE POLICE DEPT,20210239628,Davidson,Nashville,4/29/2021 1:49:00 PM,2,0,0,36.099480,-86.710960,I 24,,,,0.00,,,,,,,54.60,N,Not at Intersection, ,Non-Junction,None,,,         ,Laura,Williams,Rain,Front to Rear,no,no,no,no,no,False
102965140,METROPOLITAN NASHVILLE POLICE DEPT,20210237524,Davidson,Nashville,4/29/2021 2:32:00 PM,2,0,0,36.165180,-86.764000,I 24,,,,0.00,,,,,,,49.05,N,Not at Intersection,N,Non-Junction,None,,,         ,Garrett,Short,Cloudy,Front to Rear,no,no,no,no,no,False
102965182,METROPOLITAN NASHVILLE POLICE DEPT,20210239598,Davidson,Nashville,4/29/2021 1:32:00 PM,2,0,0,36.209320,-86.766530,DICKERSON PKE,,,,0.00,,,KINGSTON ST,,,,0.00,Y,T-Intersection, ,Intersection-Related,None,,,         ,Doyle,Price,Rain,Angle,no,no,no,no,no,False
102965183,METROPOLITAN NASHVILLE POLICE DEPT,20210239696,Davidson,Nashville,4/29/2021 2:25:00 PM,3,1,0,36.233560,-86.724870,JOYCE LN,,,,14.00,Feet,West,GALLATIN PKE,,,,0.00,N,Not at Intersection,N,Non-Junction,None,,,         ,Steven,Meador,Rain,Front to Rear,no,no,no,no,no,False
102965185,METROPOLITAN NASHVILLE POLICE DEPT,20210239586,Davidson,Nashville,4/29/2021 1:20:00 PM,2,0,0,36.169250,-86.757870,S 7TH ST,,,,0.00,Feet,,SHELBY AV,,,,0.00,Y,Four-Way,N,Intersection-Related,None,,,         ,Edward,Holden,Rain,Front to Rear,no,no,no,no,no,False
102965195,METROPOLITAN NASHVILLE POLICE DEPT,20210239743,Davidson,Nashville,4/29/2021 2:57:00 PM,2,0,0,36.069590,-86.693910,HAYWOOD LN,,,,0.00,,,EZELL RD,,,,0.00,Y,Four-Way,N,Intersection,None,,,         ,Joseph,Hurst,Rain,Angle,no,no,no,no,no,False
102965201,METROPOLITAN NASHVILLE POLICE DEPT,20210239808,Davidson,Not in City Limit,4/29/2021 3:33:00 PM,2,1,0,36.263370,-86.704460,DELAWARE AV,,,,110.00,Feet,South,STATE RT 45,,,,0.00,N,Not at Intersection,N,Non-Junction,None,,,         ,Christopher,Littles,"Cloudy, Rain",Front to Rear,no,no,no,no,no,False
102965209,METROPOLITAN NASHVILLE POLICE DEPT,20210239765,Davidson,Nashville,4/29/2021 12:00:00 AM,2,1,0,36.187770,-86.776120,I 24,,,,0.00,,,,,,,47.05,N,Not at Intersection,Y,Entrance/Exit Ramp Related,None,,,         ,Trevor,Taylor,"Cloudy, Rain","Sideswipe, Same Direction",no,no,no,no,no,False
102965214,METROPOLITAN NASHVILLE POLICE DEPT,20210239753,Davidson,Nashville,4/29/2021 3:00:00 PM,2,1,0,36.194960,-86.727390,CAHAL AV,,,,0.00,,,REBECCA ST,,,,0.00,Y,T-Intersection,N,Intersection,None,,,         ,Zachary,Aldrich,Rain,Front to Rear,no,no,no,no,no,False
102965215,METROPOLITAN NASHVILLE POLICE DEPT,20210239705,Davidson,Antioch,4/29/2021 2:07:00 PM,2,0,0,36.073830,-86.596520,HUNTINGBORO TRL,,,,0.00,,,COUNTRY WAY RD,,,,0.00,Y,T-Intersection, ,Intersection-Related,None,,,         ,Nathaniel,Myers,Rain,Angle,no,no,no,no,no,False
102965240,METROPOLITAN NASHVILLE POLICE DEPT,20210239687,Davidson,Nashville,4/29/2021 2:26:00 PM,2,1,0,36.082750,-86.710240,HARDING PL,,,,80.00,Feet,East,TAMPA DR,,,,0.00,N,Not at Intersection,N,Non-Junction,None,,,         ,Beri,Scott,Cloudy,"Sideswipe, Same Direction",no,no,no,no,no,False
102965252,METROPOLITAN NASHVILLE POLICE DEPT,20210239851,Davidson,Nashville,4/29/2021 4:00:00 PM,2,1,0,36.161650,-86.819250,CLARE AV,,,,3.00,Feet,West,28TH AVN,,,,0.00,N,Not at Intersection,N,Non-Junction,None,,,         ,Daniel,Kallman,Rain,Angle,no,no,no,no,yes,False
102965259,METROPOLITAN NASHVILLE POLICE DEPT,20210239770,Davidson,Nashville,4/29/2021 3:09:00 PM,2,0,0,36.099070,-86.769360,NORWOOD DR,,,,812.00,Feet,East,FRANKLIN PKE,,,,0.00,N,Not at Intersection, ,Non-Junction,None,,,         ,Dylan,Motes,Rain,Front to Rear,no,no,no,no,no,False
102965264,METROPOLITAN NASHVILLE POLICE DEPT,20210239738,Davidson,Nashville,4/29/2021 2:48:00 PM,2,0,0,36.111930,-86.630200,BELL RD,,,,45.00,Feet,South,COUCHVILLE PKE,,,,0.00,N,Not at Intersection, ,Non-Junction,None,,,         ,Rami,Rouhi,Rain,Front to Rear,no,no,no,no,no,False
102965265,METROPOLITAN NASHVILLE POLICE DEPT,20210239695,Davidson,Not in City Limit,4/29/2021 2:14:00 PM,3,1,0,36.077190,-86.946240,HIGHWAY 70S,,,,280.00,Feet,East,BELLEVUE CTR PVTDR,,,,0.00,N,Not at Intersection,N,Non-Junction,None,,,         ,Jeremy,Huffine,"Cloudy, Rain",Front to Rear,no,no,no,no,no,False
102965266,METROPOLITAN NASHVILLE POLICE DEPT,20210239793,Davidson,Nashville,4/29/2021 12:00:00 AM,3,1,0,36.243280,-86.722940,GALLATIN PKES,,,,473.00,Feet,South,LAKEWOOD DR,,,,0.00,N,Not at Intersection,N,Non-Junction,None,,,         ,Thomas,Denenea,Rain,"Sideswipe, Opposite Direction",no,no,no,no,no,False
102965270,METROPOLITAN NASHVILLE POLICE DEPT,20210239913,Davidson,Nashville,4/29/2021 4:40:00 PM,1,0,0,36.140110,-86.736150,MURFREESBORO PKE,,,,530.00,Feet,East,MENZLER RD,,,,0.00,N,Not at Intersection,N,Non-Junction,None,,,         ,Andrew,Brazee,Cloudy,Not Collision with Motor Vehicle in Transport,no,no,no,no,no,False
102965286,METROPOLITAN NASHVILLE POLICE DEPT,20210239841,Davidson,Nashville,4/29/2021 3:59:00 PM,2,1,0,36.145900,-86.741850,I 40,,,,0.00,,,,,,,212.15,N,Not at Intersection,N,Non-Junction,None,,,         ,Joseph,Simon,Rain,Front to Rear,no,no,no,no,no,False
102965303,METROPOLITAN NASHVILLE POLICE DEPT,20210239952,Davidson,Nashville,4/29/2021 4:54:00 PM,1,1,0,36.017410,-86.607300,CORPORATE PL,,,,0.00,,,HEIL QUAKER BLVD,,,,0.00,Y,Four-Way,N,Intersection-Related,None,,,         ,Beri,Scott,Rain,Not Collision with Motor Vehicle in Transport,no,no,no,no,no,False
102965306,BERRY HILL POLICE DEPT,21-1274,Davidson,Berry Hill,4/29/2021 12:00:00 AM,2,0,0,36.120800,-86.775260,FRANKLIN PKE,,,,41.00,Feet,South,KIRKWOOD AV,,,,0.00,N,Not at Intersection, ,Non-Junction,None,,,         ,John,Gleixner,Cloudy,"Sideswipe, Opposite Direction",no,no,no,no,yes,False
102965320,METROPOLITAN NASHVILLE POLICE DEPT,20210239872,Davidson,Not in City Limit,4/29/2021 4:16:00 PM,2,0,0,36.265310,-86.680650,RIO VISTA DR,,,,183.00,Feet,South,N DUPONT AV,,,,0.00,N,Not at Intersection, ,Non-Junction,None,,,         ,Christopher,Littles,Cloudy,Front to Rear,no,no,no,no,no,False
102965321,METROPOLITAN NASHVILLE POLICE DEPT,20210239923,Davidson,Not in City Limit,4/29/2021 3:09:00 PM,2,0,0,36.282620,-86.747850,DICKERSON PKE,,,,706.00,Feet,South,DICKERSON PKES,,,,0.00,N,Not at Intersection,N,Non-Junction,None,,,         ,Christopher,Littles,"Cloudy, Rain","Sideswipe, Opposite Direction",no,no,no,no,yes,False
102965322,METROPOLITAN NASHVILLE POLICE DEPT,20210239982,Davidson,Nashville,4/29/2021 4:12:00 PM,2,0,0,36.243440,-86.756680,DICKERSON PKE,,,,166.00,Feet,South,SKYLINE MEMORIAL CT,,,,0.00,N,Not at Intersection,N,Non-Junction,None,,,         ,Christopher,Littles,"Cloudy, Rain","Sideswipe, Same Direction",no,no,no,no,yes,False
102965331,VANDERBILT UNIVERSITY POLICE,20210239830,Davidson,Nashville,4/29/2021 4:00:00 PM,2,0,0,36.142780,-86.800020,21ST AVS,,,,0.00,,,MEDICAL CENTER DR,,,,0.00,Y,Four-Way, ,,None,,,         ,James,McDaniel,,,no,no,no,no,no,Campus
102965345,METROPOLITAN NASHVILLE POLICE DEPT,20210239998,Davidson,Nashville,4/29/2021 5:22:00 PM,3,2,0,36.111980,-86.745780,NOLENSVILLE PKE,,,,288.00,Feet,South,MCCLAIN AV,,,,0.00,N,Not at Intersection,N,Non-Junction,None,,,         ,Austin,Binner,Rain,Angle,no,no,no,no,yes,False
102965347,METROPOLITAN NASHVILLE POLICE DEPT,20210239873,Davidson,Nashville,4/29/2021 4:16:00 PM,2,0,0,36.201430,-86.776840,I 65,,,,0.00,,,,,,,87.00,N,Not at Intersection, ,,None,,,         ,Rachel,Susee,,,no,no,no,no,no,False
102965350,METROPOLITAN NASHVILLE POLICE DEPT,20210240028,Davidson,Nashville,4/29/2021 4:28:00 PM,2,0,0,36.152740,-86.683170,ELM HILL PKE,,,,75.00,Feet,East,MCGAVOCK PKE,,,,0.00,N,Not at Intersection, ,,None,,,         ,Jason,Kedzierski,,,no,no,no,no,no,False
102965353,METROPOLITAN NASHVILLE POLICE DEPT,20210239718,Davidson,Nashville,4/29/2021 2:30:00 PM,2,2,0,36.031030,-86.750230,CLOVERLAND DR,,,,347.00,Feet,East,COPPERFIELD CT,,,,0.00,N,Not at Intersection,N,Non-Junction,None,,,         ,Peyton,Wheatley,Rain,Front to Rear,no,no,no,no,no,False
102965354,METROPOLITAN NASHVILLE POLICE DEPT,20210239734,Davidson,Nashville,4/29/2021 2:25:00 PM,1,1,0,36.232900,-86.822720,BRILEY PKWYE,,,,300.00,Feet,West,BRILEY PKWY E EXT RAMP,,,,0.00,N,Not at Intersection,N,Non-Junction,None,,,         ,Chase,Harriman,"Cloudy, Rain",Not Collision with Motor Vehicle in Transport,no,no,no,no,no,False
102965362,METROPOLITAN NASHVILLE POLICE DEPT,20210240015,Davidson,Nashville,4/29/2021 3:32:00 PM,2,0,0,36.168380,-86.688330,LEBANON PKE,,,,109.00,Feet,West,BRILEY PKWYN,,,,0.00,N,Not at Intersection, ,,None,,,         ,Evan,Grace,,,no,no,no,no,no,False
102965365,METROPOLITAN NASHVILLE POLICE DEPT,20210239931,Davidson,Nashville,4/29/2021 4:48:00 PM,1,1,0,36.232210,-86.826550,STATE HWY 155,,,,986.00,Feet,East,EXIT 21A,,,,0.00,N,Not at Intersection,N,Non-Junction,None,,,         ,Gabriel,Centeno,Rain,Not Collision with Motor Vehicle in Transport,no,no,no,no,no,False
102965366,METROPOLITAN NASHVILLE POLICE DEPT,20210240108,Davidson,Nashville,4/29/2021 6:31:00 PM,1,1,0,36.025540,-86.742850,EDMONDSON PKE,,,,418.00,Feet,North,BANBURY STA,,,,0.00,N,Not at Intersection,N,Non-Junction,None,,,         ,Douglas,Sykes,Rain,Not Collision with Motor Vehicle in Transport,no,no,no,no,no,False
102965372,METROPOLITAN NASHVILLE POLICE DEPT,20210240130,Davidson,Nashville,4/29/2021 5:35:00 PM,2,0,0,36.172840,-86.765350,MAIN ST ENT RAMP,,,,0.00,,,SPRING ST,,,,0.00,Y,Four-Way,N,Intersection-Related,None,,,         ,Ciara,Doherty,"Cloudy, Rain","Sideswipe, Same Direction",no,no,no,no,yes,False
102965375,METROPOLITAN NASHVILLE POLICE DEPT,20210240160,Davidson,Nashville,4/29/2021 7:05:00 PM,1,0,0,36.116310,-86.791110,I 440,,,,0.00,,,,,,,3.90,N,Not at Intersection,N,Non-Junction,None,,,         ,Cory,Stratton,Rain,Not Collision with Motor Vehicle in Transport,no,no,no,no,no,False
102965376,METROPOLITAN NASHVILLE POLICE DEPT,20210240072,Davidson,Nashville,4/29/2021 6:05:00 PM,2,3,0,36.107510,-86.719870,I 24,,,,0.00,,,,,,,53.90,N,Not at Intersection,N,Non-Junction,None,,,         ,Beri,Scott,Rain,Front to Rear,no,no,no,no,no,False
102965384,METROPOLITAN NASHVILLE POLICE DEPT,20210240131,Davidson,Nashville,4/29/2021 5:00:00 PM,1,0,0,36.225210,-86.774440,I 65,,,,0.00,,,,,,,88.60,N,Not at Intersection,N,Non-Junction,None,,,         ,Chase,Harriman,"Cloudy, Rain",Not Collision with Motor Vehicle in Transport,no,no,no,no,no,False
102965386,METROPOLITAN NASHVILLE POLICE DEPT,20210239928,Davidson,Nashville,4/29/2021 1:48:00 PM,2,0,0,36.045330,-86.713610,OLD HICKORY BLVD,,,,102.00,Feet,West,NOLENSVILLE PKE,,,,0.00,N,Not at Intersection,N,Non-Junction,None,,,         ,Eric,Laury,Cloudy,Front to Rear,no,no,no,no,yes,False
102965395,METROPOLITAN NASHVILLE POLICE DEPT,20210240140,Davidson,Nashville,4/29/2021 6:50:00 PM,2,0,0,36.176860,-86.793890,TAYLOR ST,,,,14.00,Feet,West,ROSA L PARKS BLVD,,,,0.00,N,Not at Intersection,N,Non-Junction,None,,,         ,Eric,McCoy,Rain,Front to Rear,no,no,no,no,no,False