master_record_number,agency,agency_tracking_number,county,city,collision_date,vehicles_involved,number_injured,number_dead,latitude,longitude,roadway_name,roadway_suffix,roadway_number,roadway_local_id,distance_from_reference,miles-feet_indicator,direction_from_reference,intersection_road_name,intersection_road_name_suffix,intersection_road_number,intersection_local_id,mile_marker,intersection_indicator,intersect_type,interchange_related_indicator,relation_to_junction,work_zone_type,construction_maintenance_zone,construction_maintenance_zone_location,fatal_case_number,officer_first_name,officer_last_name,weather_condition(s),manner_of_crash,pedestrian,bicycle,scooter,parking,hitrun,mou
102968431,METROPOLITAN NASHVILLE POLICE DEPT,20210245128,Davidson,Nashville,5/2/2021 2:05:00 PM,2,1,0,36.074800,-86.638950,MURFREESBORO PKE,,,,148.00,Feet,North,RURAL HILL RD,,,,0.00,N,Not at Intersection,N,Non-Junction,None,,,         ,Eric,Burford,Cloudy,Front to Rear,no,no,no,no,no,False
102968452,METROPOLITAN NASHVILLE POLICE DEPT,20210245136,Davidson,Nashville,5/2/2021 1:46:00 PM,2,0,0,36.060070,-86.741050,EDMONDSON PKE,,,,0.00,,,ELLINGTON CIR,,,,0.00,Y,T-Intersection,N,Intersection,None,,,         ,Steven,Powers,Cloudy,Not Collision with Motor Vehicle in Transport,no,no,no,no,yes,False
102968460,METROPOLITAN NASHVILLE POLICE DEPT,20210245078,Davidson,Nashville,5/2/2021 1:33:00 PM,3,1,0,36.134280,-86.780570,WEDGEWOOD AV,,,,0.00,,,BEECH AV,,,,0.00,Y,Four-Way,N,Intersection,None,,,         ,Nicholas,Smith,Cloudy,Angle,no,no,no,no,no,False
102968517,METROPOLITAN NASHVILLE POLICE DEPT,20210245204,Davidson,Nashville,5/2/2021 2:15:00 PM,2,0,0,36.164840,-86.778360,BANKERS ALY,,,,61.00,Feet,West,3RD AVN,,,,0.00,N,Not at Intersection,N,Non-Junction,None,,,         ,Brent,Morris,Cloudy,"Sideswipe, Same Direction",no,no,no,yes,yes,False
102968521,METROPOLITAN NASHVILLE POLICE DEPT,20210245147,Davidson,Nashville,5/2/2021 2:15:00 PM,2,0,0,36.129970,-86.901170,CHARLOTTE PKE,,,,122.00,Feet,West,CABOT DR,,,,0.00,N,Not at Intersection, ,Non-Junction,None,,,         ,Ryan,Papp,Clear,Front to Rear,no,no,no,no,no,False
102968537,METROPOLITAN NASHVILLE POLICE DEPT,20210245190,Davidson,Nashville,5/2/2021 3:21:00 PM,5,2,0,36.223010,-86.761190,DICKERSON PKE,,,,251.00,Feet,South,SUNSET DR,,,,0.00,N,Not at Intersection,N,Non-Junction,None,,,         ,Adam,Warren,Cloudy,Angle,no,no,no,no,no,False
102968545,METROPOLITAN NASHVILLE POLICE DEPT,20210245144,Davidson,Nashville,5/2/2021 2:47:00 PM,2,3,0,36.052210,-86.644910,EAGLE VIEW BLVD,,,,0.00,,,BELL RD,,,,0.00,Y,T-Intersection,N,Intersection,None,,,         ,Brian,Sherman,Cloudy,"Sideswipe, Opposite Direction",no,no,no,no,no,False
102968553,METROPOLITAN NASHVILLE POLICE DEPT,20210245159,Davidson,Antioch,5/2/2021 3:00:00 PM,2,1,0,36.046048,-86.618736,SUMMERCREST,BLVD,US1,,0.00,Feet,,SUMMERBREEZE,LN,US,,0.00,Y,Four-Way,N,Intersection,None,,,         ,John,McDonnell,Clear,Angle,no,no,no,no,no,False
102968589,METROPOLITAN NASHVILLE POLICE DEPT,20210245183,Davidson,Nashville,5/2/2021 2:05:00 PM,2,0,0,36.154630,-86.779160,LAFAYETTE ST,,,,0.00,,,8TH AVS,,,,0.00,Y,Roundabout,N,Non-Junction,None,,,         ,Daniel,Tomlinson,,Angle,no,no,no,no,yes,False
102968591,METROPOLITAN NASHVILLE POLICE DEPT,20210245145,Davidson,Nashville,5/2/2021 2:44:00 PM,2,0,0,36.162320,-86.760900,I 24,,,,0.00,,,,,,,49.30,N,Not at Intersection, ,,None,,,         ,Ciara,Doherty,,,no,no,no,no,no,False
102968596,METROPOLITAN NASHVILLE POLICE DEPT,20210245243,Davidson,Nashville,5/2/2021 2:46:00 PM,2,0,0,36.072460,-86.636740,MURFREESBORO PKE,,,,270.00,Feet,North,BELL RD,,,,0.00,N,Not at Intersection, ,Non-Junction,None,,,         ,Joshua,Zambrano-Vera,Cloudy,Front to Rear,no,no,no,no,no,False
102968627,METROPOLITAN NASHVILLE POLICE DEPT,20210245317,Davidson,Nashville,5/2/2021 3:55:00 PM,2,0,0,36.197860,-86.600170,NETHERLANDS DR,,,,196.00,Feet,South,MERCER DR,,,,0.00,N,Not at Intersection,N,Non-Junction,None,,,         ,Zaire,Murray,Cloudy,Front to Rear,no,no,no,no,yes,False
102968635,METROPOLITAN NASHVILLE POLICE DEPT,20210245360,Davidson,Nashville,5/2/2021 12:00:00 AM,2,0,0,36.044820,-86.670120,BELL RD,,,,93.00,Feet,East,HICKORY PARK DR,,,,0.00,N,Not at Intersection, ,,None,,,         ,Cameron,VanLierop,,,no,no,no,no,no,False
102968641,METROPOLITAN NASHVILLE POLICE DEPT,20210245474,Davidson,Nashville,5/2/2021 6:37:00 PM,2,0,0,36.153440,-86.788690,DEMONBREUN ST,,,,95.00,Feet,West,14TH AVS,,,,0.00,N,Not at Intersection, ,,None,,,         ,Steven,Powers,,,no,no,no,no,no,False
102968644,METROPOLITAN NASHVILLE POLICE DEPT,20210245494,Davidson,Nashville,5/2/2021 7:34:00 PM,2,1,0,36.195380,-86.723370,PORTER RD,,,,0.00,,,RIVERSIDE DR,,,,0.00,Y,Four-Way,Y,Intersection,None,,,         ,Kelsey,Hemminger,Clear,Angle,no,no,no,no,no,False
102968646,METROPOLITAN NASHVILLE POLICE DEPT,20210245407,Davidson,Nashville,5/2/2021 5:55:00 PM,2,0,0,36.202050,-86.735820,LITTON AV,,,,47.00,Feet,West,BRONTE AV,,,,0.00,N,Not at Intersection,N,Non-Junction,None,,,         ,Ciara,Doherty,"Cloudy, Rain",Front to Rear,no,no,no,no,yes,False
102968649,METROPOLITAN NASHVILLE POLICE DEPT,20210245439,Davidson,Nashville,5/2/2021 6:40:00 PM,2,1,0,36.171430,-86.769040,INTERSTATE DR,,,,0.00,,,JAMES ROBERTSON PKWY,,,,0.00,Y,Four-Way,N,Intersection,None,,,         ,Tristan,Krausman,,Angle,no,no,no,no,no,False
102968654,METROPOLITAN NASHVILLE POLICE DEPT,20210245448,Davidson,Nashville,5/2/2021 6:51:00 PM,3,1,0,36.089040,-86.636400,NASHBORO BLVD,,,,2.00,Feet,West,FLINTLOCK CT,,,,0.00,N,Not at Intersection,N,Non-Junction,None,,,         ,Brandon,Chapman,Rain,Front to Rear,no,no,no,no,no,False
102968683,METROPOLITAN NASHVILLE POLICE DEPT,20210245471,Davidson,Nashville,5/2/2021 6:27:00 PM,2,0,0,36.138300,-86.807900,BLAKEMORE AV,,,,13.00,Feet,East,26TH AVS,,,,0.00,N,Not at Intersection, ,Non-Junction,None,,,         ,Travis,Pemberton,Rain,Front to Rear,no,no,no,no,no,Campus
102968707,METROPOLITAN NASHVILLE POLICE DEPT,20210245244,Davidson,Nashville,5/2/2021 1:44:00 PM,2,0,0,36.072010,-86.769420,I 65,,,,0.00,,,,,,,77.10,N,Not at Intersection, ,Non-Junction,None,,,         ,Brandon,Hughes,Rain,"Sideswipe, Same Direction",no,no,no,no,no,False
102968711,METROPOLITAN NASHVILLE POLICE DEPT,20210245477,Davidson,Nashville,5/2/2021 7:18:00 PM,2,0,0,36.060780,-86.915910,HIGHWAY 100,,,,72.00,Feet,East,OLD HICKORY BLVD,,,,0.00,N,Not at Intersection,N,Non-Junction,None,,,         ,Heather,Fox,Clear,Angle,no,no,no,no,yes,False
102968742,METROPOLITAN NASHVILLE POLICE DEPT,20210245559,Davidson,Antioch,5/2/2021 8:15:00 PM,2,0,0,36.012400,-86.620920,OLD HICKORY BLVD,,,,158.00,Feet,South,I24 E ENT RAMP,,,,0.00,N,Not at Intersection,N,Non-Junction,None,,,         ,Matthew,Swindell,Rain,Angle,no,no,no,no,yes,False
102968759,METROPOLITAN NASHVILLE POLICE DEPT,20210245567,Davidson,Nashville,5/2/2021 8:37:00 PM,3,4,0,36.186210,-86.862650,BRILEY PKWYN,,,,398.00,Feet,North,BRILEY PKWYS,,,,0.00,N,Not at Intersection,N,Non-Junction,None,,,         ,Alec,Pellissier,Rain,Not Collision with Motor Vehicle in Transport,no,no,no,no,no,False
102968761,METROPOLITAN NASHVILLE POLICE DEPT,20210245440,Davidson,Nashville,5/2/2021 6:11:00 PM,2,0,0,36.147340,-86.625880,TRAILS CIR,,,,0.00,Feet,,BELL RD,,,,0.00,Y,T-Intersection,Y,Intersection,None,,,         ,Christian,Vanders,"Cloudy, Rain",Angle,no,no,no,no,no,False
102968762,METROPOLITAN NASHVILLE POLICE DEPT,20210245480,Davidson,Nashville,5/2/2021 7:02:00 PM,2,0,0,36.053680,-86.683840,SHIHMEN DR,,,,84.00,Feet,East,SHIHMEN CT,,,,0.00,N,Not at Intersection,N,Non-Junction,None,,,         ,Keith,Parlato,Rain,"Sideswipe, Opposite Direction",no,no,no,no,yes,False
102968771,METROPOLITAN NASHVILLE POLICE DEPT,20210245599,Davidson,Nashville,5/2/2021 12:00:00 AM,2,0,0,36.135710,-86.885440,CHARLOTTE PKE,,,,92.00,Feet,West,BROOK HOLLOW RD,,,,0.00,N,Not at Intersection, ,Non-Junction,None,,,         ,Maria,Reynolds,Rain,Angle,no,no,no,yes,no,False
102968791,METROPOLITAN NASHVILLE POLICE DEPT,20210245546,Davidson,Nashville,5/2/2021 8:00:00 PM,2,0,0,36.134110,-86.774730,I65 N EXT RAMP,,,,0.00,Feet,East,I 65,,,,0.00,N,Not at Intersection,N,Unknown,None,,,         ,Dakota,Davis,Rain,Front to Rear,no,no,no,no,no,False
102968792,METROPOLITAN NASHVILLE POLICE DEPT,20210245592,Davidson,Nashville,5/2/2021 8:52:00 PM,2,0,0,36.169540,-86.671600,LEBANON PKE,,,,0.00,,,BLUEFIELD AV,,,,0.00,Y,T-Intersection,N,Non-Junction,None,,,         ,Brandon,Chapman,Rain,HeadOn,no,no,no,no,no,False
102968798,METROPOLITAN NASHVILLE POLICE DEPT,20210245475,Davidson,Madison,5/2/2021 5:30:00 PM,2,0,0,36.252150,-86.707820,DENSON AV,,,,236.00,Feet,South,MADISON BLVD,,,,0.00,N,Not at Intersection, ,Non-Junction,None,,,         ,Timothy,Lehnert,Cloudy,Front to Rear,no,no,no,no,yes,False
102968823,METROPOLITAN NASHVILLE POLICE DEPT,20210245774,Davidson,Nashville,5/2/2021 11:38:00 PM,1,0,0,36.087420,-86.692230,HARDING PL,,,,7.00,Feet,West,ANTIOCH PKE,,,,0.00,N,Not at Intersection,N,Non-Junction,None,,,         ,Clayton,Smith,Rain,Not Collision with Motor Vehicle in Transport,no,no,no,no,no,False
102968825,METROPOLITAN NASHVILLE POLICE DEPT,20210245795,Davidson,Nashville,5/2/2021 8:03:00 PM,2,0,0,36.177920,-86.605000,I40 E EXT RAMP,,,,0.00,,,OLD HICKORY BLVD,,,,0.00,Y,Four-Way,N,Entrance/Exit Ramp Related,None,,,         ,Brian,Sherman,Rain,Front to Rear,no,no,no,no,yes,False
102968835,METROPOLITAN NASHVILLE POLICE DEPT,20210245814,Davidson,Nashville,5/3/2021 12:01:00 AM,1,0,0,36.169330,-86.606580,I40 E EXT RAMP,,,,0.00,,,I 40,,,,0.00,Y,OTHER,N,Non-Junction,None,,,         ,Richard,Luellen,Rain,Unknown,no,no,no,no,yes,False
102968836,METROPOLITAN NASHVILLE POLICE DEPT,20210245803,Davidson,Nashville,5/2/2021 11:45:00 PM,1,0,0,36.156630,-86.760530,I40 W ENT RAMP,,,,0.00,Feet,East,I 24,,,,0.00,N,Not at Intersection,N,Non-Junction,None,,,         ,Bryson,Wilkins,Rain,Not Collision with Motor Vehicle in Transport,no,no,no,no,yes,False
102968837,METROPOLITAN NASHVILLE POLICE DEPT,20210245899,Davidson,Nashville,5/3/2021 12:00:00 AM,1,0,0,36.088170,-86.690650,HARDING PL,,,,534.00,Feet,East,ANTIOCH PKE,,,,0.00,N,Not at Intersection,N,Non-Junction,None,,,         ,Clayton,Smith,Rain,Not Collision with Motor Vehicle in Transport,no,no,no,no,no,False
102968858,METROPOLITAN NASHVILLE POLICE DEPT,20210245910,Davidson,Not in City Limit,5/2/2021 10:00:00 PM,1,0,0,36.265880,-86.721690,GRAY AV,,,,0.00,Feet,,PIMA RD,,,,0.00,Y,OTHER,N,Non-Junction,None,,,         ,Jonathon,Sheppard,Rain,Not Collision with Motor Vehicle in Transport,no,no,no,no,no,False
102968863,METROPOLITAN NASHVILLE POLICE DEPT,20210245542,Davidson,Nashville,5/2/2021 12:00:00 AM,2,1,0,36.183650,-86.610660,OLD HICKORY BLVD,,,,0.00,,,ANDREW JACKSON PKWY,,,,0.00,Y,Four-Way,N,Intersection,None,,,         ,Keenan,McCann,,Angle,no,no,no,no,no,False
102968867,METROPOLITAN NASHVILLE POLICE DEPT,20210245896,Davidson,Nashville,5/3/2021 12:00:00 AM,1,0,0,36.248890,-86.719760,GALLATIN PKES,,,,209.00,Feet,South,E PALESTINE AV,,,,0.00,N,Not at Intersection, ,Non-Junction,None,,,         ,Nicholas,Berry,Rain,Not Collision with Motor Vehicle in Transport,no,no,no,no,yes,False
102968868,METROPOLITAN NASHVILLE POLICE DEPT,20210246011,Davidson,Nashville,5/3/2021 2:20:00 AM,1,1,0,36.089540,-86.702650,I 24,,,,0.00,,,,,,,55.40,N,Not at Intersection,N,Non-Junction,None,,,         ,Jonathan,Handley,Rain,Not Collision with Motor Vehicle in Transport,no,no,no,no,no,False
102968886,GOODLETTSVILLE POLICE DEPT,21-11708,Davidson,Goodlettsville,5/3/2021 12:55:00 AM,1,0,0,36.325240,-86.705560,I 65,,,,0.00,,,,,,,97.10,N,Not at Intersection,N,Non-Junction,None,,,         ,Nicholas,Given,Rain,Not Collision with Motor Vehicle in Transport,no,no,no,no,no,False
102968891,METROPOLITAN NASHVILLE POLICE DEPT,20210245730,Davidson,Nashville,5/2/2021 6:40:00 PM,2,0,0,36.087311,-86.607257,SMITH SPRINGS,RD,,,0.00,,,SMITH SPRINGS,RD,,,0.00,Y,Four-Way,N,Intersection-Related,None,,,         ,Samuel,Fredericks,,Front to Rear,no,no,no,yes,yes,False
102968898,METROPOLITAN NASHVILLE POLICE DEPT,20210246099,Davidson,Nashville,5/3/2021 4:05:00 AM,2,0,0,36.180050,-86.802750,10TH AVN,,,,165.00,Feet,South,BUCHANAN ST,,,,0.00,N,Not at Intersection,N,Non-Junction,None,,,         ,Jacob,Ross,Rain,Rear to Side,no,no,no,no,yes,False
102968932,METROPOLITAN NASHVILLE POLICE DEPT,20210246123,Davidson,Nashville,5/3/2021 4:45:00 AM,1,0,0,36.116200,-86.793960,I 440,,,,0.00,,,,,,,3.75,N,Not at Intersection,N,Non-Junction,None,,,         ,Taylor,Hurley,Rain,Not Collision with Motor Vehicle in Transport,no,no,no,no,no,False
102968941,METROPOLITAN NASHVILLE POLICE DEPT,20210246186,Davidson,Goodlettsville,5/3/2021 1:00:00 AM,1,0,0,36.298200,-86.688390,TWIN HILLS DR,,,,4.00,Feet,North,PAULA DR,,,,0.00,N,Not at Intersection,N,Non-Junction,None,,,         ,Justan,Vance,Rain,Not Collision with Motor Vehicle in Transport,no,no,no,no,yes,False
102968968,METROPOLITAN NASHVILLE POLICE DEPT,20210246190,Davidson,Nashville,5/3/2021 6:00:00 AM,1,0,0,36.067160,-86.770580,I 65,,,,0.00,,,,,,,76.75,N,Not at Intersection,N,Non-Junction,None,,,         ,Ricardo,Cruz,,Not Collision with Motor Vehicle in Transport,no,no,no,no,no,False
102968970,METROPOLITAN NASHVILLE POLICE DEPT,20210246163,Davidson,Nashville,5/3/2021 5:00:00 AM,2,0,0,36.152510,-86.682400,ELM HILL PKE,,,,315.00,Feet,East,MCGAVOCK PKE,,,,0.00,N,Not at Intersection,N,OtherLocation,None,,,         ,Randall,Ward,Rain,Angle,no,no,no,yes,yes,False
102968987,METROPOLITAN NASHVILLE POLICE DEPT,20210246228,Davidson,Nashville,5/3/2021 7:00:00 AM,2,0,0,36.161630,-86.867000,BRILEY PKWYN,,,,621.00,Feet,East,BRILEY PKWYS,,,,0.00,N,Not at Intersection, ,Non-Junction,None,,,         ,George,Spencer,Rain,"Sideswipe, Same Direction",no,no,no,no,no,False
102968991,METROPOLITAN NASHVILLE POLICE DEPT,20210246289,Davidson,Nashville,5/3/2021 7:34:00 AM,2,1,0,36.167160,-86.660260,LEBANON PKE,,,,569.00,Feet,East,EDDINGS LN,,,,0.00,N,Not at Intersection,N,Non-Junction,None,,,         ,Michael,Dance,Rain,Front to Rear,no,no,no,no,no,False
102968999,METROPOLITAN NASHVILLE POLICE DEPT,20210246201,Davidson,Nashville,5/3/2021 6:15:00 AM,1,0,0,36.192100,-86.780570,I 65,,,,0.00,,,,,,,86.30,N,Not at Intersection,N,Non-Junction,None,,,         ,Terrance,Stuckey,Rain,Not Collision with Motor Vehicle in Transport,no,no,no,no,no,False
102969000,METROPOLITAN NASHVILLE POLICE DEPT,20210246364,Davidson,Nashville,5/3/2021 7:50:00 AM,1,0,0,36.118940,-86.767050,I 440,,,,0.00,,,,,,,5.30,N,Not at Intersection,N,Non-Junction,None,,,         ,Thomas,Vasquez,"Cloudy, Rain",Not Collision with Motor Vehicle in Transport,no,no,no,no,no,False
102969008,METROPOLITAN NASHVILLE POLICE DEPT,20210246211,Davidson,Nashville,5/3/2021 6:40:00 AM,4,0,0,36.198600,-86.776020,I 65,,,,0.00,,,,,,,86.80,N,Not at Intersection,N,Non-Junction,None,,,         ,Steven,Meador,Rain,"Sideswipe, Same Direction",no,no,no,no,no,False
102969018,METROPOLITAN NASHVILLE POLICE DEPT,20210246425,Davidson,Nashville,5/3/2021 9:00:00 AM,1,0,0,36.159880,-86.792630,I 40,,,,0.00,,,,,,,208.80,N,Not at Intersection,N,Non-Junction,None,,,         ,Cynthia,Quirouette,,Not Collision with Motor Vehicle in Transport,no,no,no,no,no,False
102969023,METROPOLITAN NASHVILLE POLICE DEPT,20210246423,Davidson,Not in City Limit,5/3/2021 8:44:00 AM,2,0,0,36.010890,-86.665440,OLD HICKORY BLVD,,,,0.00,,,PETTUS RD,,,,0.00,Y,Y-Intersection, ,Intersection,None,,,         ,Joe,Hooper,Rain,Angle,no,no,no,no,no,False
102969032,METROPOLITAN NASHVILLE POLICE DEPT,20210246437,Davidson,Nashville,5/3/2021 9:12:00 AM,2,0,0,36.144330,-86.715380,ELM HILL PKE,,,,1014.00,Feet,West,WRIGHT INDUSTRIES PVTDR,,,,0.00,N,Not at Intersection,N,"Driveway, Alley Access, etc",None,,,         ,Michael,Dance,Rain,Angle,no,no,no,no,no,False
102969039,METROPOLITAN NASHVILLE POLICE DEPT,20210246447,Davidson,Nashville,5/3/2021 8:47:00 AM,2,1,0,36.078360,-86.729940,HARDING PL,,,,362.00,Feet,South,COVENTRY DR,,,,0.00,N,Not at Intersection,N,Non-Junction,None,,,         ,D’Mitri,Mackall,,Front to Rear,no,no,no,no,yes,False
102969046,METROPOLITAN NASHVILLE POLICE DEPT,20210246506,Davidson,Nashville,5/3/2021 9:57:00 AM,1,0,0,36.190210,-86.775940,I65 S ENT RAMP,,,,0.00,,,I 24,,,,0.00,Y,OTHER, ,Entrance/Exit Ramp Related,None,,,         ,Ryan,Worstall,Rain,Not Collision with Motor Vehicle in Transport,no,no,no,no,no,False
102969052,METROPOLITAN NASHVILLE POLICE DEPT,2021-0246428,Davidson,Nashville,5/3/2021 9:00:00 AM,2,1,0,36.242970,-86.635450,OLD HICKORY BLVD,,,,280.00,Feet,East,STONE HEDGE DR,,,,0.00,N,Not at Intersection,N,Non-Junction,None,,,         ,Calvin,Graham,"Cloudy, Rain","Sideswipe, Same Direction",no,no,no,no,no,False
102969053,METROPOLITAN NASHVILLE POLICE DEPT,20210246513,Davidson,Nashville,5/3/2021 10:02:00 AM,2,1,0,36.069160,-86.691110,I24 E EXT RAMP,,,,0.00,Feet,East,HAYWOOD LN,,,,0.00,N,Not at Intersection,N,Non-Junction,None,,,         ,Joe,Hooper,Rain,Front to Rear,no,no,no,no,no,False
102969056,METROPOLITAN NASHVILLE POLICE DEPT,20210246509,Davidson,Nashville,5/3/2021 7:30:00 AM,2,0,0,36.041740,-86.720620,ZERMATT AV,,,,70.00,Feet,North,STEFFISBURG DR,,,,0.00,N,Not at Intersection,N,Non-Junction,None,,,         ,D’Mitri,Mackall,,Front to Rear,no,no,no,no,yes,False
102969057,METROPOLITAN NASHVILLE POLICE DEPT,20210246496,Davidson,Nashville,5/3/2021 9:44:00 AM,1,0,0,36.192040,-86.781030,I 65,,,,0.00,,,,,,,86.25,N,Not at Intersection,N,Non-Junction,None,,,         ,Tyler,Adcock,"Cloudy, Rain",Not Collision with Motor Vehicle in Transport,no,no,no,no,no,False
102969071,METROPOLITAN NASHVILLE POLICE DEPT,20210246405,Davidson,Not in City Limit,5/3/2021 12:00:00 AM,1,0,0,36.117590,-86.960480,OLD CHARLOTTE PKE,,,,1100.00,Feet,West,OLD CHARLOTTE PVTDR,,,,0.00,N,Not at Intersection,N,Non-Junction,None,,,         ,Bradley,Pope,Unknown,Unknown,no,no,no,no,yes,False
102969096,METROPOLITAN NASHVILLE POLICE DEPT,20210246534,Davidson,Nashville,5/3/2021 10:13:00 AM,1,1,0,36.118030,-86.725880,I 24,,,,0.00,,,,,,,53.05,N,Not at Intersection,N,Non-Junction,None,,,         ,Michael,Dance,Rain,Not Collision with Motor Vehicle in Transport,no,no,no,no,no,False
102969100,METROPOLITAN NASHVILLE POLICE DEPT,20210246503,Davidson,Nashville,5/3/2021 8:45:00 AM,1,0,0,36.153960,-86.836690,I 40,,,,0.00,,,,,,,205.10,N,Not at Intersection,N,Non-Junction,None,,,         ,George,Spencer,Rain,Not Collision with Motor Vehicle in Transport,no,no,no,no,no,False
102969101,METROPOLITAN NASHVILLE POLICE DEPT,20210246559,Davidson,Nashville,5/3/2021 9:00:00 AM,2,0,0,36.141340,-86.739910,MURFREESBORO PKE,,,,209.00,Feet,East,FOSTER AV,,,,0.00,N,Not at Intersection, ,"Driveway, Alley Access, etc",None,,,         ,Michael,Dance,Rain,Angle,no,no,no,no,no,False
102969108,METROPOLITAN NASHVILLE POLICE DEPT,20210246586,Davidson,Antioch,5/3/2021 10:45:00 AM,1,0,0,36.032450,-86.587740,ROCKVIEW CT,,,,40.00,Feet,West,LAVERGNE COUCHVILLE PKE,,,,0.00,N,Not at Intersection,N,Non-Junction,None,,,         ,Joe,Hooper,Rain,Not Collision with Motor Vehicle in Transport,no,no,no,no,no,False
102969114,METROPOLITAN NASHVILLE POLICE DEPT,20210246595,Davidson,Nashville,5/3/2021 11:07:00 AM,1,0,0,36.174570,-86.606050,I40 E EXT RAMP,,,,0.00,,,CENTRAL PKE,,,,0.00,Y,OTHER,Y,Entrance/Exit Ramp Related,None,,,         ,Michael,Brooks,Cloudy,Not Collision with Motor Vehicle in Transport,no,no,no,no,no,False
102969119,THP District 3 - Nashville,321029174,Davidson,Nashville,5/3/2021 8:45:00 AM,2,0,0,36.130190,-86.727020,I 24,,,,0.00,,,,,,,52.15,N,Not at Intersection, ,Non-Junction,None,,,         ,William,Miller,Rain,"Sideswipe, Same Direction",no,no,no,no,yes,False
102969125,METROPOLITAN NASHVILLE POLICE DEPT,20210246626,Davidson,Nashville,5/3/2021 11:10:00 AM,2,0,0,36.142800,-86.744360,FESSLERS LN,,,,0.00,,,MURFREESBORO PKE,,,,0.00,Y,Four-Way, ,Intersection-Related,None,,,         ,Eric,Burford,Cloudy,Front to Rear,no,no,no,no,no,False
102969149,METROPOLITAN NASHVILLE POLICE DEPT,20210246483,Davidson,Nashville,5/3/2021 9:36:00 AM,2,0,0,36.039930,-86.815430,OLD HICKORY BLVD,,,,311.00,Feet,East,GRANNY WHITE PKE,,,,0.00,N,Not at Intersection,N,Non-Junction,None,,,         ,Brent,Bauer,,Front to Rear,no,no,no,no,no,False
102969153,METROPOLITAN NASHVILLE POLICE DEPT,20210246712,Davidson,Nashville,5/3/2021 11:38:00 AM,2,0,0,36.084610,-86.704450,HARDING PL,,,,321.00,Feet,West,LARGO DR,,,,0.00,N,Not at Intersection, ,Non-Junction,None,,,         ,Joe,Hooper,Cloudy,Front to Rear,no,no,no,no,no,False
102969200,METROPOLITAN NASHVILLE POLICE DEPT,20210246779,Davidson,Nashville,5/3/2021 12:05:00 PM,2,0,0,36.047760,-86.653440,HICKORY HOLLOW LN,,,,611.00,Feet,North,BELL RD,,,,0.00,N,Not at Intersection,N,Non-Junction,None,,,         ,Joe,Hooper,Cloudy,Angle,no,no,no,no,yes,False
102969218,METROPOLITAN NASHVILLE POLICE DEPT,20210246835,Davidson,Nashville,5/3/2021 1:16:00 PM,2,1,0,36.111200,-86.749380,THOMPSON LN,,,,147.00,Feet,West,LANDERS AV,,,,0.00,N,Not at Intersection,N,Non-Junction,None,,,         ,D’Mitri,Mackall,,Front to Rear,no,no,no,no,no,False
102969241,METROPOLITAN NASHVILLE POLICE DEPT,20210246815,Davidson,Nashville,5/3/2021 12:51:00 PM,2,0,0,36.176390,-86.767380,SPRING ST,,,,0.00,,,ELLINGTON PKWYS,,,,0.00,Y,Y-Intersection, ,Entrance/Exit Ramp Related,None,,,         ,Doyle,Price,Cloudy,Front to Rear,no,no,no,no,no,False
102969248,METROPOLITAN NASHVILLE POLICE DEPT,20210246849,Davidson,Nashville,5/3/2021 1:29:00 PM,2,2,0,36.192880,-86.623830,JACKSONIAN DR,,,,0.00,,,LEBANON PKE,,,,0.00,Y,Four-Way,N,Intersection,None,,,         ,Michael,Brooks,Cloudy,Angle,no,no,no,no,no,False
102969260,METROPOLITAN NASHVILLE POLICE DEPT,20210246852,Davidson,Nashville,5/3/2021 1:29:00 PM,1,1,0,36.159970,-86.795400,CHARLOTTE AV,,,,0.00,,,15TH AVN,,,,0.00,Y,T-Intersection,N,Intersection,None,,,         ,Tyler,Adcock,Cloudy,Not Collision with Motor Vehicle in Transport,no,yes,no,no,yes,False
102969282,METROPOLITAN NASHVILLE POLICE DEPT,20210246913,Davidson,Madison,5/3/2021 1:45:00 PM,2,0,0,36.263060,-86.711870,STATE RT 45,,,,17.00,Feet,East,OLD HICKORY BLVDW,,,,0.00,N,Not at Intersection, ,Non-Junction,None,,,         ,Michelle,Steidl,Clear,"Sideswipe, Same Direction",no,no,no,no,yes,False
102969287,METROPOLITAN NASHVILLE POLICE DEPT,20210246840,Davidson,Nashville,5/3/2021 1:19:00 PM,2,0,0,36.206620,-86.777900,BRICK CHURCH PKE,,,,0.00,,,W TRINITY LN,,,,0.00,Y,Four-Way,N,Intersection,None,,,         ,William,Coy,Clear,Angle,no,no,no,no,yes,False
102969311,METROPOLITAN NASHVILLE POLICE DEPT,20210246879,Davidson,Nashville,5/3/2021 1:15:00 PM,2,0,0,36.194320,-86.800950,ATHENS WAY,,,,165.00,Feet,North,LAKE FRONT OFFICE PARK PVTDR,,,,0.00,N,Not at Intersection, ,Non-Junction,None,,,         ,Jean,McCormack,Cloudy,Angle,no,no,no,no,no,False
102969324,METROPOLITAN NASHVILLE POLICE DEPT,20210246926,Davidson,Madison,5/3/2021 2:10:00 PM,2,0,0,36.264450,-86.732280,OLD HICKORY BLVDW,,,,0.00,Feet,,N GRAYCROFT AV,,,,0.00,Y,Four-Way, ,Intersection,None,,,         ,Ricki,Armstrong,Clear,Front to Rear,no,no,no,no,no,False