master_record_number,agency,agency_tracking_number,county,city,collision_date,vehicles_involved,number_injured,number_dead,latitude,longitude,roadway_name,roadway_suffix,roadway_number,roadway_local_id,distance_from_reference,miles-feet_indicator,direction_from_reference,intersection_road_name,intersection_road_name_suffix,intersection_road_number,intersection_local_id,mile_marker,intersection_indicator,intersect_type,interchange_related_indicator,relation_to_junction,work_zone_type,construction_maintenance_zone,construction_maintenance_zone_location,fatal_case_number,officer_first_name,officer_last_name,weather_condition(s),manner_of_crash,pedestrian,bicycle,scooter,parking,hitrun,mou
102969356,METROPOLITAN NASHVILLE POLICE DEPT,20210246995,Davidson,Nashville,5/3/2021 3:05:00 PM,2,0,0,36.206140,-86.773960,I65 N EXT RAMP,,,,0.00,,,W TRINITY LN,,,,0.00,Y,T-Intersection, ,Intersection,None,,,         ,Jeremy,Smith,Clear,Front to Rear,no,no,no,no,no,False
102969374,METROPOLITAN NASHVILLE POLICE DEPT,20210247045,Davidson,Nashville,5/3/2021 3:20:00 PM,1,0,0,36.145600,-86.696380,I40 E ENT RAMP,,,,0.00,Feet,East,BRILEY PKWY S EXT RAMP,,,,0.00,N,Not at Intersection,N,Non-Junction,None,,,         ,Reagan,Heath,Clear,Not Collision with Motor Vehicle in Transport,no,no,no,no,no,False
102969379,METROPOLITAN NASHVILLE POLICE DEPT,20210246950,Davidson,Not in City Limit,5/3/2021 2:31:00 PM,2,0,0,36.083890,-86.951070,I 40,,,,0.00,,,,,,,196.70,N,Not at Intersection,N,Non-Junction,None,,,         ,Jeremy,Huffine,Clear,Angle,no,no,no,no,yes,False
102969384,METROPOLITAN NASHVILLE POLICE DEPT,20210247059,Davidson,Nashville,5/3/2021 2:52:00 PM,2,1,0,36.173450,-86.601900,CENTRAL PKE,,,,90.00,Feet,East,OLD HICKORY BLVD,,,,0.00,N,Not at Intersection,N,Non-Junction,None,,,         ,Zaire,Murray,,Angle,no,no,no,no,yes,False
102969403,METROPOLITAN NASHVILLE POLICE DEPT,20210247061,Davidson,Nashville,5/3/2021 3:31:00 PM,2,1,0,36.044970,-86.665270,BELL RD,,,,519.00,Feet,North,CEDAR POINTE PKWY,,,,0.00,N,Not at Intersection,N,Non-Junction,None,,,         ,Gabriel,Hamilton,Clear,Angle,no,no,no,no,no,False
102969423,METROPOLITAN NASHVILLE POLICE DEPT,20210247131,Davidson,Nashville,5/3/2021 12:00:00 AM,2,0,0,36.185300,-86.636500,JACKSON DOWNS BLVD,,,,0.00,,,LEBANON PKE,,,,0.00,Y,T-Intersection, ,Intersection,None,,,         ,Keenan,McCann,,Angle,no,no,no,no,no,False
102969425,METROPOLITAN NASHVILLE POLICE DEPT,20210247135,Davidson,Nashville,5/3/2021 12:00:00 AM,2,0,0,36.161230,-86.810480,BATAVIA ST,,,,104.00,Feet,West,22ND AVN,,,,0.00,N,Not at Intersection,N,Non-Junction,None,,,         ,Lucas,Thomas,Unknown,Angle,no,no,no,no,yes,False
102969427,METROPOLITAN NASHVILLE POLICE DEPT,20210247082,Davidson,Nashville,5/3/2021 2:47:00 PM,2,0,0,36.049870,-86.643200,WILD OAKS CT,,,,287.00,Feet,North,DALE VIEW DR,,,,0.00,N,Not at Intersection, ,Non-Junction,None,,,         ,Beri,Scott,Clear,"Sideswipe, Opposite Direction",no,no,no,no,no,False
102969431,METROPOLITAN NASHVILLE POLICE DEPT,20210247134,Davidson,Nashville,5/3/2021 2:04:00 PM,2,1,0,36.155040,-86.797520,CHURCH ST,,,,0.00,,,18TH AVN,,,,0.00,Y,Four-Way,Y,Intersection,None,,,         ,Kaytlin,huyler,Clear,HeadOn,no,no,no,no,no,False
102969437,METROPOLITAN NASHVILLE POLICE DEPT,2021024713911,Davidson,Nashville,5/3/2021 4:20:00 PM,2,0,0,36.174280,-86.787420,5TH AVN,,,,0.00,Feet,East,JEFFERSON ST,,,,0.00,N,Not at Intersection, ,Non-Junction,None,,,         ,Michael,Foster,Clear,Front to Rear,no,no,no,no,yes,False
102969446,METROPOLITAN NASHVILLE POLICE DEPT,20210247056,Davidson,Nashville,5/3/2021 3:30:00 PM,3,1,0,36.159990,-86.792540,I 40,,,,0.00,,,,,,,208.80,N,Not at Intersection,N,Non-Junction,None,,,         ,Tristan,Krausman,Clear,Front to Rear,no,no,no,no,no,False
102969447,METROPOLITAN NASHVILLE POLICE DEPT,20210247088,Davidson,Nashville,5/3/2021 3:40:00 PM,2,0,0,36.154570,-86.779200,8TH AVS,,,,25.00,Feet,South,LAFAYETTE ST,,,,0.00,N,Not at Intersection,Y,OtherLocation,None,,,         ,Ky,Luu,Clear,Angle,no,no,no,no,no,False
102969450,METROPOLITAN NASHVILLE POLICE DEPT,20210247172,Davidson,Nashville,5/3/2021 4:00:00 PM,1,0,0,36.201800,-86.821190,BUENA VISTA PKE,,,,327.00,Feet,South,W TRINITY LN,,,,0.00,N,Not at Intersection,N,Non-Junction,None,,,         ,Craig,Paschetti,Clear,Not Collision with Motor Vehicle in Transport,no,no,no,no,no,False
102969452,METROPOLITAN NASHVILLE POLICE DEPT,20210247286,Davidson,Nashville,5/3/2021 5:05:00 PM,2,0,0,36.058120,-86.716090,NOLENSVILLE PKE,,,,327.00,Feet,South,TUSCULUM RD,,,,0.00,N,Not at Intersection,N,Non-Junction,None,,,         ,Steven,Powers,Clear,Rear to Side,no,no,no,yes,yes,False
102969456,METROPOLITAN NASHVILLE POLICE DEPT,20210247138,Davidson,Nashville,5/3/2021 11:00:00 AM,2,0,0,36.166120,-86.777250,UNION ST EXT RAMP,,,,0.00,Feet,East,UNION ST,,,,0.00,N,Not at Intersection,N,Non-Junction,None,,,         ,James,Hill,Clear,Angle,no,no,no,no,yes,False
102969457,METROPOLITAN NASHVILLE POLICE DEPT,20210247270,Davidson,Not in City Limit,5/3/2021 5:42:00 PM,2,3,0,36.264150,-86.691470,STATE RT 45,,,,0.00,,,MCARTHUR DR,,,,0.00,Y,Four-Way,N,Intersection,None,,,         ,Christopher,Littles,Clear,Angle,no,no,no,no,no,False
102969465,METROPOLITAN NASHVILLE POLICE DEPT,20210247313,Davidson,Nashville,5/3/2021 6:04:00 PM,2,0,0,36.167600,-86.762220,S 5TH ST,,,,0.00,,,SHELBY AV,,,,0.00,Y,Four-Way, ,Intersection-Related,None,,,         ,Adam,Warren,Clear,Front to Rear,no,no,no,no,no,False
102969466,METROPOLITAN NASHVILLE POLICE DEPT,20210246989,Davidson,Nashville,5/3/2021 12:00:00 AM,2,0,0,36.107250,-86.672490,DONELSON PKE,,,,416.00,Feet,North,MURFREESBORO PKE,,,,0.00,N,Not at Intersection, ,Non-Junction,None,,,         ,Adam,Gartner,,"Sideswipe, Same Direction",no,no,no,no,no,False
102969470,METROPOLITAN NASHVILLE POLICE DEPT,20210247187,Davidson,Nashville,5/3/2021 1:25:00 PM,2,0,0,36.246210,-86.761310,SKYLINE COMMONS PVTDR,,,,0.00,Feet,East,DOVERSIDE DR,,,,0.00,N,Not at Intersection,N,Non-Junction,None,,,         ,Mary,Hall,Clear,"Sideswipe, Same Direction",no,no,no,yes,yes,False
102969471,METROPOLITAN NASHVILLE POLICE DEPT,20210247251,Davidson,Nashville,5/3/2021 5:09:00 PM,2,0,0,36.060090,-86.716400,NOLENSVILLE PKE,,,,0.00,,,STRASSER DR,,,,0.00,Y,T-Intersection, ,Intersection-Related,None,,,         ,Beri,Scott,Clear,Angle,no,no,no,no,no,False
102969472,METROPOLITAN NASHVILLE POLICE DEPT,20210244185,Davidson,Nashville,5/1/2021 10:52:00 PM,2,0,0,36.166200,-86.765880,I24 E ENT RAMP,,,,0.00,,,I 24,,,,0.00,Y,OTHER, ,Non-Junction,None,,,         ,Paul,Stein,Clear,Front to Rear,no,no,no,no,no,False
102969479,METROPOLITAN NASHVILLE POLICE DEPT,20210247280,Davidson,Nashville,5/3/2021 5:10:00 PM,3,0,0,36.106430,-86.719090,I 24,,,,0.00,,,,,,,54.00,N,Not at Intersection,N,Non-Junction,None,,,         ,John,Walden,Clear,Front to Rear,no,no,no,no,yes,False
102969497,METROPOLITAN NASHVILLE POLICE DEPT,20210247394,Davidson,Nashville,5/3/2021 5:30:00 PM,2,0,0,36.043840,-86.693140,BELL RD,,,,59.00,Feet,East,BROOK VIEW ESTATES DR,,,,0.00,N,Not at Intersection, ,,None,,,         ,Beri,Scott,,,no,no,no,no,no,False
102969522,METROPOLITAN NASHVILLE POLICE DEPT,20210247416,Davidson,Nashville,5/3/2021 7:41:00 PM,2,0,0,36.182520,-86.798960,I65 N EXT RAMP,,,,0.00,Feet,East,I 65,,,,0.00,N,Not at Intersection, ,Entrance/Exit Ramp Related,None,,,         ,Hendrik,Kruger,Clear,"Sideswipe, Same Direction",no,no,no,no,no,False
102969524,METROPOLITAN NASHVILLE POLICE DEPT,20210247380,Davidson,Nashville,5/3/2021 6:52:00 PM,2,0,0,36.150430,-86.798590,20TH AVS,,,,0.00,,,TERRACE PL,,,,0.00,Y,T-Intersection, ,Intersection,None,,,         ,Kaytlin,huyler,Clear,Angle,no,no,no,no,no,Campus
102969574,METROPOLITAN NASHVILLE POLICE DEPT,20210247463,Davidson,Nashville,5/3/2021 6:00:00 PM,2,1,0,36.040120,-86.780740,OLD HICKORY BLVD,,,,0.00,,,I65 N ENT RAMP,,,,0.00,Y,T-Intersection,N,Entrance/Exit Ramp Related,None,,,         ,Peyton,Wheatley,Clear,Angle,no,no,no,no,no,False
102969593,METROPOLITAN NASHVILLE POLICE DEPT,20210247607,Davidson,Nashville,5/3/2021 9:13:00 PM,1,0,0,36.199860,-86.591980,TULIP GROVE RD,,,,46.00,Feet,North,CHANDLER RD,,,,0.00,N,Not at Intersection, ,Non-Junction,None,,,         ,Dontaveous,Eubanks,,Not Collision with Motor Vehicle in Transport,no,no,no,no,no,False
102969596,METROPOLITAN NASHVILLE POLICE DEPT,20210247602,Davidson,Nashville,5/3/2021 8:58:00 PM,2,0,0,36.070170,-86.634300,MURFREESBORO PKE,,,,830.00,Feet,South,BELL RD,,,,0.00,N,Not at Intersection, ,Non-Junction,None,,,         ,Beri,Scott,Clear,Angle,no,no,no,no,no,False
102969601,METROPOLITAN NASHVILLE POLICE DEPT,20210247645,Davidson,Nashville,5/3/2021 9:44:00 PM,1,1,0,36.245880,-86.779490,BRICK CHURCH PKE,,,,124.00,Feet,South,CHESAPEAKE DR,,,,0.00,N,Not at Intersection,N,Non-Junction,None,,,         ,Christopher,Littles,Cloudy,Not Collision with Motor Vehicle in Transport,yes,no,no,no,yes,False
102969604,METROPOLITAN NASHVILLE POLICE DEPT,20210247663,Davidson,Nashville,5/3/2021 9:58:00 PM,1,0,0,36.154560,-86.679700,LAKELAND DR,,,,710.00,Feet,South,MCGAVOCK PKE,,,,0.00,N,Not at Intersection,N,Non-Junction,None,,,         ,Brandon,Chapman,,Not Collision with Motor Vehicle in Transport,no,no,no,no,yes,False
102969628,METROPOLITAN NASHVILLE POLICE DEPT,20210247651,Davidson,Nashville,5/3/2021 9:40:00 PM,2,1,0,36.187560,-86.800030,DOMINICAN DR,,,,0.00,Feet,West,ATHENS WAY,,,,0.00,N,Not at Intersection,N,Non-Junction,None,,,         ,Kevin,Breeding,Clear,Front to Rear,no,no,no,no,yes,False
102969632,METROPOLITAN NASHVILLE POLICE DEPT,20210246205,Davidson,Nashville,5/3/2021 6:30:00 AM,2,0,0,36.170200,-86.806150,I 40,,,,0.00,,,,,,,207.30,N,Not at Intersection,N,Non-Junction,None,,,         ,Bobby,Samuels,Rain,Angle,no,no,no,no,no,False
102969639,METROPOLITAN NASHVILLE POLICE DEPT,20210247705,Davidson,Nashville,5/3/2021 10:49:00 PM,1,0,0,36.086190,-86.628030,BELL RD,,,,528.00,Feet,East,PRIVATE DR,,,,0.00,N,Not at Intersection,N,Non-Junction,None,,,         ,Corey,Ethridge,,Not Collision with Motor Vehicle in Transport,no,no,no,no,no,False
102969666,METROPOLITAN NASHVILLE POLICE DEPT,20210247699,Davidson,Nashville,5/3/2021 10:40:00 PM,1,1,0,36.155850,-86.775390,5TH AVS,,,,124.00,Feet,North,PEABODY ST,,,,0.00,N,Not at Intersection,N,Non-Junction,None,,,         ,Damon,Hutcheson,Cloudy,Not Collision with Motor Vehicle in Transport,yes,no,no,no,yes,False
102969684,METROPOLITAN NASHVILLE POLICE DEPT,20210247822,Davidson,Not in City Limit,5/4/2021 12:00:00 AM,1,0,0,36.081040,-86.929040,HICKS RD,,,,440.00,Feet,East,POST CREEK RD,,,,0.00,N,Not at Intersection,N,Non-Junction,None,,,         ,Billy,Price,Clear,Not Collision with Motor Vehicle in Transport,no,no,no,no,yes,False
102969689,METROPOLITAN NASHVILLE POLICE DEPT,20210247908,Davidson,Nashville,5/4/2021 1:57:00 AM,2,0,0,36.086720,-86.697860,HARDING PL,,,,0.00,Feet,,I24 W EXT RAMP,,,,0.00,Y,OTHER,N,Intersection,None,,,         ,Tavin,Emlund,Clear,Angle,no,no,no,no,no,False
102969703,THP District 9 - Administrative,321029270,Davidson,Nashville,5/3/2021 7:10:00 PM,3,0,0,36.163970,-86.783860,7TH AVN,,,,211.00,Feet,North,UNION ST,,,,0.00,N,Not at Intersection, ,Non-Junction,None,,,         ,David,Henley,Clear,"Sideswipe, Same Direction",no,no,no,no,no,False
102969769,METROPOLITAN NASHVILLE POLICE DEPT,20210248137,Davidson,Nashville,5/4/2021 5:50:00 AM,2,0,0,36.166040,-86.764630,I 24,,,,0.00,,,,,,,49.00,N,Not at Intersection, ,Non-Junction,None,,,         ,Damon,Hutcheson,Rain,"Sideswipe, Same Direction",no,no,no,no,no,False
102969775,METROPOLITAN NASHVILLE POLICE DEPT,20210248213,Davidson,Nashville,5/4/2021 6:53:00 AM,2,0,0,36.116280,-86.798520,I 440,,,,0.00,,,,,,,3.35,N,Not at Intersection,N,Non-Junction,None,,,         ,Earl,Davis,Rain,Other,no,no,no,no,yes,False
102969783,METROPOLITAN NASHVILLE POLICE DEPT,20210248232,Davidson,Nashville,5/4/2021 6:41:00 AM,1,0,0,36.239970,-86.769780,BRILEY PKWYE,,,,285.00,Feet,South,BRILEY PKWYW,,,,0.00,N,Not at Intersection,N,Non-Junction,None,,,         ,Michelle,Steidl,Rain,Not Collision with Motor Vehicle in Transport,no,no,no,no,no,False
102969784,METROPOLITAN NASHVILLE POLICE DEPT,20210248246,Davidson,Nashville,5/4/2021 7:15:00 AM,1,0,0,36.051750,-86.670270,I 24,,,,0.00,,,,,,,58.65,N,Not at Intersection,N,Non-Junction,None,,,         ,Sean,McConnell,Rain,Not Collision with Motor Vehicle in Transport,no,no,no,no,no,False
102969787,METROPOLITAN NASHVILLE POLICE DEPT,20210248202,Davidson,Nashville,5/4/2021 6:20:00 AM,1,0,0,36.207640,-86.776330,I 65,,,,0.00,,,,,,,87.40,N,Not at Intersection,N,Non-Junction,None,,,         ,David,Kmosko,Rain,Not Collision with Motor Vehicle in Transport,no,no,no,no,no,False
102969791,METROPOLITAN NASHVILLE POLICE DEPT,20210248258,Davidson,Nashville,5/4/2021 7:16:00 AM,2,0,0,36.080420,-86.696450,I 24,,,,0.00,,,,,,,56.15,N,Not at Intersection, ,Non-Junction,None,,,         ,Jason,Hees,Rain,Front to Rear,no,no,no,no,no,False
102969797,METROPOLITAN NASHVILLE POLICE DEPT,20210248243,Davidson,Nashville,5/4/2021 7:11:00 AM,2,0,0,36.041140,-86.776210,OLD HICKORY BLVD,,,,0.00,Feet,,BRENTWOOD COMMONS WAY,,,,0.00,Y,Four-Way,Y,Intersection,None,,,         ,Devin,Mabry,Rain,Other,no,no,no,no,no,False
102969800,METROPOLITAN NASHVILLE POLICE DEPT,20210248325,Davidson,Nashville,5/4/2021 8:06:00 AM,2,0,0,36.137850,-86.802990,BLAKEMORE AV,,,,50.00,Feet,East,23RD AVS,,,,0.00,N,Not at Intersection, ,,None,,,         ,Earl,Davis,,,no,no,no,no,no,Campus
102969804,METROPOLITAN NASHVILLE POLICE DEPT,20210248272,Davidson,Not in City Limit,5/4/2021 6:30:00 AM,1,0,0,36.105450,-86.930420,I 40,,,,0.00,,,,,,,198.70,N,Not at Intersection,N,Non-Junction,None,,,         ,Wesley,Tilley,Rain,Not Collision with Motor Vehicle in Transport,no,no,no,no,no,False
102969831,METROPOLITAN NASHVILLE POLICE DEPT,20210248223,Davidson,Nashville,5/4/2021 6:58:00 AM,2,0,0,36.084350,-86.705290,HARDING PL,,,,188.00,Feet,East,LINBAR DR,,,,0.00,N,Not at Intersection,N,Non-Junction,None,,,         ,Marcus,Darden,"Cloudy, Rain",Front to Rear,no,no,no,no,yes,False
102969837,METROPOLITAN NASHVILLE POLICE DEPT,20210248314,Davidson,Nashville,5/4/2021 7:40:00 AM,2,0,0,36.211670,-86.775670,I 65,,,,0.00,,,,,,,87.70,N,Not at Intersection, ,Non-Junction,None,,,         ,Michael,Agee,Rain,"Sideswipe, Same Direction",no,no,no,no,no,False
102969838,METROPOLITAN NASHVILLE POLICE DEPT,20210248288,Davidson,Not in City Limit,5/4/2021 12:00:00 AM,1,0,0,36.285080,-86.858240,OLD HICKORY BLVD,,,,0.68,Miles,North,BURGESS RD,,,,0.00,N,Not at Intersection,N,Non-Junction,None,,,         ,William,Coy,Unknown,Not Collision with Motor Vehicle in Transport,no,no,no,no,yes,False
102969840,METROPOLITAN NASHVILLE POLICE DEPT,20210248212,Davidson,Not in City Limit,5/4/2021 6:39:00 AM,2,0,0,36.312050,-86.829700,I 24,,,,0.00,,,,,,,37.50,N,Not at Intersection,N,Non-Junction,None,,,         ,Jedidayah,Merriweather,"Cloudy, Rain",Front to Rear,no,no,no,no,no,False
102969856,METROPOLITAN NASHVILLE POLICE DEPT,20210248295,Davidson,Nashville,5/4/2021 7:45:00 AM,2,2,0,36.108700,-86.721150,I 24,,,,0.00,,,,,,,53.80,N,Not at Intersection,N,Non-Junction,None,,,         ,Todd,Watson,Rain,Not Collision with Motor Vehicle in Transport,no,no,no,no,no,False
102969857,METROPOLITAN NASHVILLE POLICE DEPT,20210248337,Davidson,Antioch,5/4/2021 8:12:00 AM,1,0,0,36.025890,-86.615740,OLD HICKORY BLVD,,,,1837.00,Feet,South,LOGISTICS WAY,,,,0.00,N,Not at Intersection,N,Non-Junction,None,,,         ,Joshua,Belk,Cloudy,Not Collision with Motor Vehicle in Transport,no,no,no,no,no,False
102969868,METROPOLITAN NASHVILLE POLICE DEPT,20210248269,Davidson,Nashville,5/4/2021 7:33:00 AM,1,0,0,36.148790,-86.779410,I40 W ENT RAMP,,,,0.00,,East,I 40,,,,0.00,N,Not at Intersection,N,Entrance/Exit Ramp Related,None,,,         ,Vincent,McCrary,"Cloudy, Rain",Not Collision with Motor Vehicle in Transport,no,no,no,no,no,False
102969877,METROPOLITAN NASHVILLE POLICE DEPT,20210248405,Davidson,Nashville,5/4/2021 7:00:00 AM,2,0,0,36.225220,-86.759860,BEN ALLEN RD,,,,166.00,Feet,East,DICKERSON PKE,,,,0.00,N,Not at Intersection,N,Non-Junction,None,,,         ,Brandon,Evans,Rain,"Sideswipe, Same Direction",no,no,no,no,yes,False
102969881,METROPOLITAN NASHVILLE POLICE DEPT,20210248320,Davidson,Nashville,5/4/2021 7:57:00 AM,2,0,0,36.126190,-86.845930,HARDING PKE,,,,214.00,Feet,East,KENNER AV,,,,0.00,N,Not at Intersection, ,Non-Junction,None,,,         ,Michael,Pyle,"Cloudy, Rain","Sideswipe, Same Direction",no,no,no,no,yes,False
102969886,METROPOLITAN NASHVILLE POLICE DEPT,20210248292,Davidson,Nashville,5/4/2021 7:46:00 AM,1,1,0,36.169920,-86.756200,S 8TH ST,,,,0.00,,,SHELBY AV,,,,0.00,Y,Four-Way,N,Intersection,None,,,         ,Andrew,Ellis,"Cloudy, Rain",Not Collision with Motor Vehicle in Transport,yes,no,no,no,yes,False
102969912,METROPOLITAN NASHVILLE POLICE DEPT,20210248441,Davidson,Nashville,5/4/2021 7:35:00 AM,2,0,0,36.235030,-86.785630,I 24,,,,0.00,,,,,,,43.75,N,Not at Intersection,N,Non-Junction,None,,,         ,Stanley,Collins,Rain,Front to Rear,no,no,no,no,yes,False
102969925,METROPOLITAN NASHVILLE POLICE DEPT,20210248571,Davidson,Nashville,5/4/2021 11:04:00 AM,1,1,0,36.112790,-86.796830,WOODMONT BLVD,,,,500.00,Feet,West,NOELTON AV,,,,0.00,N,Not at Intersection,N,Non-Junction,None,,,         ,Earl,Davis,Cloudy,Not Collision with Motor Vehicle in Transport,no,no,no,no,no,False
102969928,METROPOLITAN NASHVILLE POLICE DEPT,20210248423,Davidson,Nashville,5/4/2021 8:31:00 AM,2,1,0,36.176540,-86.755700,MCFERRIN AV,,,,0.00,,,MAIN ST,,,,0.00,Y,OTHER,N,Non-Junction,Construction Zone,Laneclosure,Activity Area,         ,Joseph,Progar,Cloudy,Not Collision with Motor Vehicle in Transport,no,no,no,no,no,False
102969934,METROPOLITAN NASHVILLE POLICE DEPT,20210248176,Davidson,Nashville,5/4/2021 6:27:00 AM,1,1,0,36.239080,-86.754150,I 65,,,,0.00,,,,,,,90.20,N,Not at Intersection,N,Non-Junction,None,,,         ,Joshua,Goepper,Rain,Not Collision with Motor Vehicle in Transport,no,no,no,no,no,False
102969940,METROPOLITAN NASHVILLE POLICE DEPT,20210248557,Davidson,Nashville,5/4/2021 7:45:00 AM,2,0,0,36.232300,-86.826370,BRILEY PKWYW,,,,356.00,Feet,West,BUENA VISTA PKE,,,,0.00,N,Not at Intersection,N,Non-Junction,None,,,         ,William,Coy,Rain,Not Collision with Motor Vehicle in Transport,no,no,no,no,yes,False
102969950,METROPOLITAN NASHVILLE POLICE DEPT,20210248576,Davidson,Nashville,5/4/2021 12:00:00 AM,2,0,0,36.232570,-86.769850,CREEKWOOD DR,,,,0.00,,,SKYLINE VILLAGE PVTDR,,,,0.00,Y,OTHER,N,OtherLocation,None,,,         ,David,Williford,Rain,Unknown,no,no,no,yes,yes,False
102969956,METROPOLITAN NASHVILLE POLICE DEPT,20210248414,Davidson,Nashville,5/4/2021 8:52:00 AM,2,0,0,36.201870,-86.776850,I 65,,,,0.00,,,,,,,87.00,N,Not at Intersection,N,Non-Junction,None,,,         ,James,Wray,Cloudy,Front to Rear,no,no,no,no,no,False
102969958,VANDERBILT UNIVERSITY POLICE,20210248592,Davidson,Nashville,5/4/2021 12:00:00 AM,2,0,0,36.108130,-86.758370,POWELL AVE,,,,1064.00,Feet,East,POWELL PL,,,,0.00,N,Not at Intersection,N,Non-Junction,None,,,         ,Anthony,Jones,Rain,"Sideswipe, Opposite Direction",no,no,no,yes,yes,False
102969982,METROPOLITAN NASHVILLE POLICE DEPT,2021-0248603,Davidson,Nashville,5/4/2021 11:20:00 AM,2,0,0,36.157770,-86.801510,19TH AVN,,,,72.00,Feet,North,CHARLOTTE AV,,,,0.00,N,Not at Intersection,N,Non-Junction,None,,,         ,Jean,McCormack,Clear,"Sideswipe, Same Direction",no,no,no,no,yes,False
102969994,METROPOLITAN NASHVILLE POLICE DEPT,20210248679,Davidson,Nashville,5/4/2021 12:17:00 PM,2,1,0,36.226310,-86.603190,SAUNDERSVILLE RD,,,,0.00,,,SHUTE LN,,,,0.00,Y,T-Intersection,N,Intersection,None,,,         ,Michael,Brooks,Cloudy,Front to Rear,no,no,no,no,no,False
102970027,METROPOLITAN NASHVILLE POLICE DEPT,20210248723,Davidson,Nashville,5/4/2021 12:25:00 PM,2,0,0,36.124080,-86.751680,I440 W EXT RAMP,,,,0.00,Feet,,NOLENSVILLE PKE,,,,0.00,Y,T-Intersection, ,Intersection,None,,,         ,Todd,Watson,Clear,"Sideswipe, Same Direction",no,no,no,no,no,False
102970030,METROPOLITAN NASHVILLE POLICE DEPT,20210248628,Davidson,Nashville,5/4/2021 11:44:00 AM,2,0,0,36.232660,-86.825250,BUENA VISTA PKE,,,,0.00,,,BRILEY PKWYW,,,,0.00,Y,OTHER,N,Non-Junction,None,,,         ,James,Wray,Clear,Front to Rear,no,no,no,no,yes,False
102970084,METROPOLITAN NASHVILLE POLICE DEPT,20210248848,Davidson,Nashville,5/4/2021 2:16:00 PM,2,0,0,36.059070,-86.716220,TUSCULUM RD,,,,0.00,,,NOLENSVILLE PKE,,,,0.00,Y,Four-Way, ,Intersection,None,,,         ,Earl,Davis,Cloudy,"Sideswipe, Opposite Direction",no,no,no,no,no,False
102970087,METROPOLITAN NASHVILLE POLICE DEPT,20210248942,Davidson,Not in City Limit,5/4/2021 12:47:00 PM,2,0,0,36.264280,-86.711490,GALLATIN PKEN,,,,0.00,,,OLD TIME VILLAGE PVTDR,,,,0.00,Y,T-Intersection,N,Intersection,None,,,         ,Christopher,Littles,Cloudy,Angle,no,no,no,no,yes,False
102970097,METROPOLITAN NASHVILLE POLICE DEPT,20210248894,Davidson,Nashville,5/4/2021 12:00:00 AM,2,0,0,36.155590,-86.771070,LEA AV,,,,0.00,,,2ND AVS,,,,0.00,Y,Four-Way, ,Intersection,None,,,         ,Trevor,Taylor,Clear,Angle,no,no,no,no,no,False
102970099,METROPOLITAN NASHVILLE POLICE DEPT,20210248850,Davidson,Not in City Limit,5/4/2021 1:50:00 PM,3,0,0,36.272360,-86.735960,I 65,,,,0.00,,,,,,,92.80,N,Not at Intersection,N,Non-Junction,None,,,         ,Brian,Otto,Cloudy,Angle,no,no,no,no,yes,False
102970106,METROPOLITAN NASHVILLE POLICE DEPT,20210248985,Davidson,Nashville,5/4/2021 3:31:00 PM,2,0,0,36.086770,-86.694520,HARDING PL,,,,424.00,Feet,East,METROPLEX DR,,,,0.00,N,Not at Intersection,N,Non-Junction,None,,,         ,Beri,Scott,Cloudy,Angle,no,no,no,no,no,False
102970108,METROPOLITAN NASHVILLE POLICE DEPT,20210249007,Davidson,Nashville,5/4/2021 12:00:00 AM,2,0,0,36.162810,-86.781040,CHURCH ST,,,,130.00,Feet,East,6TH AVN,,,,0.00,N,Not at Intersection,N,OtherLocation,None,,,         ,Brent,Morris,Cloudy,Unknown,no,no,no,yes,yes,False
102970119,METROPOLITAN NASHVILLE POLICE DEPT,20210249027,Davidson,Not in City Limit,5/4/2021 3:44:00 PM,1,0,0,36.272320,-86.794910,I 24,,,,0.00,,,,,,,40.95,N,Not at Intersection, ,Non-Junction,None,,,         ,Christopher,Littles,Cloudy,Not Collision with Motor Vehicle in Transport,no,no,no,no,no,False
102970123,METROPOLITAN NASHVILLE POLICE DEPT,20210248986,Davidson,Nashville,5/4/2021 1:01:00 PM,2,0,0,36.167270,-86.773410,RUSSELL ST,,,,216.00,Feet,East,TITANS WAY,,,,0.00,N,Not at Intersection,N,Non-Junction,None,,,         ,Joel,Cottrill,Clear,Angle,no,no,no,yes,yes,False
102970152,METROPOLITAN NASHVILLE POLICE DEPT,20210249090,Davidson,Nashville,5/4/2021 12:00:00 AM,2,0,0,36.169100,-86.766490,I 24,,,,0.00,,,,,,,48.75,N,Not at Intersection,N,Non-Junction,None,,,         ,Trevor,Taylor,Clear,Front to Rear,no,no,no,no,no,False
102970157,Nashville Airport Police,2021-01406,Davidson,Nashville,5/2/2021 12:00:00 AM,2,0,0,36.142160,-86.666670,STATE HWY 255,,,,0.00,,,STATE HWY 255,,,,0.00,Y,Four-Way,N,Entrance/Exit Ramp Related,None,,,         ,Garrett,Redifer,Rain,Angle,no,no,no,no,no,False