master_record_number,agency,agency_tracking_number,county,city,collision_date,vehicles_involved,number_injured,number_dead,latitude,longitude,roadway_name,roadway_suffix,roadway_number,roadway_local_id,distance_from_reference,miles-feet_indicator,direction_from_reference,intersection_road_name,intersection_road_name_suffix,intersection_road_number,intersection_local_id,mile_marker,intersection_indicator,intersect_type,interchange_related_indicator,relation_to_junction,work_zone_type,construction_maintenance_zone,construction_maintenance_zone_location,fatal_case_number,officer_first_name,officer_last_name,weather_condition(s),manner_of_crash,pedestrian,bicycle,scooter,parking,hitrun,mou
102970162,METROPOLITAN NASHVILLE POLICE DEPT,20210249022,Davidson,Nashville,5/4/2021 3:43:00 PM,2,1,0,36.207940,-86.865600,JORDONIA STATION RD,,,,405.00,Feet,South,ASHLAND CITY HWY,,,,0.00,N,Not at Intersection,N,Non-Junction,None,,,         ,Craig,Paschetti,Cloudy,Front to Rear,no,no,no,no,no,False
102970165,METROPOLITAN NASHVILLE POLICE DEPT,20210249100,Davidson,Nashville,5/4/2021 4:41:00 PM,2,0,0,36.140630,-86.732000,I 40,,,,0.00,,,,,,,213.00,N,Not at Intersection, ,Non-Junction,None,,,         ,Beri,Scott,Cloudy,"Sideswipe, Same Direction",no,no,no,no,no,False
102970175,METROPOLITAN NASHVILLE POLICE DEPT,20210249029,Davidson,Nashville,5/4/2021 3:36:00 PM,2,1,0,36.169550,-86.600980,OLD HICKORY BLVD,,,,0.00,,,I40 E ENT RAMP,,,,0.00,Y,Four-Way,N,Intersection,None,,,         ,Tyler,Lewis,Cloudy,Front to Rear,no,no,no,no,no,False
102970198,METROPOLITAN NASHVILLE POLICE DEPT,20210249215,Davidson,Not in City Limit,5/4/2021 5:58:00 PM,2,0,0,36.279590,-86.708720,GALLATIN PKEN,,,,96.00,Feet,North,ONE MILE PKWY,,,,0.00,N,Not at Intersection, ,Non-Junction,None,,,         ,Christopher,Littles,Cloudy,Angle,no,no,no,no,no,False
102970206,METROPOLITAN NASHVILLE POLICE DEPT,20210249186,Davidson,Nashville,5/4/2021 5:40:00 PM,1,1,0,36.235030,-86.713320,BRILEY PKWYE,,,,523.00,Feet,East,BRUSH HILL RD,,,,0.00,N,Not at Intersection,N,Non-Junction,None,,,         ,Wade,Johnson,Rain,Not Collision with Motor Vehicle in Transport,no,no,no,no,no,False
102970210,METROPOLITAN NASHVILLE POLICE DEPT,20210249245,Davidson,Nashville,5/4/2021 5:55:00 PM,2,0,0,36.182660,-86.765130,LISCHEY AV,,,,100.00,Feet,North,GRACE ST,,,,0.00,N,Not at Intersection,N,Non-Junction,None,,,         ,Jeremy,Smith,Rain,Front to Rear,no,no,no,no,yes,False
102970222,METROPOLITAN NASHVILLE POLICE DEPT,20210249064,Davidson,Nashville,5/4/2021 4:10:00 PM,1,0,0,36.069090,-86.918930,OLD HICKORY BLVD,,,,602.00,Feet,West,GLENWAY DR,,,,0.00,N,Not at Intersection,N,Non-Junction,None,,,         ,Michael,Sipos,Cloudy,Not Collision with Motor Vehicle in Transport,no,no,no,no,no,False
102970229,METROPOLITAN NASHVILLE POLICE DEPT,20210249247,Davidson,Nashville,5/4/2021 6:18:00 PM,1,1,0,36.031290,-86.700510,BARNES RD,,,,217.00,Feet,West,LUNDSTILL PROPERTY PVTDR,,,,0.00,N,Not at Intersection,N,Non-Junction,None,,,         ,Beri,Scott,Rain,Not Collision with Motor Vehicle in Transport,no,no,no,no,no,False
102970234,METROPOLITAN NASHVILLE POLICE DEPT,20210249305,Davidson,Nashville,5/4/2021 6:55:00 PM,1,0,0,36.170870,-86.688960,BRILEY PKWY S EXT RAMP,,,,0.00,Feet,East,BRILEY PKWYS,,,,0.00,N,Not at Intersection,N,Non-Junction,None,,,         ,Reagan,Heath,,Not Collision with Motor Vehicle in Transport,no,no,no,no,no,False
102970236,GOODLETTSVILLE POLICE DEPT,21-11927,Davidson,Goodlettsville,5/4/2021 6:17:00 PM,1,1,0,36.297080,-86.714590,I 65,,,,0.00,,,,,,,94.90,N,Not at Intersection,N,Non-Junction,None,,,         ,Katelyn,Gilliland,Cloudy,Not Collision with Motor Vehicle in Transport,no,no,no,no,no,False
102970238,METROPOLITAN NASHVILLE POLICE DEPT,20210249231,Davidson,Nashville,5/4/2021 6:10:00 PM,2,0,0,36.064719,-86.939214,OLD HARDING PK,,,,0.00,,,BELLEVUE RD,,,,0.00,Y,Four-Way,N,Intersection-Related,None,,,         ,Jeremy,Huffine,Rain,Angle,no,no,no,no,no,False
102970240,METROPOLITAN NASHVILLE POLICE DEPT,20210249228,Davidson,Nashville,5/4/2021 5:54:00 PM,2,1,0,36.161560,-86.836230,ALBION ST,,,,26.00,Feet,East,40TH AVN,,,,0.00,N,Not at Intersection,N,Non-Junction,None,,,         ,Je-Marc,Sears,Rain,Angle,no,no,no,no,no,False
102970241,METROPOLITAN NASHVILLE POLICE DEPT,20210249113,Davidson,Nashville,5/4/2021 4:50:00 PM,1,0,0,36.088620,-86.657510,VINEWOOD CT,,,,152.00,Feet,East,DEERCREEK TRLS,,,,0.00,N,Not at Intersection,N,Non-Junction,None,,,         ,Robert,Higgins,Clear,Not Collision with Motor Vehicle in Transport,no,no,no,no,no,False
102970242,METROPOLITAN NASHVILLE POLICE DEPT,20210249188,Davidson,Not in City Limit,5/4/2021 5:41:00 PM,1,3,0,35.976810,-86.630220,BATTLE RD,,,,1434.00,Feet,East,KIDD RD,,,,0.00,N,Not at Intersection,N,Non-Junction,None,,,         ,Robert,Higgins,Clear,Not Collision with Motor Vehicle in Transport,no,no,no,no,no,False
102970253,METROPOLITAN NASHVILLE POLICE DEPT,20210249145,Davidson,Nashville,5/4/2021 5:14:00 PM,2,7,0,36.131880,-86.895530,OLD CHARLOTTE PKE,,,,0.00,Feet,,I40 E ENT RAMP,,,,0.00,Y,Four-Way,N,Intersection,None,,,         ,Martin,Brown,Cloudy,Angle,no,no,no,no,no,False
102970259,METROPOLITAN NASHVILLE POLICE DEPT,20210249333,Davidson,Nashville,5/4/2021 8:46:00 PM,1,0,0,36.224160,-86.774540,I 65,,,,0.00,,,,,,,88.55,N,Not at Intersection, ,Non-Junction,None,,,         ,Hendrik,Kruger,Cloudy,Not Collision with Motor Vehicle in Transport,no,no,no,no,no,False
102970271,METROPOLITAN NASHVILLE POLICE DEPT,20210249271,Davidson,Nashville,5/4/2021 6:56:00 PM,1,1,0,36.164450,-86.763110,I 24,,,,0.00,,,,,,,49.10,N,Not at Intersection,N,Non-Junction,None,,,         ,Cooper,HIll,Rain,Not Collision with Motor Vehicle in Transport,no,no,no,no,no,False
102970279,METROPOLITAN NASHVILLE POLICE DEPT,20210249335,Davidson,Nashville,5/4/2021 12:00:00 AM,2,1,0,36.086910,-86.648680,UNA ANTIOCH PKE,,,,0.00,,,NASHBORO BLVD,,,,0.00,Y,Four-Way,Y,Intersection,None,,,         ,Adam,Gartner,,Angle,no,no,no,no,no,False
102970287,METROPOLITAN NASHVILLE POLICE DEPT,20210249326,Davidson,Nashville,5/4/2021 7:56:00 PM,1,2,0,36.248290,-86.784070,I 24,,,,0.00,,,,,,,42.80,N,Not at Intersection,N,Non-Junction,None,,,         ,Christopher,Littles,Cloudy,Not Collision with Motor Vehicle in Transport,no,no,no,no,no,False
102970288,METROPOLITAN NASHVILLE POLICE DEPT,20210249298,Davidson,Nashville,5/4/2021 7:29:00 PM,2,2,0,36.103800,-86.715460,I 24,,,,0.00,,,,,,,54.25,N,Not at Intersection,N,Non-Junction,None,,,         ,Beri,Scott,Cloudy,Front to Rear,no,no,no,no,no,False
102970290,METROPOLITAN NASHVILLE POLICE DEPT,20210249319,Davidson,Nashville,5/4/2021 7:29:00 PM,2,2,0,36.173270,-86.791400,ROSA L PARKS BLVD,,,,0.00,,,JEFFERSON ST,,,,0.00,Y,Four-Way,N,Intersection-Related,None,,,         ,Jonathan,Sharp,Cloudy,Front to Rear,no,no,no,no,no,False
102970307,METROPOLITAN NASHVILLE POLICE DEPT,20210249343,Davidson,Nashville,5/4/2021 8:08:00 PM,3,1,0,36.040280,-86.768370,OLD HICKORY BLVD,,,,0.00,,,SEVEN SPRINGS WAY,,,,0.00,Y,Four-Way,N,Intersection,None,,,         ,Steven,Powers,Rain,Angle,no,no,no,no,no,False
102970309,METROPOLITAN NASHVILLE POLICE DEPT,20210249042,Davidson,Nashville,5/4/2021 3:55:00 PM,2,1,0,36.082100,-86.761700,HARDING PL,,,,0.00,Feet,,SIDCO DR,,,,0.00,Y,Four-Way,N,Entrance/Exit Ramp Related,None,,,         ,Dylan,Motes,Cloudy,Angle,no,no,no,no,no,False
102970310,METROPOLITAN NASHVILLE POLICE DEPT,20210249386,Davidson,Nashville,5/4/2021 8:57:00 PM,3,0,0,36.094380,-86.706850,I 24,,,,0.00,,,,,,,55.00,N,Not at Intersection,N,Non-Junction,None,,,         ,Beri,Scott,Cloudy,"Sideswipe, Same Direction",no,no,no,no,yes,False
102970312,METROPOLITAN NASHVILLE POLICE DEPT,20210249363,Davidson,Not in City Limit,5/4/2021 8:31:00 PM,2,1,0,36.277800,-86.709470,GALLATIN PKEN,,,,448.00,Feet,North,PIERCE RD,,,,0.00,N,Not at Intersection,N,Non-Junction,None,,,         ,Bradley,Campbell,Rain,Front to Rear,no,no,no,no,yes,False
102970321,METROPOLITAN NASHVILLE POLICE DEPT,20210249330,Davidson,Nashville,5/4/2021 7:57:00 PM,2,1,0,36.146390,-86.816360,BURCH AV,,,,0.00,Feet,,31ST AVN,,,,0.00,Y,Four-Way,N,Intersection,None,,,         ,Travis,Pemberton,Clear,Front to Rear,no,no,no,no,no,False
102970322,METROPOLITAN NASHVILLE POLICE DEPT,20210249071,Davidson,Nashville,5/4/2021 4:00:00 PM,2,0,0,36.040830,-86.751070,OLD HICKORY BLVD,,,,435.00,Feet,East,WATAUGA PL,,,,0.00,N,Not at Intersection, ,Non-Junction,None,,,         ,Matthew,Hogan,Cloudy,"Sideswipe, Same Direction",no,no,no,no,no,False
102970329,METROPOLITAN NASHVILLE POLICE DEPT,20210249146,Davidson,Nashville,5/4/2021 5:15:00 PM,1,1,0,36.171750,-86.768200,JAMES ROBERTSON PKWY,,,,94.00,Feet,West,ELLINGTON PKWY N ENT RAMP,,,,0.00,N,Not at Intersection,N,Non-Junction,None,,,         ,Joel,Cottrill,Cloudy,Not Collision with Motor Vehicle in Transport,yes,no,no,no,yes,False
102970360,METROPOLITAN NASHVILLE POLICE DEPT,20210249411,Davidson,Nashville,5/4/2021 8:10:00 PM,1,0,0,36.087360,-86.614230,CASTLEGATE DR,,,,0.00,Feet,,LAKE TERRACE DR,,,,0.00,,Y-Intersection,N,Non-Junction,None,,,         ,Phillip,Burke,,Not Collision with Motor Vehicle in Transport,no,no,no,no,no,False
102970361,METROPOLITAN NASHVILLE POLICE DEPT,20210249531,Davidson,Nashville,5/4/2021 11:30:00 PM,1,0,0,36.206430,-86.776410,US HWY 431,,,,12.00,Feet,West,-- UNKNOWN RAMP/ROAD --,,,,0.00,N,Not at Intersection,N,Non-Junction,None,,,         ,David,Crisman,Rain,Not Collision with Motor Vehicle in Transport,no,no,no,no,yes,False
102970363,METROPOLITAN NASHVILLE POLICE DEPT,20210249554,Davidson,Nashville,5/4/2021 11:59:00 PM,1,0,0,36.141460,-86.670160,I40 E EXT RAMP,,,,0.00,Feet,East,I 40,,,,0.00,N,Not at Intersection,N,Entrance/Exit Ramp Related,None,,,         ,Mario,Diaz,,Not Collision with Motor Vehicle in Transport,no,no,no,no,no,False
102970364,METROPOLITAN NASHVILLE POLICE DEPT,20210249567,Davidson,Nashville,5/5/2021 12:12:00 AM,3,0,0,36.202420,-86.737120,DAVIS AV,,,,83.00,Feet,North,LITTON AV,,,,0.00,N,Not at Intersection,N,Non-Junction,None,,,         ,Dillon,Hunt,Rain,Angle,no,no,no,no,yes,False
102970368,METROPOLITAN NASHVILLE POLICE DEPT,20210249505,Davidson,Not in City Limit,5/4/2021 10:09:00 PM,2,0,0,36.062560,-86.925440,BELLEVUE RD,,,,280.00,Feet,West,SUNVALLEY WEST,,,,0.00,N,Not at Intersection, ,Non-Junction,None,,,         ,Christopher,Alceus,Rain,Angle,no,no,no,no,no,False
102970371,METROPOLITAN NASHVILLE POLICE DEPT,20210249487,Davidson,Nashville,5/4/2021 7:30:00 PM,1,0,0,36.150310,-86.771250,I 40,,,,0.00,,,,,,,210.35,N,Not at Intersection,N,Non-Junction,None,,,         ,Jeremy,Crisp,Rain,Not Collision with Motor Vehicle in Transport,no,no,no,no,yes,False
102970372,METROPOLITAN NASHVILLE POLICE DEPT,20210249515,Davidson,Nashville,5/4/2021 11:22:00 PM,1,0,0,36.229470,-86.757850,BROADMOOR DR,,,,422.00,Feet,East,DICKERSON PKE,,,,0.00,N,Not at Intersection,N,Non-Junction,None,,,         ,Kristopher,Sutton,Rain,Not Collision with Motor Vehicle in Transport,no,no,no,no,no,False
102970375,METROPOLITAN NASHVILLE POLICE DEPT,20210249596,Davidson,Nashville,5/4/2021 8:55:00 PM,3,0,0,36.044860,-86.668160,BELL RD,,,,63.00,Feet,East,BEECHWOOD TER,,,,0.00,N,Not at Intersection,N,Non-Junction,None,,,         ,Ricardo,Cruz,Clear,Front to Rear,no,no,no,no,yes,False
102970378,METROPOLITAN NASHVILLE POLICE DEPT,20210249552,Davidson,Nashville,5/4/2021 11:56:00 PM,2,0,0,36.103430,-86.714920,I 24,,,,0.00,,,,,,,54.30,N,Not at Intersection,N,Non-Junction,None,,,         ,Kevin,Breeding,Rain,"Sideswipe, Same Direction",no,no,no,no,no,False
102970381,METROPOLITAN NASHVILLE POLICE DEPT,20210249474,Davidson,Nashville,5/4/2021 6:56:00 PM,2,0,0,36.132520,-86.893750,CHARLOTTE PKE,,,,437.00,Feet,East,I40 E ENT RAMP,,,,0.00,N,Not at Intersection, ,Non-Junction,None,,,         ,Theodore,Meskers,Rain,"Sideswipe, Opposite Direction",no,no,no,yes,no,False
102970382,METROPOLITAN NASHVILLE POLICE DEPT,20210249504,Davidson,Nashville,5/4/2021 11:12:00 PM,2,1,0,36.150730,-86.785370,I 40,,,,0.00,,,,,,,209.50,N,Not at Intersection,N,Non-Junction,None,,,         ,John,Jones,Rain,Not Collision with Motor Vehicle in Transport,no,no,no,no,yes,False
102970392,GOODLETTSVILLE POLICE DEPT,21-11959,Davidson,Goodlettsville,5/5/2021 1:18:00 AM,1,1,0,36.293710,-86.718780,I 65,,,,0.00,,,,,,,94.55,N,Not at Intersection,N,Non-Junction,None,,,         ,Katelyn,Gilliland,Rain,Not Collision with Motor Vehicle in Transport,no,no,no,no,no,False
102970397,METROPOLITAN NASHVILLE POLICE DEPT,20210249538,Davidson,Nashville,5/4/2021 11:46:00 PM,2,0,0,36.147230,-86.743660,I 40,,,,0.00,,,,,,,212.00,N,Not at Intersection,N,Non-Junction,None,,,         ,Arend,Groeneweg,Clear,"Sideswipe, Same Direction",no,no,no,no,no,False
102970433,METROPOLITAN NASHVILLE POLICE DEPT,20210249870,Davidson,Nashville,5/5/2021 5:12:00 AM,1,0,0,36.216190,-86.597650,ANDREW JACKSON PKWY,,,,389.00,Feet,North,LEBANON PKE,,,,0.00,N,Not at Intersection,N,Non-Junction,None,,,         ,Jeffrey,Mullins,,Not Collision with Motor Vehicle in Transport,no,no,no,no,no,False
102970448,METROPOLITAN NASHVILLE POLICE DEPT,20210249964,Davidson,Nashville,5/5/2021 6:15:00 AM,2,0,0,36.143800,-86.769080,CHESTNUT ST,,,,150.00,Feet,East,MARTIN ST,,,,0.00,N,Not at Intersection,N,Non-Junction,None,,,         ,Earl,Davis,Unknown,"Sideswipe, Same Direction",no,no,no,no,no,False
102970453,METROPOLITAN NASHVILLE POLICE DEPT,2021028815,Davidson,Nashville,5/4/2021 12:00:00 AM,3,0,0,36.166640,-86.764950,I 24,,,,0.00,,,,,,,48.95,N,Not at Intersection,N,Non-Junction,None,,,         ,James,Harben,Cloudy,Front to Rear,no,no,no,no,no,False
102970465,METROPOLITAN NASHVILLE POLICE DEPT,20210249999,Davidson,Nashville,5/5/2021 7:20:00 AM,2,0,0,36.039690,-86.760610,OLD HICKORY BLVD,,,,235.00,Feet,West,TOWNHOMES OF FREDERICKSBURG PV,,,,0.00,N,Not at Intersection, ,,None,,,         ,Justin,mathias,,,no,no,no,no,no,False
102970479,METROPOLITAN NASHVILLE POLICE DEPT,20210248875,Davidson,Nashville,5/4/2021 2:25:00 PM,2,1,0,36.166510,-86.764700,I 24,,,,0.00,,,,,,,49.00,N,Not at Intersection,N,Non-Junction,None,,,         ,Michael,Evans,Clear,Front to Rear,no,no,no,no,no,False
102970485,METROPOLITAN NASHVILLE POLICE DEPT,20210250008,Davidson,Nashville,5/5/2021 7:23:00 AM,2,0,0,36.187560,-86.743620,GRANADA AV,,,,117.00,Feet,West,N 14TH ST,,,,0.00,N,Not at Intersection, ,,None,,,         ,Michael,Agee,,,no,no,no,no,no,False
102970507,METROPOLITAN NASHVILLE POLICE DEPT,20210249982,Davidson,Nashville,5/5/2021 6:33:00 AM,2,0,0,36.071810,-86.657960,PEBBLE CREEK DR,,,,10.00,Feet,East,MOUNTAIN LAUREL DR,,,,0.00,N,Not at Intersection,N,Non-Junction,None,,,         ,Kency,Le,Cloudy,Not Collision with Motor Vehicle in Transport,no,no,no,yes,no,False
102970508,METROPOLITAN NASHVILLE POLICE DEPT,20210250048,Davidson,Nashville,5/5/2021 7:45:00 AM,2,2,0,36.106210,-86.673060,MURFREESBORO PKE,,,,0.00,,,DONELSON PKE,,,,0.00,Y,Four-Way,N,Intersection,None,,,         ,Michael,Dance,Cloudy,Angle,no,no,no,no,no,False
102970510,THP District 3 - Nashville,321029565,Davidson,Nashville,5/5/2021 7:15:00 AM,1,0,0,36.167050,-86.805660,DR D B TODD JR BLVD,,,,232.00,Feet,South,MEHARRY BLVD,,,,0.00,N,Not at Intersection, ,Non-Junction,None,,,         ,Daniel,Nieuwenhuis,Cloudy,Not Collision with Motor Vehicle in Transport,no,no,no,yes,no,False
102970512,METROPOLITAN NASHVILLE POLICE DEPT,20210250116,Davidson,Nashville,5/5/2021 12:00:00 AM,2,0,0,36.215510,-86.755000,BULLOCK AV,,,,296.00,Feet,East,JONES AV,,,,0.00,N,Not at Intersection,N,Non-Junction,None,,,         ,Matthew,Herod,Unknown,Angle,no,no,no,no,yes,False
102970517,METROPOLITAN NASHVILLE POLICE DEPT,20210250019,Davidson,Nashville,5/5/2021 7:29:00 AM,3,1,0,36.085120,-86.702840,HARDING PL,,,,0.00,,,I24 E ENT RAMP,,,,0.00,Y,Four-Way,N,Intersection,None,,,         ,Caleb,Jernigan,Cloudy,Front to Rear,no,no,no,no,no,False
102970521,METROPOLITAN NASHVILLE POLICE DEPT,20210250172,Davidson,Nashville,5/5/2021 7:51:00 AM,2,0,0,36.084590,-86.702010,WALLACE RD,,,,0.00,,,LARGO DR,,,,0.00,Y,OTHER, ,Non-Junction,None,,,         ,Jason,Hees,Rain,"Sideswipe, Opposite Direction",no,no,no,no,no,False
102970535,METROPOLITAN NASHVILLE POLICE DEPT,20210250149,Davidson,Nashville,5/5/2021 8:28:00 AM,2,0,0,36.106730,-86.674290,MURFREESBORO PKE,,,,410.00,Feet,West,DONELSON PKE,,,,0.00,N,Not at Intersection,N,Non-Junction,None,,,         ,James,Thomas,Cloudy,"Sideswipe, Same Direction",no,no,no,no,yes,False
102970542,METROPOLITAN NASHVILLE POLICE DEPT,20210250210,Davidson,Nashville,5/5/2021 8:55:00 AM,2,0,0,36.132740,-86.727160,I 24,,,,0.00,,,,,,,52.00,N,Not at Intersection,N,Non-Junction,None,,,         ,Todd,Watson,Rain,Front to Rear,no,no,no,no,yes,False
102970560,METROPOLITAN NASHVILLE POLICE DEPT,20210250183,Davidson,Nashville,5/5/2021 8:50:00 AM,2,2,0,36.228310,-86.823650,BUENA VISTA PKE,,,,0.00,,,BUENAVIEW BLVD,,,,0.00,Y,T-Intersection,N,Intersection,None,,,         ,William,Coy,Rain,Angle,no,no,no,no,no,False
102970567,METROPOLITAN NASHVILLE POLICE DEPT,20210250315,Davidson,Nashville,5/5/2021 10:05:00 AM,2,0,0,36.179620,-86.637960,RIVER WALK DR,,,,58.00,Feet,South,JACKSON DOWNS BLVD,,,,0.00,N,Not at Intersection, ,Non-Junction,None,,,         ,Michael,Dance,Cloudy,Rear to Rear,no,no,no,no,no,False
102970569,METROPOLITAN NASHVILLE POLICE DEPT,20210250120,Davidson,Nashville,5/5/2021 8:00:00 AM,3,0,0,36.202150,-86.776850,I 65,,,,0.00,,,,,,,87.00,N,Not at Intersection,N,Non-Junction,None,,,         ,Jean,McCormack,Cloudy,Front to Rear,no,no,no,no,no,False
102970579,METROPOLITAN NASHVILLE POLICE DEPT,20210250154,Davidson,Nashville,5/5/2021 12:00:00 AM,4,0,0,36.206530,-86.776480,I 65,,,,0.00,,,,,,,87.30,N,Not at Intersection,N,Non-Junction,None,,,         ,Julie,Nabors,Cloudy,Front to Rear,no,no,no,no,no,False
102970580,METROPOLITAN NASHVILLE POLICE DEPT,20210250368,Davidson,Nashville,5/5/2021 10:35:00 AM,1,1,0,36.086370,-86.627990,BELL RD,,,,502.00,Feet,West,PRIVATE DR,,,,0.00,N,Not at Intersection,N,Non-Junction,None,,,         ,Michael,Brooks,"Cloudy, Rain",Not Collision with Motor Vehicle in Transport,no,no,no,no,no,False
102970581,METROPOLITAN NASHVILLE POLICE DEPT,20210249966,Davidson,Antioch,5/5/2021 5:53:00 AM,2,0,0,36.073640,-86.597780,COUNTRY WAY RD,,,,0.00,,,SEBETHA CT,,,,0.00,Y,T-Intersection,Y,Intersection-Related,None,,,         ,Zachary,Akers,Rain,Angle,no,no,no,no,no,False
102970582,METROPOLITAN NASHVILLE POLICE DEPT,20210250194,Davidson,Nashville,5/5/2021 8:45:00 AM,2,0,0,36.012830,-86.620830,OLD HICKORY BLVD,,,,0.00,,,I24 E ENT RAMP,,,,0.00,Y,Four-Way, ,,None,,,         ,Zachary,Akers,,,no,no,no,no,no,False
102970583,METROPOLITAN NASHVILLE POLICE DEPT,20210250068,Davidson,Nashville,5/5/2021 7:45:00 AM,2,0,0,36.155800,-86.780140,CLARK PL,,,,0.00,,,8TH AVS,,,,0.00,Y,T-Intersection, ,Non-Junction,None,,,         ,Michael,Robinson,Cloudy,"Sideswipe, Same Direction",no,no,no,no,no,False
102970585,METROPOLITAN NASHVILLE POLICE DEPT,20210250395,Davidson,Nashville,5/5/2021 12:00:00 AM,2,0,0,36.061560,-86.682950,BARELLA DR,,,,158.00,Feet,West,APACHE TRL,,,,0.00,N,Not at Intersection,N,Non-Junction,None,,,         ,Joe,Hooper,Rain,"Sideswipe, Same Direction",no,no,no,no,yes,False
102970592,METROPOLITAN NASHVILLE POLICE DEPT,20210250446,Davidson,Nashville,5/5/2021 11:08:00 AM,2,0,0,36.206990,-86.777860,BRICK CHURCH PKE,,,,135.00,Feet,North,W TRINITY LN,,,,0.00,N,Not at Intersection, ,Non-Junction,None,,,         ,William,Coy,Cloudy,Front to Rear,no,no,no,no,no,False
102970646,METROPOLITAN NASHVILLE POLICE DEPT,20210250558,Davidson,Nashville,5/5/2021 11:50:00 AM,2,0,0,36.049000,-86.675480,HARPER RIDGE PL,,,,569.00,Feet,South,TIMBERLAKE CIR,,,,0.00,N,Not at Intersection, ,Non-Junction,None,,,         ,Kency,Le,Clear,Angle,no,no,no,yes,yes,False
102970651,METROPOLITAN NASHVILLE POLICE DEPT,20210250548,Davidson,Nashville,5/5/2021 12:23:00 PM,2,0,0,36.087860,-86.691200,HARDING PL,,,,336.00,Feet,East,ANTIOCH PKE,,,,0.00,N,Not at Intersection,N,Non-Junction,None,,,         ,Joe,Hooper,Cloudy,Angle,no,no,no,no,no,False
102970663,METROPOLITAN NASHVILLE POLICE DEPT,20210250481,Davidson,Nashville,5/5/2021 11:29:00 AM,2,0,0,36.161720,-86.760820,I 24,,,,0.00,,,,,,,49.35,N,Not at Intersection,N,Non-Junction,None,,,         ,Vincent,McCrary,Cloudy,Front to Rear,no,no,no,no,no,False
102970665,METROPOLITAN NASHVILLE POLICE DEPT,20210250452,Davidson,Madison,5/5/2021 12:00:00 AM,2,0,0,36.274470,-86.735690,I 65,,,,0.00,,,,,,,93.00,N,Not at Intersection, ,Non-Junction,None,,,         ,Wesley,Mcclelland,Clear,"Sideswipe, Same Direction",no,no,no,no,no,False
102970701,METROPOLITAN NASHVILLE POLICE DEPT,20210250472,Davidson,Nashville,5/5/2021 11:20:00 AM,2,0,0,36.229850,-86.830410,BRILEY PKWYW,,,,245.00,Feet,West,BRILEY PKWY W EXT RAMP,,,,0.00,N,Not at Intersection, ,Entrance/Exit Ramp Related,None,,,         ,Sean,Fitzmaurice,Cloudy,"Sideswipe, Same Direction",no,no,no,no,no,False
102970724,METROPOLITAN NASHVILLE POLICE DEPT,20210250450,Davidson,Nashville,5/5/2021 11:20:00 AM,2,0,0,36.194250,-86.830670,BUENA VISTA PKE,,,,145.00,Feet,South,RESHA LN,,,,0.00,N,Not at Intersection,N,Non-Junction,None,,,         ,David,Kmosko,Clear,"Sideswipe, Same Direction",no,no,no,no,no,False
102970726,METROPOLITAN NASHVILLE POLICE DEPT,20210250630,Davidson,Nashville,5/5/2021 1:05:00 PM,2,0,0,36.210370,-86.775990,I 65,,,,0.00,,,,,,,87.60,N,Not at Intersection, ,Non-Junction,None,,,         ,James,Wray,Clear,"Sideswipe, Same Direction",no,no,no,no,no,False
102970735,METROPOLITAN NASHVILLE POLICE DEPT,20210250572,Davidson,Nashville,5/5/2021 12:06:00 PM,2,0,0,36.069710,-86.686490,HAYWOOD LN,,,,87.00,Feet,East,I24 W ENT RAMP,,,,0.00,N,Not at Intersection,N,Non-Junction,None,,,         ,Stanley,Collins,Clear,Front to Rear,no,no,no,no,no,False
102970737,METROPOLITAN NASHVILLE POLICE DEPT,20210250411,Davidson,Nashville,5/5/2021 11:01:00 AM,2,0,0,36.167730,-86.754570,S 8TH ST,,,,0.00,,,S 8TH ST,,,,0.00,,Not at Intersection, ,OtherLocation,None,,,         ,Andrew,Ellis,Cloudy,Rear to Rear,no,no,no,yes,no,False
102970738,METROPOLITAN NASHVILLE POLICE DEPT,20210250677,Davidson,Antioch,5/5/2021 1:05:00 PM,2,0,0,36.012760,-86.610830,FIRESTONE PKWY,,,,45.00,Feet,North,HEIL QUAKER BLVD,,,,0.00,N,Not at Intersection, ,Non-Junction,None,,,         ,Joe,Hooper,Clear,Front to Rear,no,no,no,no,no,False
102970739,METROPOLITAN NASHVILLE POLICE DEPT,20210250689,Davidson,Nashville,5/5/2021 1:33:00 PM,3,0,0,36.098790,-86.739050,NOLENSVILLE PKE,,,,0.00,Feet,,RAYMOND ST,,,,0.00,Y,T-Intersection, ,Intersection,None,,,         ,Justin,mathias,Cloudy,Angle,no,no,no,no,yes,False
102970760,METROPOLITAN NASHVILLE POLICE DEPT,20210250701,Davidson,Nashville,5/5/2021 1:40:00 PM,2,0,0,36.268690,-86.755970,DICKERSON PKE,,,,139.00,Feet,North,BELL GRIMES LN,,,,0.00,N,Not at Intersection, ,Non-Junction,None,,,         ,Dylan,Cetin,Clear,Angle,no,no,no,no,yes,False