master_record_number,agency,agency_tracking_number,county,city,collision_date,vehicles_involved,number_injured,number_dead,latitude,longitude,roadway_name,roadway_suffix,roadway_number,roadway_local_id,distance_from_reference,miles-feet_indicator,direction_from_reference,intersection_road_name,intersection_road_name_suffix,intersection_road_number,intersection_local_id,mile_marker,intersection_indicator,intersect_type,interchange_related_indicator,relation_to_junction,work_zone_type,construction_maintenance_zone,construction_maintenance_zone_location,fatal_case_number,officer_first_name,officer_last_name,weather_condition(s),manner_of_crash,pedestrian,bicycle,scooter,parking,hitrun,mou
102974174,METROPOLITAN NASHVILLE POLICE DEPT,20210258218,Davidson,Not in City Limit,5/9/2021 9:49:00 AM,2,1,0,36.279260,-86.802410,I24 E EXT RAMP,,,,0.00,,East,I 24,,,,0.00,N,Not at Intersection,N,Entrance/Exit Ramp Related,None,,,         ,Alquavious,McDaniel,Cloudy,Front to Rear,no,no,no,no,no,False
102974176,METROPOLITAN NASHVILLE POLICE DEPT,20210258323,Davidson,Nashville,5/9/2021 11:33:00 AM,1,0,0,36.158150,-86.787000,11TH AVN,,,,3.00,Feet,West,PORTER ST,,,,0.00,N,Not at Intersection,N,Non-Junction,None,,,         ,Jason,Thomas,Rain,Not Collision with Motor Vehicle in Transport,no,no,no,no,no,False
102974237,GOODLETTSVILLE POLICE DEPT,21-12383,Davidson,Goodlettsville,5/9/2021 11:59:00 AM,1,1,0,36.325360,-86.701690,LONG HOLLOW PKE,,,,95.00,Feet,North,LONG HOLLOW PKE,,,,0.00,,Not at Intersection,N,Non-Junction,None,,,         ,George,Forbes,Rain,Not Collision with Motor Vehicle in Transport,yes,no,no,yes,no,False
102974296,METROPOLITAN NASHVILLE POLICE DEPT,2021-0258402,Davidson,Nashville,5/9/2021 1:20:00 PM,2,0,0,36.216880,-86.623540,OLD HICKORY BLVD,,,,37.00,Feet,North,2ND ST,,,,0.00,N,Not at Intersection,N,Non-Junction,None,,,         ,Calvin,Graham,Rain,Front to Rear,no,no,no,no,yes,False
102974310,METROPOLITAN NASHVILLE POLICE DEPT,20210258411,Davidson,Nashville,5/9/2021 1:32:00 PM,2,0,0,36.302750,-86.691850,RIVERGATE MARKETPLACE PVTDR,,,,0.00,,,GALLATIN PKEN,,,,0.00,Y,Four-Way, ,Intersection,None,,,         ,Ian,Wilson,Rain,Angle,no,no,no,no,no,False
102974330,METROPOLITAN NASHVILLE POLICE DEPT,20210258367,Davidson,Nashville,5/9/2021 12:45:00 PM,1,1,0,36.070750,-86.684460,ANTIOCH PKE,,,,196.00,Feet,South,HAYSTACK LN,,,,0.00,N,Not at Intersection,N,Non-Junction,None,,,         ,Marcus,Darden,Clear,Not Collision with Motor Vehicle in Transport,no,no,no,no,no,False
102974331,METROPOLITAN NASHVILLE POLICE DEPT,20210258410,Davidson,Nashville,5/9/2021 12:52:00 PM,2,0,0,36.047550,-86.655930,BELL RD,,,,0.00,,,HICKORY HOLLOW PKWY,,,,0.00,Y,Four-Way,N,Intersection,None,,,         ,Stanley,Collins,Rain,Angle,no,no,no,no,yes,False
102974381,METROPOLITAN NASHVILLE POLICE DEPT,20210258422,Davidson,Nashville,5/9/2021 1:46:00 PM,2,1,0,36.149910,-86.817930,31ST AVN,,,,0.00,,,28TH AVN,,,,0.00,Y,Four-Way,N,Intersection,None,,,         ,Kimberly,Annson,"Cloudy, Rain",HeadOn,no,no,no,no,no,False
102974382,METROPOLITAN NASHVILLE POLICE DEPT,20210258361,Davidson,Nashville,5/9/2021 12:37:00 PM,2,1,0,36.195000,-86.743160,CHESTER AV,,,,0.00,Feet,,GALLATIN AV,,,,0.00,Y,Four-Way,N,Intersection,None,,,         ,William,Clemons,Rain,"Sideswipe, Opposite Direction",no,no,no,no,no,False
102974383,METROPOLITAN NASHVILLE POLICE DEPT,20210256884,Davidson,Nashville,5/8/2021 2:35:00 PM,2,0,0,36.251920,-86.717690,E WEBSTER ST,,,,0.00,Feet,,GALLATIN PKES,,,,0.00,Y,Four-Way,Y,Intersection,None,,,         ,Forrest,Punke,Cloudy,Angle,no,no,no,no,no,False
102974406,METROPOLITAN NASHVILLE POLICE DEPT,20210258321,Davidson,Nashville,5/9/2021 11:50:00 AM,1,1,0,36.031410,-86.683870,OLD HICKORY BLVD,,,,793.00,Feet,South,PINOT CHASE,,,,0.00,N,Not at Intersection,N,Non-Junction,None,,,         ,Lee,Davis,Rain,Not Collision with Motor Vehicle in Transport,no,no,no,no,no,False
102974426,METROPOLITAN NASHVILLE POLICE DEPT,20210258442,Davidson,Nashville,5/9/2021 2:05:00 PM,1,0,0,36.155520,-86.828910,I 40,,,,0.00,,,,,,,205.55,N,Not at Intersection,N,Non-Junction,None,,,         ,Andrew,Anoskey,Rain,Not Collision with Motor Vehicle in Transport,no,no,no,no,no,False
102974457,METROPOLITAN NASHVILLE POLICE DEPT,20210258449,Davidson,Nashville,5/9/2021 2:10:00 PM,1,0,0,36.231660,-86.803990,KNIGHT DR,,,,12.00,Feet,North,EWING DR,,,,0.00,N,Not at Intersection,N,Non-Junction,None,,,         ,Keegan,Winchell,Rain,Not Collision with Motor Vehicle in Transport,no,no,no,no,yes,False
102974468,METROPOLITAN NASHVILLE POLICE DEPT,20210258461,Davidson,Nashville,5/9/2021 2:45:00 PM,1,0,0,36.228480,-86.851700,BRILEY PKWYW,,,,526.00,Feet,West,BRILEY PKWYE,,,,0.00,N,Not at Intersection,N,Non-Junction,None,,,         ,Craig,Paschetti,"Cloudy, Rain",Not Collision with Motor Vehicle in Transport,no,no,no,no,no,False
102974483,METROPOLITAN NASHVILLE POLICE DEPT,20210258469,Davidson,Nashville,5/9/2021 1:50:00 PM,2,0,0,36.206240,-86.773160,W TRINITY LN,,,,0.00,,,I65 N ENT RAMP,,,,0.00,,Not at Intersection, ,,None,,,         ,Flynn,Ireland,,,no,no,no,no,no,False
102974487,METROPOLITAN NASHVILLE POLICE DEPT,20210258499,Davidson,Nashville,5/9/2021 12:00:00 AM,2,1,0,36.169220,-86.605820,I 40,,,,0.00,,,,,,,220.55,N,Not at Intersection,N,Non-Junction,None,,,         ,Keenan,McCann,Rain,Angle,no,no,no,no,no,False
102974495,METROPOLITAN NASHVILLE POLICE DEPT,20210258537,Davidson,Nashville,5/9/2021 3:36:00 PM,2,0,0,36.151950,-86.784300,12TH AVS,,,,29.00,Feet,East,11TH AVS,,,,0.00,N,Not at Intersection, ,Non-Junction,None,,,         ,Nicholas,Kiraly,Rain,Angle,no,no,no,no,no,False
102974508,METROPOLITAN NASHVILLE POLICE DEPT,20210258480,Davidson,Not in City Limit,5/9/2021 12:00:00 AM,2,1,0,36.263070,-86.711920,STATE RT 45,,,,0.00,Feet,,OLD HICKORY BLVDW,,,,0.00,Y,Four-Way,Y,Intersection-Related,None,,,         ,Wallace,Seay III,Rain,Front to Rear,no,no,no,no,no,False
102974513,METROPOLITAN NASHVILLE POLICE DEPT,20210258527,Davidson,Nashville,5/9/2021 3:37:00 PM,2,0,0,36.167630,-86.787750,ROSA L PARKS BLVD,,,,0.00,Feet,East,10TH CIRN,,,,0.00,N,Not at Intersection, ,Non-Junction,None,,,         ,Daniel,Tomlinson,"Cloudy, Rain",Front to Rear,no,no,no,no,no,False
102974516,METROPOLITAN NASHVILLE POLICE DEPT,20210258519,Davidson,Goodlettsville,5/9/2021 12:00:00 AM,2,0,0,36.296640,-86.698970,MYATT DR,,,,116.00,Feet,South,GALLATIN PKEN,,,,0.00,N,Not at Intersection, ,Non-Junction,None,,,         ,Thomas,Denenea,Rain,"Sideswipe, Same Direction",no,no,no,no,no,False
102974539,METROPOLITAN NASHVILLE POLICE DEPT,20210258587,Davidson,Nashville,5/9/2021 4:19:00 PM,2,0,0,36.124440,-86.736970,I 440,,,,0.00,,,,,,,7.00,N,Not at Intersection, ,Non-Junction,None,,,         ,Cameron,VanLierop,Cloudy,Front to Rear,no,no,no,no,no,False
102974550,METROPOLITAN NASHVILLE POLICE DEPT,20210258570,Davidson,Nashville,5/9/2021 4:00:00 PM,1,0,0,36.192130,-86.780320,I 65,,,,0.00,,,,,,,86.30,N,Not at Intersection,N,Non-Junction,None,,,         ,Hendrik,Kruger,"Cloudy, Rain",Not Collision with Motor Vehicle in Transport,no,no,no,no,no,False
102974551,METROPOLITAN NASHVILLE POLICE DEPT,20210258571,Davidson,Nashville,5/9/2021 3:40:00 PM,2,0,0,36.172560,-86.766080,JAMES ROBERTSON PKWY,,,,72.00,Feet,West,MAIN ST,,,,0.00,N,Not at Intersection, ,Non-Junction,None,,,         ,Gabriel,Vasquez,Rain,Front to Rear,no,no,no,no,no,False
102974559,METROPOLITAN NASHVILLE POLICE DEPT,20210258517,Davidson,Not in City Limit,5/9/2021 3:25:00 PM,1,0,0,36.083060,-86.994190,NEWSOM STATION RD,,,,307.00,Feet,South,MERRYMOUNT DR,,,,0.00,N,Not at Intersection,N,Non-Junction,None,,,         ,Ryan,Papp,"Cloudy, Rain",Not Collision with Motor Vehicle in Transport,no,no,no,no,no,False
102974567,METROPOLITAN NASHVILLE POLICE DEPT,20210258614,Davidson,Nashville,5/9/2021 3:18:00 PM,2,0,0,36.158340,-86.818150,CLIFTON,AVE,,2725,1.00,Feet,North,,,,,1.00,N,Not at Intersection, ,,None,,,         ,William,Hamblen,,,no,no,no,yes,no,False
102974571,METROPOLITAN NASHVILLE POLICE DEPT,20210258543,Davidson,Nashville,5/9/2021 3:40:00 PM,1,0,0,36.154050,-86.787850,I40 W EXT RAMP,,,,0.00,Feet,East,I 40,,,,0.00,N,Not at Intersection,N,Non-Junction,None,,,         ,Nicholas,Kiraly,Rain,Unknown,no,no,no,no,yes,False
102974574,METROPOLITAN NASHVILLE POLICE DEPT,20210258687,Davidson,Nashville,5/9/2021 5:54:00 PM,1,0,0,36.192290,-86.777110,I 65,,,,0.00,,,,,,,86.50,N,Not at Intersection,N,Non-Junction,None,,,         ,Randy,Puckett,Rain,Not Collision with Motor Vehicle in Transport,no,no,no,no,no,False
102974580,METROPOLITAN NASHVILLE POLICE DEPT,20210258622,Davidson,Nashville,5/9/2021 4:55:00 PM,2,0,0,36.180060,-86.810740,BUCHANAN ST,,,,87.00,Feet,East,DR D B TODD JR BLVD,,,,0.00,N,Not at Intersection,N,Non-Junction,None,,,         ,Lucas,Thomas,Rain,Front to Rear,no,no,no,no,no,False
102974590,METROPOLITAN NASHVILLE POLICE DEPT,20210258503,Davidson,Nashville,5/9/2021 3:19:00 PM,2,1,0,36.071510,-86.635780,MURFREESBORO PKE,,,,176.00,Feet,South,BELL RD,,,,0.00,N,Not at Intersection,N,Non-Junction,None,,,         ,Robert,Marquez,Rain,Angle,no,no,no,no,no,False
102974592,METROPOLITAN NASHVILLE POLICE DEPT,20210258600,Davidson,Nashville,5/9/2021 4:29:00 PM,4,0,0,36.131470,-86.778880,8TH AVS,,,,107.00,Feet,South,SOUTH DOUGLAS AV,,,,0.00,N,Not at Intersection,N,Non-Junction,None,,,         ,Travis,Pemberton,Rain,Angle,no,no,no,no,no,False
102974593,METROPOLITAN NASHVILLE POLICE DEPT,20210258677,Davidson,Not in City Limit,5/9/2021 12:00:00 AM,1,1,0,36.159390,-86.564950,JOHN HAGAR RD,,,,1273.00,Feet,East,EARHART RD,,,,0.00,N,Not at Intersection,N,Non-Junction,None,,,         ,Keenan,McCann,Rain,Not Collision with Motor Vehicle in Transport,no,no,no,no,no,False
102974595,METROPOLITAN NASHVILLE POLICE DEPT,20210258666,Davidson,Nashville,5/9/2021 5:30:00 PM,3,0,0,36.189970,-86.614780,OLD HICKORY BLVD,,,,358.00,Feet,South,OLD LEBANON DIRT RD,,,,0.00,N,Not at Intersection,N,Non-Junction,None,,,         ,Christian,Vanders,Cloudy,Front to Rear,no,no,no,no,no,False
102974600,METROPOLITAN NASHVILLE POLICE DEPT,20210258606,Davidson,Not in City Limit,5/9/2021 4:38:00 PM,1,0,0,36.104390,-86.931700,I 40,,,,0.00,,,,,,,198.60,N,Not at Intersection,N,Non-Junction,None,,,         ,Gregory,Rdzok,"Cloudy, Rain",Not Collision with Motor Vehicle in Transport,no,no,no,no,no,False
102974611,METROPOLITAN NASHVILLE POLICE DEPT,20210258661,Davidson,Nashville,5/9/2021 5:20:00 PM,2,0,0,36.169510,-86.806470,JEFFERSON ST,,,,48.00,Feet,East,DR D B TODD JR BLVD,,,,0.00,N,Not at Intersection,N,Non-Junction,None,,,         ,Lucas,Thomas,Rain,Angle,no,no,no,no,yes,False
102974612,METROPOLITAN NASHVILLE POLICE DEPT,20210258627,Davidson,Antioch,5/9/2021 3:30:00 PM,1,0,0,36.029490,-86.588090,HICKORY WOODSE,,,,197.00,Feet,South,HICKORY WAY,,,,0.00,N,Not at Intersection,N,Non-Junction,None,,,         ,John,McDonnell,Rain,Not Collision with Motor Vehicle in Transport,no,no,no,no,yes,False
102974614,METROPOLITAN NASHVILLE POLICE DEPT,20210258713,Davidson,Nashville,5/9/2021 6:22:00 PM,1,1,0,36.248190,-86.742630,I 65,,,,0.00,,,,,,,91.05,N,Not at Intersection,N,Non-Junction,None,,,         ,Bradley,Campbell,Rain,Not Collision with Motor Vehicle in Transport,no,no,no,no,no,False
102974616,METROPOLITAN NASHVILLE POLICE DEPT,20210258710,Davidson,Nashville,5/9/2021 6:17:00 PM,1,1,0,36.258630,-86.738450,I 65,,,,0.00,,,,,,,91.85,N,Not at Intersection,Y,Non-Junction,None,,,         ,Joshua,Dodge,Rain,Not Collision with Motor Vehicle in Transport,no,no,no,no,no,False
102974640,METROPOLITAN NASHVILLE POLICE DEPT,20210258636,Davidson,Nashville,5/9/2021 5:05:00 PM,2,0,0,36.066760,-86.686630,I 24,,,,0.00,,,,,,,57.25,N,Not at Intersection,N,Non-Junction,Construction Zone,Work On Shoulder Or Median,Termination Area,         ,Keith,Parlato,Rain,"Sideswipe, Same Direction",no,no,no,no,no,False
102974642,METROPOLITAN NASHVILLE POLICE DEPT,20210258752,Davidson,Not in City Limit,5/9/2021 7:03:00 PM,1,1,0,36.099870,-86.935300,I 40,,,,0.00,,,,,,,198.15,N,Not at Intersection,N,Non-Junction,None,,,         ,Gregory,Rdzok,"Cloudy, Rain",Not Collision with Motor Vehicle in Transport,no,no,no,no,no,False
102974643,METROPOLITAN NASHVILLE POLICE DEPT,20210258795,Davidson,Not in City Limit,5/9/2021 7:51:00 PM,1,1,0,36.279350,-86.708830,GALLATIN PKEN,,,,0.00,,,ONE MILE PKWY,,,,0.00,Y,T-Intersection,N,Intersection,None,,,         ,Bradley,Campbell,Rain,Not Collision with Motor Vehicle in Transport,no,no,no,no,no,False
102974650,METROPOLITAN NASHVILLE POLICE DEPT,20210258799,Davidson,Nashville,5/9/2021 6:20:00 PM,2,0,0,36.215760,-86.775160,I 65,,,,0.00,,,,,,,88.00,N,Not at Intersection,N,Non-Junction,None,,,         ,Gabriel,Vasquez,Rain,"Sideswipe, Same Direction",no,no,no,no,yes,False
102974667,METROPOLITAN NASHVILLE POLICE DEPT,20210258850,Davidson,Nashville,5/9/2021 8:42:00 PM,1,1,0,36.140520,-86.731650,I 40,,,,0.00,,,,,,,213.00,N,Not at Intersection,N,Non-Junction,None,,,         ,Reagan,Heath,Rain,Not Collision with Motor Vehicle in Transport,no,no,no,no,no,False
102974670,METROPOLITAN NASHVILLE POLICE DEPT,20210258787,Davidson,Not in City Limit,5/9/2021 6:28:00 PM,2,1,0,36.307280,-86.684860,GALLATIN PKEN,,,,5.00,Feet,West,NORTHSIDE MARKETPLACE PVTDR,,,,0.00,N,Not at Intersection,N,Non-Junction,None,,,         ,Joshua,Dodge,Rain,Angle,no,no,no,no,no,False
102974681,METROPOLITAN NASHVILLE POLICE DEPT,20210258659,Davidson,Nashville,5/9/2021 5:13:00 PM,1,0,0,36.147250,-86.875370,PREMIER DR,,,,362.00,Feet,East,MERCOMATIC DR,,,,0.00,N,Not at Intersection,N,Non-Junction,None,,,         ,Jeremy,Huffine,"Cloudy, Rain",Not Collision with Motor Vehicle in Transport,no,no,no,no,yes,False
102974686,METROPOLITAN NASHVILLE POLICE DEPT,20210258825,Davidson,Nashville,5/9/2021 6:25:00 PM,1,0,0,36.188030,-86.862530,BRILEY PKWYN,,,,154.00,Feet,North,BRILEY PKWYS,,,,0.00,N,Not at Intersection,N,Non-Junction,None,,,         ,Sandra,Fly,Rain,Not Collision with Motor Vehicle in Transport,no,no,no,no,no,False
102974689,METROPOLITAN NASHVILLE POLICE DEPT,20210258861,Davidson,Nashville,5/9/2021 7:10:00 PM,2,0,0,36.176800,-86.774580,N 1ST ST,,,,40.00,Feet,South,SPRING ST,,,,0.00,N,Not at Intersection,N,Non-Junction,None,,,         ,Brent,Morris,Rain,Angle,no,no,no,no,no,False
102974704,METROPOLITAN NASHVILLE POLICE DEPT,20210258852,Davidson,Nashville,5/9/2021 6:35:00 PM,1,0,0,36.186900,-86.862470,BRILEY PKWYN,,,,236.00,Feet,South,COUNTY HOSPITAL RD,,,,0.00,N,Not at Intersection,N,Non-Junction,None,,,         ,Sandra,Fly,Rain,Not Collision with Motor Vehicle in Transport,no,no,no,no,no,False
102974710,METROPOLITAN NASHVILLE POLICE DEPT,20210258575,Davidson,Not in City Limit,5/9/2021 2:40:00 PM,3,2,0,36.302130,-86.812270,I 24,,,,0.00,,,,,,,38.65,N,Not at Intersection,N,Non-Junction,None,,,         ,Craig,Paschetti,"Cloudy, Rain",Front to Rear,no,no,no,no,yes,False
102974738,METROPOLITAN NASHVILLE POLICE DEPT,20210258953,Davidson,Not in City Limit,5/9/2021 10:00:00 PM,1,0,0,36.074260,-86.972340,I 40,,,,0.00,,,,,,,195.30,N,Not at Intersection,N,Non-Junction,None,,,         ,Colin,Bleem,Rain,Not Collision with Motor Vehicle in Transport,no,no,no,no,no,False
102974743,METROPOLITAN NASHVILLE POLICE DEPT,20210258975,Davidson,Nashville,5/9/2021 11:07:00 PM,2,0,0,36.069990,-86.693870,EZELL RD,,,,143.00,Feet,North,HAYWOOD LN,,,,0.00,N,Not at Intersection,N,Crossover-Related,None,,,         ,William,Williams,Rain,Angle,no,no,no,no,no,False
102974748,METROPOLITAN NASHVILLE POLICE DEPT,20210259025,Davidson,Nashville,5/9/2021 11:35:00 PM,2,1,0,36.055050,-86.674760,I 24,,,,0.00,,,,,,,58.30,N,Not at Intersection,N,Non-Junction,None,,,         ,Jonathan,Handley,Rain,"Sideswipe, Same Direction",no,no,no,no,no,False
102974767,METROPOLITAN NASHVILLE POLICE DEPT,20210257870,Davidson,Nashville,5/9/2021 3:00:00 AM,1,0,0,36.157950,-86.776480,5TH AVS,,,,0.00,,,,,,,0.00,,, ,Non-Junction,None,,,         ,Maximillian,Goldberg,Clear,Not Collision with Motor Vehicle in Transport,no,no,no,yes,no,False
102974769,METROPOLITAN NASHVILLE POLICE DEPT,20210259070,Davidson,Nashville,5/10/2021 12:20:00 AM,1,0,0,36.230950,-86.747360,ELLINGTON PKWYN,,,,110.00,Feet,North,ELLINGTON PKWYS,,,,0.00,N,Not at Intersection,N,Non-Junction,None,,,         ,Zachary,Carter,Cloudy,Not Collision with Motor Vehicle in Transport,no,no,no,no,yes,False
102974771,METROPOLITAN NASHVILLE POLICE DEPT,20210259119,Davidson,Nashville,5/10/2021 1:14:00 AM,1,1,0,36.074070,-86.701940,WILLARD DR,,,,226.00,Feet,West,MARGO LN,,,,0.00,N,Not at Intersection,N,Non-Junction,None,,,         ,Tavin,Emlund,Clear,Not Collision with Motor Vehicle in Transport,no,no,no,no,yes,False
102974798,METROPOLITAN NASHVILLE POLICE DEPT,20210259091,Davidson,Nashville,5/10/2021 12:11:00 AM,3,0,0,36.062340,-86.682330,I 24,,,,0.00,,,,,,,57.65,N,Not at Intersection,N,Non-Junction,None,,,         ,Dillon,Gann,Rain,Front to Rear,no,no,no,no,no,False
102974835,METROPOLITAN NASHVILLE POLICE DEPT,20210259004,Davidson,Nashville,5/9/2021 10:20:00 PM,2,0,0,36.205020,-86.737620,GALLATIN PKE,,,,1.00,Feet,South,MCGAVOCK PKE,,,,0.00,N,Not at Intersection,Y,Non-Junction,None,,,         ,Esther,Poysti,Clear,Angle,no,no,no,no,yes,False
102974840,METROPOLITAN NASHVILLE POLICE DEPT,20210259269,Davidson,Nashville,5/10/2021 12:00:00 AM,1,0,0,36.125730,-86.904850,I 40,,,,0.00,,,,,,,200.60,N,Not at Intersection,N,Non-Junction,None,,,         ,Lynsey,Fish,Cloudy,Not Collision with Motor Vehicle in Transport,no,no,no,no,yes,False
102974854,METROPOLITAN NASHVILLE POLICE DEPT,20210259021,Davidson,Nashville,5/9/2021 12:00:00 AM,4,1,0,36.053190,-86.672550,I 24,,,,0.00,,,,,,,58.50,N,Not at Intersection,N,Non-Junction,None,,,         ,Antoine,Maghamez,Rain,Unknown,yes,no,no,no,no,False
102974874,METROPOLITAN NASHVILLE POLICE DEPT,20210259406,Davidson,Nashville,5/10/2021 6:04:00 AM,2,0,0,36.132500,-86.893810,CHARLOTTE PKE,,,,416.00,Feet,East,I40 E ENT RAMP,,,,0.00,N,Not at Intersection, ,Non-Junction,None,,,         ,Colin,Bleem,Cloudy,Front to Rear,no,no,no,no,no,False
102974888,METROPOLITAN NASHVILLE POLICE DEPT,20210259451,Davidson,Nashville,5/10/2021 6:40:00 AM,2,0,0,36.109910,-86.720320,I24 W EXT RAMP,,,,0.00,,,BRILEY PKWYS,,,,0.00,Y,T-Intersection, ,Intersection-Related,None,,,         ,Eric,Burford,Clear,Front to Rear,no,no,no,no,no,False
102974895,METROPOLITAN NASHVILLE POLICE DEPT,20210259443,Davidson,Nashville,5/10/2021 6:38:00 AM,3,0,0,36.154960,-86.758910,I24 W ENT RAMP,,,,0.00,,,I 40,,,,0.00,Y,OTHER,Y,Entrance/Exit Ramp Related,None,,,         ,Michael,Brooks,Cloudy,Front to Rear,no,no,no,no,no,False
102974898,METROPOLITAN NASHVILLE POLICE DEPT,20210259489,Davidson,Nashville,5/10/2021 7:08:00 AM,2,0,0,36.154610,-86.721410,SPENCE LN,,,,340.00,Feet,North,LEBANON PKE,,,,0.00,N,Not at Intersection, ,"Driveway, Alley Access, etc",None,,,         ,Michael,Dance,Cloudy,Front to Rear,no,no,no,no,no,False
102974902,METROPOLITAN NASHVILLE POLICE DEPT,20210259545,Davidson,Antioch,5/10/2021 7:33:00 AM,1,0,0,36.038890,-86.610470,HOBSON PKE,,,,1111.00,Feet,North,OLD HICKORY BLVD,,,,0.00,N,Not at Intersection,N,Non-Junction,None,,,         ,Joe,Hooper,Cloudy,Not Collision with Motor Vehicle in Transport,no,no,no,no,no,False
102974921,GOODLETTSVILLE POLICE DEPT,21-12442,Davidson,Goodlettsville,5/10/2021 6:02:00 AM,2,1,0,36.297820,-86.713510,I 65,,,,0.00,,,,,,,95.00,N,Not at Intersection,N,Non-Junction,None,,,         ,Benny,Alexander,Clear,Front to Rear,no,no,no,no,no,False
102974954,METROPOLITAN NASHVILLE POLICE DEPT,20210259687,Davidson,Nashville,5/10/2021 8:07:00 AM,2,0,0,36.237820,-86.757040,I 65,,,,0.00,,,,,,,90.00,N,Not at Intersection, ,,None,,,         ,Michelle,Steidl,,,no,no,no,no,no,False
102974956,METROPOLITAN NASHVILLE POLICE DEPT,20210259569,Davidson,Not in City Limit,5/10/2021 8:00:00 AM,2,1,0,36.324060,-86.868750,I 24,,,,0.00,,,,,,,34.90,N,Not at Intersection,N,Non-Junction,None,,,         ,Sean,Fitzmaurice,Cloudy,Front to Rear,no,no,no,no,no,False
102974965,METROPOLITAN NASHVILLE POLICE DEPT,20210259697,Davidson,Nashville,5/10/2021 9:20:00 AM,2,1,0,36.098620,-86.712810,ANTIOCH PKE,,,,540.00,Feet,West,MCILLWAIN PL,,,,0.00,N,Not at Intersection,N,Non-Junction,None,,,         ,Joe,Hooper,Cloudy,Front to Rear,no,no,no,no,no,False
102974984,THP District 3 - Nashville,321029154,Davidson,Nashville,5/3/2021 6:50:00 AM,2,0,0,36.104730,-86.669580,MURFREESBORO PKE,,,,398.00,Feet,West,OLD MURFREESBORO PKE,,,,0.00,N,Not at Intersection, ,Non-Junction,None,,,         ,Alexander,Campbell,Rain,"Sideswipe, Same Direction",no,no,no,no,yes,False
102974985,METROPOLITAN NASHVILLE POLICE DEPT,20210259532,Davidson,Nashville,5/10/2021 7:35:00 AM,6,0,0,36.233880,-86.767400,I 65,,,,0.00,,,,,,,89.35,N,Not at Intersection,N,Non-Junction,None,,,         ,Joshua,Goepper,Cloudy,Front to Rear,no,no,no,no,no,False
102974989,METROPOLITAN NASHVILLE POLICE DEPT,20210255162,Davidson,Nashville,5/7/2021 3:50:00 PM,2,0,0,36.126480,-86.728580,I 440,,,,0.00,,,,,,,7.50,N,Not at Intersection,Y,Entrance/Exit Ramp Related,None,,,         ,Michael,Brickman,Clear,"Sideswipe, Same Direction",no,no,no,no,yes,False
102974990,METROPOLITAN NASHVILLE POLICE DEPT,20210259736,Davidson,Nashville,5/10/2021 9:25:00 AM,2,1,0,36.256060,-86.713150,NEELYS BEND RD,,,,103.00,Feet,West,ARGLE AV,,,,0.00,N,Not at Intersection,N,Non-Junction,None,,,         ,Brian,Otto,Cloudy,Angle,no,no,no,no,no,False
102974993,METROPOLITAN NASHVILLE POLICE DEPT,20210259778,Davidson,Nashville,5/10/2021 10:10:00 AM,1,0,0,36.204200,-86.870020,BRILEY PKWYN,,,,665.00,Feet,South,BRILEY PKWYS,,,,0.00,N,Not at Intersection,N,Non-Junction,None,,,         ,Gregory,Scott,Clear,Not Collision with Motor Vehicle in Transport,no,no,no,no,no,False
102975004,METROPOLITAN NASHVILLE POLICE DEPT,20210259801,Davidson,Nashville,5/10/2021 10:27:00 AM,1,3,0,36.044900,-86.609320,MOUNTAIN SPRINGS RD,,,,143.00,Feet,South,MURFREESBORO PKE,,,,0.00,N,Not at Intersection,N,Non-Junction,None,,,         ,Michael,Dance,Cloudy,Not Collision with Motor Vehicle in Transport,no,no,no,no,no,False
102975006,METROPOLITAN NASHVILLE POLICE DEPT,20210259803,Davidson,Nashville,5/9/2021 3:15:00 PM,2,0,0,36.150540,-86.757160,CANNON ST,,,,66.00,Feet,West,FAIRFIELD AV,,,,0.00,N,Not at Intersection, ,Non-Junction,None,,,         ,Douglas,Atwood,Clear,Unknown,no,no,no,no,yes,False
102975011,METROPOLITAN NASHVILLE POLICE DEPT,20210259838,Davidson,Nashville,5/10/2021 10:52:00 AM,1,1,0,36.079540,-86.647020,OAK FOREST DR,,,,448.00,Feet,North,HIGHMEADOWS DR,,,,0.00,N,Not at Intersection,N,Non-Junction,None,,,         ,Joe,Hooper,Cloudy,Not Collision with Motor Vehicle in Transport,yes,no,no,yes,no,False
102975012,METROPOLITAN NASHVILLE POLICE DEPT,20210259818,Davidson,Nashville,5/10/2021 12:00:00 AM,2,0,0,36.187000,-86.776060,I 24,,,,0.00,,,,,,,47.10,N,Not at Intersection, ,,None,,,         ,James,Thornton,,,no,no,no,no,no,False
102975021,METROPOLITAN NASHVILLE POLICE DEPT,20210259873,Davidson,Nashville,5/8/2021 12:00:00 AM,1,0,0,36.105050,-86.780610,CALDWELL LN,,,,206.00,Feet,East,ROBIN RD,,,,0.00,N,Not at Intersection, ,,None,,,         ,Justin,mathias,,,no,no,no,yes,no,False