master_record_number,agency,agency_tracking_number,county,city,collision_date,vehicles_involved,number_injured,number_dead,latitude,longitude,roadway_name,roadway_suffix,roadway_number,roadway_local_id,distance_from_reference,miles-feet_indicator,direction_from_reference,intersection_road_name,intersection_road_name_suffix,intersection_road_number,intersection_local_id,mile_marker,intersection_indicator,intersect_type,interchange_related_indicator,relation_to_junction,work_zone_type,construction_maintenance_zone,construction_maintenance_zone_location,fatal_case_number,officer_first_name,officer_last_name,weather_condition(s),manner_of_crash,pedestrian,bicycle,scooter,parking,hitrun,mou
102975023,METROPOLITAN NASHVILLE POLICE DEPT,20210256539,Davidson,Nashville,5/7/2021 11:40:00 AM,3,0,0,36.187840,-86.798260,RAMP,,,,0.00,,East,I 65,,,,0.00,N,Not at Intersection,N,"Driveway, Alley Access, etc",None,,,         ,Pamela,Caulder,Clear,Front to Rear,no,no,no,yes,yes,False
102975029,METROPOLITAN NASHVILLE POLICE DEPT,20210259750,Davidson,Nashville,5/10/2021 10:01:00 AM,2,0,0,36.155650,-86.789720,BROADWAY,,,,0.00,,,14TH AVN,,,,0.00,Y,Four-Way,N,Intersection,None,,,         ,Earl,Davis,Cloudy,Angle,no,no,no,no,no,False
102975030,METROPOLITAN NASHVILLE POLICE DEPT,20210259841,Davidson,Nashville,5/10/2021 10:47:00 AM,3,0,0,36.135410,-86.886210,CHARLOTTE PKE,,,,343.00,Feet,West,BROOK HOLLOW RD,,,,0.00,N,Not at Intersection, ,Non-Junction,None,,,         ,Michael,Pyle,Cloudy,Front to Rear,no,no,no,no,no,False
102975039,METROPOLITAN NASHVILLE POLICE DEPT,20210259930,Davidson,Nashville,5/10/2021 12:00:00 PM,2,1,0,36.158570,-86.798730,CHARLOTTE AV,,,,125.00,Feet,East,FISK ST,,,,0.00,N,Not at Intersection,N,Non-Junction,None,,,         ,Earl,Davis,Cloudy,Angle,no,no,no,no,no,False
102975049,METROPOLITAN NASHVILLE POLICE DEPT,20210259973,Davidson,Nashville,5/10/2021 12:26:00 PM,2,2,0,36.068760,-86.716280,HAYWOOD LN,,,,0.00,,,HOPEDALE DR,,,,0.00,Y,T-Intersection,N,Intersection,None,,,         ,Joe,Hooper,Cloudy,Angle,no,no,no,no,no,False
102975062,METROPOLITAN NASHVILLE POLICE DEPT,20210259957,Davidson,Nashville,5/10/2021 12:10:00 PM,2,1,0,36.171620,-86.796900,11TH AVN,,,,100.00,Feet,South,JEFFERSON ST,,,,0.00,N,Not at Intersection,N,Non-Junction,None,,,         ,Gregory,Scott,Clear,Front to Rear,no,no,no,yes,no,False
102975063,METROPOLITAN NASHVILLE POLICE DEPT,20210260017,Davidson,Nashville,5/10/2021 12:42:00 PM,2,0,0,36.185300,-86.636500,JACKSON DOWNS BLVD,,,,0.00,,,LEBANON PKE,,,,0.00,Y,T-Intersection, ,Intersection,None,,,         ,Michael,Brooks,Cloudy,Front to Rear,no,no,no,no,no,False
102975079,METROPOLITAN NASHVILLE POLICE DEPT,20210260059,Davidson,Nashville,5/10/2021 1:12:00 PM,2,0,0,36.147010,-86.757040,LAFAYETTE ST,,,,280.00,Feet,East,FAIRFIELD AV,,,,0.00,N,Not at Intersection,N,Non-Junction,None,,,         ,Michael,Dance,Clear,Angle,no,no,no,no,no,False
102975089,METROPOLITAN NASHVILLE POLICE DEPT,20210260082,Davidson,Nashville,5/10/2021 1:29:00 PM,2,0,0,36.153400,-86.800840,CHURCH ST,,,,0.00,,,20TH AVN,,,,0.00,Y,Four-Way, ,Intersection,None,,,         ,Earl,Davis,Cloudy,Front to Rear,no,no,no,no,no,Campus
102975092,METROPOLITAN NASHVILLE POLICE DEPT,20210259609,Davidson,Antioch,5/10/2021 8:01:00 AM,3,0,0,36.040740,-86.609750,HOBSON PKE,,,,1218.00,Feet,West,MURFREESBORO PKE,,,,0.00,N,Not at Intersection, ,Non-Junction,Work Zone,,,         ,Tyler,Heckaman,Cloudy,Front to Rear,no,no,no,no,yes,False
102975134,METROPOLITAN NASHVILLE POLICE DEPT,20210259884,Davidson,Nashville,5/10/2021 11:20:00 AM,2,2,0,36.169250,-86.757870,S 7TH ST,,,,0.00,,,SHELBY AV,,,,0.00,Y,Four-Way,N,Intersection,None,,,         ,Andrew,Ellis,Cloudy,Angle,no,no,no,no,no,False
102975135,METROPOLITAN NASHVILLE POLICE DEPT,20210260076,Davidson,Nashville,5/10/2021 1:21:00 PM,2,0,0,36.031410,-86.659740,OLD FRANKLIN RD,,,,569.00,Feet,East,PRESTON RD,,,,0.00,N,Not at Intersection,N,Non-Junction,None,,,         ,Joe,Hooper,Cloudy,"Sideswipe, Opposite Direction",no,no,no,no,yes,False
102975174,METROPOLITAN NASHVILLE POLICE DEPT,20210260000,Davidson,Nashville,5/10/2021 12:33:00 PM,2,2,0,36.118870,-86.718630,EAST THOMPSON LN,,,,0.00,,,CURREY RD,,,,0.00,Y,Four-Way,Y,Intersection,None,,,         ,Tyler,Heckaman,Cloudy,Angle,no,no,no,no,no,False
102975176,METROPOLITAN NASHVILLE POLICE DEPT,20210260048,Davidson,Nashville,5/10/2021 1:30:00 PM,2,0,0,36.174930,-86.793830,MONROE ST,,,,0.00,,,ROSA L PARKS BLVD,,,,0.00,Y,Four-Way, ,Intersection,None,,,         ,Paxton,Montgomery,Clear,Front to Rear,no,no,no,no,no,False
102975193,METROPOLITAN NASHVILLE POLICE DEPT,20210260133,Davidson,Nashville,5/10/2021 2:08:00 PM,2,0,0,36.035830,-86.745490,WESTHEIMER DR,,,,110.00,Feet,South,CARPHILLY CT,,,,0.00,N,Not at Intersection,N,Non-Junction,None,,,         ,Earl,Davis,Cloudy,"Sideswipe, Opposite Direction",no,no,no,no,no,False
102975196,METROPOLITAN NASHVILLE POLICE DEPT,20210259872,Davidson,Nashville,5/10/2021 11:16:00 AM,2,2,0,36.211480,-86.921030,ASHLAND CITY HWY,,,,0.00,,,OLD HICKORY BLVD,,,,0.00,Y,Four-Way,N,Intersection,None,,,         ,Alex,Moore,Clear,Angle,no,no,no,no,no,False
102975230,METROPOLITAN NASHVILLE POLICE DEPT,20210260166,Davidson,Nashville,5/10/2021 2:40:00 PM,2,0,0,36.033630,-86.780470,CHURCH STE,,,,206.00,Feet,East,SUMMIT VIEW PL,,,,0.00,N,Not at Intersection,N,Non-Junction,Work Zone,Laneclosure,Activity Area,         ,Tyler,Shanks,Clear,Front to Rear,no,no,no,no,no,False
102975256,METROPOLITAN NASHVILLE POLICE DEPT,20210260324,Davidson,Nashville,5/10/2021 4:15:00 PM,2,0,0,36.222110,-86.761520,DICKERSON PKE,,,,156.00,Feet,North,HART LN,,,,0.00,N,Not at Intersection,N,Non-Junction,None,,,         ,Jeremy,Smith,Clear,Angle,no,no,no,yes,yes,False
102975270,THP District 3 - Nashville,321030493,Davidson,Nashville,5/8/2021 9:15:00 PM,2,0,0,36.159940,-86.776500,4TH AVS,,,,0.00,,,SYMPHONY PL,,,,0.00,Y,T-Intersection,N,Intersection,None,,,         ,Kenneth,Hackett,Cloudy,Front to Rear,no,no,no,no,yes,False
102975271,METROPOLITAN NASHVILLE POLICE DEPT,20210260332,Davidson,Nashville,5/10/2021 12:00:00 AM,2,0,0,36.160680,-86.621060,I 40,,,,0.00,,,,,,,219.55,N,Not at Intersection, ,,None,,,         ,Zaire,Murray,,,no,no,no,no,no,False
102975274,METROPOLITAN NASHVILLE POLICE DEPT,20210260111,Davidson,Nashville,5/10/2021 1:15:00 PM,2,0,0,36.180700,-86.803160,10TH AVN,,,,98.00,Feet,North,BUCHANAN ST,,,,0.00,N,Not at Intersection, ,Non-Junction,None,,,         ,Walter,Gray II,Cloudy,"Sideswipe, Same Direction",no,no,no,no,no,False
102975277,METROPOLITAN NASHVILLE POLICE DEPT,20210260374,Davidson,Nashville,5/10/2021 4:51:00 PM,2,0,0,36.203710,-86.738440,GALLATIN PKE,,,,66.00,Feet,North,E TRINITY LN,,,,0.00,N,Not at Intersection,N,Non-Junction,None,,,         ,Randy,Puckett,Clear,Angle,no,no,no,no,no,False
102975290,METROPOLITAN NASHVILLE POLICE DEPT,20210260197,Davidson,Nashville,5/10/2021 2:59:00 PM,3,2,0,36.040560,-86.743620,EDMONDSON PKE,,,,205.00,Feet,North,OLD HICKORY BLVD,,,,0.00,N,Not at Intersection,N,Non-Junction,None,,,         ,Steven,Powers,Cloudy,Angle,no,no,no,yes,no,False
102975292,METROPOLITAN NASHVILLE POLICE DEPT,20210260330,Davidson,Nashville,5/10/2021 4:26:00 PM,2,0,0,36.152110,-86.690650,ELM HILL PKE,,,,1.00,Feet,North,BRILEY PKWYN,,,,0.00,N,Not at Intersection,N,Non-Junction,None,,,         ,Brandon,Chapman,Clear,HeadOn,no,no,no,no,no,False
102975295,METROPOLITAN NASHVILLE POLICE DEPT,20210260378,Davidson,Nashville,5/10/2021 4:37:00 PM,2,0,0,36.115430,-86.754270,EUGENIA AV,,,,450.00,Feet,North,CRUZEN ST,,,,0.00,N,Not at Intersection, ,,None,,,         ,Dylan,Motes,,,no,no,no,no,no,False
102975296,METROPOLITAN NASHVILLE POLICE DEPT,20210260440,Davidson,Nashville,5/10/2021 5:21:00 PM,3,0,0,36.135400,-86.759930,NOLENSVILLE PKE,,,,21.00,Feet,South,WINGROVE ST,,,,0.00,N,Not at Intersection,N,Non-Junction,None,,,         ,Austin,Binner,Clear,Front to Rear,no,no,no,no,no,False
102975299,METROPOLITAN NASHVILLE POLICE DEPT,20210260337,Davidson,Nashville,5/10/2021 4:20:00 PM,2,1,0,36.157570,-86.790490,I 40,,,,0.00,,,,,,,209.00,N,Not at Intersection,N,Non-Junction,None,,,         ,Tristan,Krausman,Cloudy,"Sideswipe, Same Direction",no,no,no,no,no,False
102975301,METROPOLITAN NASHVILLE POLICE DEPT,20210260370,Davidson,Nashville,5/10/2021 4:49:00 PM,2,1,0,36.071230,-86.684190,ANTIOCH PKE,,,,0.00,,,HAYSTACK LN,,,,0.00,Y,T-Intersection,N,Non-Junction,None,,,         ,Gary,Anderson,Clear,Angle,no,no,no,no,yes,False
102975310,METROPOLITAN NASHVILLE POLICE DEPT,20210260427,Davidson,Nashville,5/10/2021 4:59:00 PM,2,1,0,36.149260,-86.747240,I 40,,,,0.00,,,,,,,211.80,N,Not at Intersection,N,Non-Junction,None,,,         ,Robert,Marquez,Clear,Front to Rear,no,no,no,no,yes,False
102975313,METROPOLITAN NASHVILLE POLICE DEPT,20210260359,Davidson,Nashville,5/10/2021 4:42:00 PM,3,0,0,36.125800,-86.696130,BRILEY PKWY,,,,160.00,Feet,North,KERMIT DR,,,,0.00,N,Not at Intersection,N,Non-Junction,None,,,         ,Rami,Rouhi,Clear,Front to Rear,no,no,no,no,no,False
102975316,METROPOLITAN NASHVILLE POLICE DEPT,20210260340,Davidson,Nashville,5/10/2021 4:28:00 PM,2,0,0,36.081390,-86.699930,LINBAR DR,,,,605.00,Feet,East,WALLACE RD,,,,0.00,N,Not at Intersection,N,Non-Junction,None,,,         ,Laura,Williams,Clear,Angle,no,no,no,no,yes,False
102975330,METROPOLITAN NASHVILLE POLICE DEPT,20210260528,Davidson,Nashville,5/10/2021 6:36:00 PM,2,1,0,36.184710,-86.676700,KNOBDALE RD,,,,0.00,,West,MCGAVOCK PKE,,,,0.00,N,Not at Intersection,N,Non-Junction,None,,,         ,Brandon,Chapman,Clear,Front to Rear,no,no,no,no,no,False
102975335,METROPOLITAN NASHVILLE POLICE DEPT,20210260481,Davidson,Nashville,5/10/2021 3:30:00 PM,2,0,0,36.164790,-86.778480,BANKERS ALY,,,,101.00,Feet,East,PRINTERS ALY,,,,0.00,N,Not at Intersection, ,Non-Junction,None,,,         ,David,Snowden,Clear,Unknown,no,no,no,yes,yes,False
102975339,METROPOLITAN NASHVILLE POLICE DEPT,20210260496,Davidson,Nashville,5/10/2021 6:15:00 PM,2,1,0,36.075260,-86.919630,BELLE FOREST SHOPPING CENTER P,,,,0.00,,East,HIGHWAY 70S,,,,0.00,N,Not at Intersection,N,Non-Junction,None,,,         ,Martin,Brown,Clear,Angle,no,no,no,yes,no,False
102975340,METROPOLITAN NASHVILLE POLICE DEPT,20210260609,Davidson,Nashville,5/10/2021 7:34:00 PM,1,0,0,36.240990,-86.751890,BRILEY PKWY W EXT RAMP,,,,106.00,Feet,East,I 65,,,,0.00,N,Not at Intersection,N,Entrance/Exit Ramp Related,None,,,         ,Christopher,Littles,Clear,Not Collision with Motor Vehicle in Transport,no,no,no,no,no,False
102975341,METROPOLITAN NASHVILLE POLICE DEPT,20210260357,Davidson,Nashville,5/10/2021 4:42:00 PM,2,0,0,36.166130,-86.817600,I 40,,,,0.00,,,,,,,206.60,N,Not at Intersection, ,Non-Junction,None,,,         ,Michael,Intrieri,Clear,"Sideswipe, Same Direction",no,no,no,no,no,False
102975343,METROPOLITAN NASHVILLE POLICE DEPT,20210259537,Davidson,Nashville,5/10/2021 7:30:00 AM,2,0,0,36.145530,-86.752530,MURFREESBORO PKE,,,,0.00,,,LESTER AV,,,,0.00,Y,T-Intersection,Y,Intersection-Related,None,,,         ,Michael,Hunnicutt,Cloudy,"Sideswipe, Same Direction",no,no,no,no,yes,False
102975353,METROPOLITAN NASHVILLE POLICE DEPT,20210255853,Davidson,Nashville,5/7/2021 9:55:00 PM,2,2,0,36.055010,-86.642410,ZELIDA AV,,,,0.00,,,BELL RD,,,,0.00,Y,Four-Way,N,Intersection,None,,,         ,Robert,Higgins,Clear,HeadOn,no,no,no,no,no,False
102975354,METROPOLITAN NASHVILLE POLICE DEPT,20210260282,Davidson,Nashville,5/10/2021 3:45:00 PM,1,1,0,36.101840,-86.811610,WARFIELD DR,,,,63.00,Feet,North,KIMBARK DR,,,,0.00,N,Not at Intersection,N,Non-Junction,None,,,         ,Dakota,Davis,Clear,Not Collision with Motor Vehicle in Transport,yes,no,no,no,no,False
102975383,METROPOLITAN NASHVILLE POLICE DEPT,20210260628,Davidson,Nashville,5/10/2021 6:53:00 PM,2,0,0,36.066460,-86.681380,ANTIOCH PKE,,,,498.00,Feet,West,MILL CREEK BLUE HOLE GRNWY,,,,0.00,N,Not at Intersection,N,Non-Junction,None,,,         ,Beri,Scott,Clear,Front to Rear,no,no,no,no,yes,False
102975385,GOODLETTSVILLE POLICE DEPT,21-12491,Davidson,Goodlettsville,5/10/2021 8:02:00 PM,2,0,0,36.295550,-86.709810,ALTA LOMA RD,,,,0.00,,,MONTICELLO AV,,,,0.00,Y,T-Intersection, ,Intersection-Related,None,,,         ,Nicholas,Given,Clear,Front to Rear,no,no,no,no,no,False
102975404,METROPOLITAN NASHVILLE POLICE DEPT,20210260694,Davidson,Nashville,5/10/2021 8:32:00 PM,2,0,0,36.149440,-86.797540,DIVISION ST,,,,155.00,Feet,East,BROADWAY,,,,0.00,N,Not at Intersection, ,Non-Junction,None,,,         ,Kaytlin,huyler,Clear,"Sideswipe, Same Direction",no,no,no,no,yes,False
102975405,METROPOLITAN NASHVILLE POLICE DEPT,20210260632,Davidson,Nashville,5/10/2021 7:41:00 PM,1,0,0,36.238210,-86.714630,BRUSH HILL RD,,,,1139.00,Feet,North,TANGLEWOOD CT,,,,0.00,N,Not at Intersection,N,Non-Junction,None,,,         ,Christopher,Littles,Cloudy,Not Collision with Motor Vehicle in Transport,no,no,no,yes,no,False
102975436,METROPOLITAN NASHVILLE POLICE DEPT,20210260434,Davidson,Nashville,5/10/2021 5:30:00 PM,2,0,0,36.038730,-86.783060,OLD HICKORY BLVD,,,,148.00,Feet,East,I65 S EXT RAMP,,,,0.00,N,Not at Intersection, ,Non-Junction,None,,,         ,Peyton,Wheatley,Clear,Front to Rear,no,no,no,no,no,False
102975440,METROPOLITAN NASHVILLE POLICE DEPT,20210260691,Davidson,Nashville,5/10/2021 8:17:00 PM,2,0,0,36.056940,-86.700010,TUSCULUM RD,,,,0.00,,,COLEMONT DR,,,,0.00,Y,Four-Way, ,Intersection,None,,,         ,Robert,Higgins,Clear,Angle,no,no,no,no,no,False
102975441,METROPOLITAN NASHVILLE POLICE DEPT,20210260741,Davidson,Nashville,5/10/2021 7:59:00 PM,2,0,0,36.244210,-86.780340,BRICK CHURCH PKE,,,,0.00,Feet,,BRICK CHURCH LN,,,,0.00,Y,T-Intersection,Y,Intersection,None,,,         ,Kevin,Breeding,Clear,"Sideswipe, Same Direction",no,no,no,no,yes,False
102975486,METROPOLITAN NASHVILLE POLICE DEPT,20210260777,Davidson,Nashville,5/10/2021 9:41:00 PM,3,0,0,36.048720,-86.665090,I 24,,,,0.00,,,,,,,59.00,N,Not at Intersection, ,Non-Junction,Work Zone,,,         ,Beri,Scott,Clear,Front to Rear,no,no,no,no,no,False
102975514,METROPOLITAN NASHVILLE POLICE DEPT,20210260831,Davidson,Nashville,5/10/2021 9:25:00 PM,2,0,0,36.179700,-86.613120,MAGNUM DR,,,,95.00,Feet,East,DODSON CHAPEL RD,,,,0.00,N,Not at Intersection,N,Non-Junction,None,,,         ,Samuel,Fredericks,,Front to Rear,no,no,no,no,yes,False
102975550,METROPOLITAN NASHVILLE POLICE DEPT,20210260843,Davidson,Nashville,5/10/2021 11:05:00 PM,1,1,0,36.076560,-86.726800,EDMONDSON PKE,,,,415.00,Feet,West,WALLACE RD,,,,0.00,N,Not at Intersection,N,Non-Junction,None,,,         ,Tony,Mingsing,Clear,Not Collision with Motor Vehicle in Transport,yes,no,no,no,no,False
102975558,METROPOLITAN NASHVILLE POLICE DEPT,2021059083,Davidson,Nashville,5/11/2021 12:35:00 AM,1,0,0,36.155230,-86.778500,KOREAN VETERANS BLVD,,,,229.00,Feet,East,8TH AVS,,,,0.00,N,Not at Intersection,N,Non-Junction,None,,,         ,Nathaniel,Jones,Clear,Not Collision with Motor Vehicle in Transport,no,no,no,no,no,False
102975565,METROPOLITAN NASHVILLE POLICE DEPT,20210261058,Davidson,Nashville,5/11/2021 1:30:00 AM,2,1,0,36.147850,-86.759520,LAFAYETTE ST,,,,280.00,Feet,West,J C NAPIER CT,,,,0.00,N,Not at Intersection,N,Non-Junction,None,,,         ,Clayton,Smith,Clear,Angle,no,no,no,no,yes,False
102975593,METROPOLITAN NASHVILLE POLICE DEPT,20210261283,Davidson,Not in City Limit,5/11/2021 5:48:00 AM,2,1,0,36.263810,-86.687120,STATE RT 45,,,,0.00,,,ARCHWOOD DR,,,,0.00,Y,Four-Way,N,Non-Junction,None,,,         ,Nicholas,Berry,Clear,Angle,no,no,no,no,no,False
102975601,METROPOLITAN NASHVILLE POLICE DEPT,20210261314,Davidson,Nashville,5/11/2021 6:22:00 AM,2,0,0,36.044890,-86.659700,I24 E ENT RAMP,,,,0.00,Feet,East,I 24,,,,0.00,N,Not at Intersection, ,Non-Junction,None,,,         ,Clayton,Smith,Clear,Angle,no,no,no,no,no,False
102975620,METROPOLITAN NASHVILLE POLICE DEPT,20210261239,Davidson,Nashville,5/11/2021 5:11:00 AM,2,0,0,36.153370,-86.685120,ELM HILL PKE,,,,473.00,Feet,East,OLD ELM HILL PKE,,,,0.00,N,Not at Intersection,N,Non-Junction,None,,,         ,William,Sutherland,Clear,Rear to Side,no,no,no,yes,yes,False
102975632,METROPOLITAN NASHVILLE POLICE DEPT,20210261345,Davidson,Not in City Limit,5/11/2021 5:16:00 AM,2,0,0,36.023560,-86.630980,I 24,,,,0.00,,,,,,,61.70,N,Not at Intersection,N,Non-Junction,None,,,         ,Joe,Hooper,Clear,"Sideswipe, Same Direction",no,no,no,no,no,False
102975636,METROPOLITAN NASHVILLE POLICE DEPT,20210261376,Davidson,Nashville,5/11/2021 7:02:00 AM,2,0,0,36.144140,-86.693000,I 40,,,,0.00,,,,,,,215.10,N,Not at Intersection,N,Non-Junction,None,,,         ,Michael,Dance,Clear,"Sideswipe, Same Direction",no,no,no,no,yes,False
102975638,METROPOLITAN NASHVILLE POLICE DEPT,20210261306,Davidson,Nashville,5/11/2021 6:11:00 AM,1,1,0,36.234400,-86.721250,BRILEY PKWYW,,,,32.00,Feet,East,BRILEY PKWY W EXT RAMP,,,,0.00,N,Not at Intersection,N,Entrance/Exit Ramp Related,None,,,         ,Brian,Otto,Clear,Not Collision with Motor Vehicle in Transport,no,no,no,no,no,False
102975657,METROPOLITAN NASHVILLE POLICE DEPT,20210261346,Davidson,Not in City Limit,5/11/2021 6:47:00 AM,2,1,0,36.077340,-87.004380,I 40,,,,0.00,,,,,,,193.40,N,Not at Intersection,N,Non-Junction,None,,,         ,laina,herod,Clear,Front to Rear,no,no,no,no,no,False
102975660,METROPOLITAN NASHVILLE POLICE DEPT,20210261455,Davidson,Nashville,5/11/2021 7:52:00 AM,2,0,0,36.086580,-86.771970,HARDING PL,,,,0.00,,,FRANKLIN PKE,,,,0.00,Y,Four-Way, ,Intersection-Related,None,,,         ,Earl,Davis,Clear,Front to Rear,no,no,no,no,no,False
102975669,METROPOLITAN NASHVILLE POLICE DEPT,20210261467,Davidson,Antioch,5/11/2021 7:00:00 AM,2,0,0,36.034680,-86.611440,OLD HICKORY BLVD,,,,448.00,Feet,South,HOBSON PKE,,,,0.00,N,Not at Intersection, ,Non-Junction,None,,,         ,Joe,Hooper,Clear,Front to Rear,no,no,no,no,no,False
102975672,METROPOLITAN NASHVILLE POLICE DEPT,20210261493,Davidson,Nashville,5/11/2021 8:33:00 AM,2,0,0,36.136810,-86.724430,SPENCE LN,,,,409.00,Feet,North,MURFREESBORO PKE,,,,0.00,N,Not at Intersection, ,,None,,,         ,Michael,Dance,,,no,no,no,no,no,False
102975683,METROPOLITAN NASHVILLE POLICE DEPT,20210261534,Davidson,Antioch,5/11/2021 8:41:00 AM,2,0,0,36.042040,-86.605850,MURFREESBORO PKE,,,,375.00,Feet,South,HOBSON PKE,,,,0.00,N,Not at Intersection,N,Non-Junction,None,,,         ,Joe,Hooper,Clear,"Sideswipe, Same Direction",no,no,no,no,yes,False
102975684,METROPOLITAN NASHVILLE POLICE DEPT,20210261521,Davidson,Nashville,5/11/2021 8:59:00 AM,2,0,0,36.139370,-86.733960,MURFREESBORO PKE,,,,231.00,Feet,West,ARLINGTON AV,,,,0.00,N,Not at Intersection, ,Non-Junction,None,,,         ,Michael,Dance,Clear,Front to Rear,no,no,no,no,no,False
102975686,METROPOLITAN NASHVILLE POLICE DEPT,20210261519,Davidson,Not in City Limit,5/11/2021 8:00:00 AM,1,0,0,36.069910,-86.939930,BIRKDALE PL,,,,404.00,Feet,North,BAUGH RD,,,,0.00,N,Not at Intersection,N,Non-Junction,None,,,         ,Wesley,Tilley,Clear,Not Collision with Motor Vehicle in Transport,no,no,no,no,no,False
102975723,METROPOLITAN NASHVILLE POLICE DEPT,20210261542,Davidson,Nashville,5/11/2021 9:06:00 AM,2,0,0,36.194630,-86.776180,I 65,,,,0.00,,,,,,,86.50,N,Not at Intersection, ,Non-Junction,None,,,         ,Sean,Fitzmaurice,Clear,Front to Rear,no,no,no,no,no,False
102975736,METROPOLITAN NASHVILLE POLICE DEPT,20210261495,Davidson,Nashville,5/11/2021 8:41:00 AM,2,0,0,36.161090,-86.781130,COMMERCE ST,,,,223.00,Feet,East,7TH AVN,,,,0.00,N,Not at Intersection, ,,None,,,         ,Jason,Thomas,,,no,no,no,no,no,False
102975747,METROPOLITAN NASHVILLE POLICE DEPT,20210261671,Davidson,Nashville,5/11/2021 10:36:00 AM,2,1,0,36.109830,-86.733520,THOMPSON LN,,,,0.00,,,HARTFORD DR,,,,0.00,Y,T-Intersection,N,Intersection,None,,,         ,Joe,Hooper,Clear,Angle,no,no,no,no,yes,False
102975756,METROPOLITAN NASHVILLE POLICE DEPT,20210261619,Davidson,Nashville,5/11/2021 8:35:00 AM,2,0,0,36.167840,-86.778080,JAMES ROBERTSON PKWY,,,,40.00,Feet,West,PUBLIC SQ,,,,0.00,N,Not at Intersection, ,,None,,,         ,Shedie,Herbert III,,,no,no,no,no,no,False
102975759,METROPOLITAN NASHVILLE POLICE DEPT,20210261748,Davidson,Nashville,5/11/2021 10:25:00 AM,2,0,0,36.069770,-86.689900,I 24,,,,0.00,,,,,,,57.00,N,Not at Intersection, ,Non-Junction,None,,,         ,Stanley,Collins,Clear,"Sideswipe, Same Direction",no,no,no,no,yes,False
102975766,METROPOLITAN NASHVILLE POLICE DEPT,20210261617,Davidson,Nashville,5/11/2021 10:08:00 AM,1,1,0,36.117980,-86.901810,CURRYWOOD DR,,,,447.00,Feet,East,WINDROWE DR,,,,0.00,N,Not at Intersection,N,Non-Junction,None,,,         ,Michael,Pyle,Clear,Not Collision with Motor Vehicle in Transport,no,no,no,no,no,False
102975768,METROPOLITAN NASHVILLE POLICE DEPT,20210261725,Davidson,Nashville,5/11/2021 11:15:00 AM,1,0,0,36.096680,-86.731330,HEWLETT DR,,,,346.00,Feet,West,HEWLETT CT,,,,0.00,N,Not at Intersection, ,Non-Junction,None,,,         ,Sean,McConnell,Clear,Not Collision with Motor Vehicle in Transport,no,no,no,no,no,False
102975783,METROPOLITAN NASHVILLE POLICE DEPT,20210261706,Davidson,Nashville,5/11/2021 10:25:00 AM,2,0,0,36.121980,-86.705050,MURFREESBORO PKE,,,,86.00,Feet,West,KERMIT DR,,,,0.00,N,Not at Intersection, ,Non-Junction,None,,,         ,Todd,Watson,Clear,"Sideswipe, Same Direction",no,no,no,no,no,False
102975790,METROPOLITAN NASHVILLE POLICE DEPT,20210261664,Davidson,Nashville,5/11/2021 10:29:00 AM,2,0,0,36.192710,-86.744370,DOUGLAS AV,,,,0.00,,,GALLATIN AV,,,,0.00,Y,Four-Way, ,Intersection-Related,None,,,         ,Joseph,Progar,Clear,Angle,no,no,no,no,no,False
102975793,METROPOLITAN NASHVILLE POLICE DEPT,20210261828,Davidson,Nashville,5/11/2021 12:15:00 PM,2,0,0,36.084900,-86.703520,HARDING PL,,,,25.00,Feet,West,TRAVELERS INN DR,,,,0.00,N,Not at Intersection,N,Non-Junction,None,,,         ,Joe,Hooper,Clear,Angle,no,no,no,no,yes,False
102975795,METROPOLITAN NASHVILLE POLICE DEPT,20210261734,Davidson,Nashville,5/11/2021 10:51:00 AM,2,0,0,36.120160,-86.775040,FRANKLIN PKE,,,,100.00,Feet,North,GALE LN,,,,0.00,N,Not at Intersection,N,OtherLocation,None,,,         ,Earl,Davis,Clear,Angle,no,no,no,yes,yes,False
102975847,METROPOLITAN NASHVILLE POLICE DEPT,20210261673,Davidson,Nashville,5/11/2021 10:30:00 AM,1,1,0,36.238170,-86.782270,BRILEY PKWYE,,,,224.00,Feet,East,I24 W EXT RAMP,,,,0.00,N,Not at Intersection,N,Non-Junction,None,,,         ,Dylan,Cetin,Clear,Not Collision with Motor Vehicle in Transport,no,no,no,no,no,False
102975852,METROPOLITAN NASHVILLE POLICE DEPT,20210261880,Davidson,Nashville,5/11/2021 12:51:00 PM,2,0,0,36.145230,-86.666750,DONELSON PKE,,,,0.00,,,SHACKLETT DR,,,,0.00,Y,T-Intersection, ,Intersection,None,,,         ,Michael,Dance,Clear,Angle,no,no,no,no,no,False
102975865,METROPOLITAN NASHVILLE POLICE DEPT,20210261823,Davidson,Nashville,5/11/2021 12:11:00 PM,2,1,0,36.121700,-86.762070,I 440,,,,0.00,,,,,,,5.65,N,Not at Intersection,N,Non-Junction,None,,,         ,Earl,Davis,Clear,Not Collision with Motor Vehicle in Transport,no,no,no,no,no,False