master_record_number,agency,agency_tracking_number,county,city,collision_date,vehicles_involved,number_injured,number_dead,latitude,longitude,roadway_name,roadway_suffix,roadway_number,roadway_local_id,distance_from_reference,miles-feet_indicator,direction_from_reference,intersection_road_name,intersection_road_name_suffix,intersection_road_number,intersection_local_id,mile_marker,intersection_indicator,intersect_type,interchange_related_indicator,relation_to_junction,work_zone_type,construction_maintenance_zone,construction_maintenance_zone_location,fatal_case_number,officer_first_name,officer_last_name,weather_condition(s),manner_of_crash,pedestrian,bicycle,scooter,parking,hitrun,mou
102976924,METROPOLITAN NASHVILLE POLICE DEPT,20210264110,Davidson,Nashville,5/12/2021 1:30:00 PM,2,0,0,36.116440,-86.810530,HILLSBORO PKE,,,,31.00,Feet,South,MATTHEW LN,,,,0.00,N,Not at Intersection,N,Non-Junction,None,,,         ,Ryan,Papp,Clear,Front to Rear,no,no,no,no,no,False
102976942,METROPOLITAN NASHVILLE POLICE DEPT,20210264028,Davidson,Nashville,5/12/2021 2:00:00 PM,2,1,0,36.172980,-86.791220,ROSA L PARKS BLVD,,,,117.00,Feet,South,JEFFERSON ST,,,,0.00,N,Not at Intersection,N,Non-Junction,None,,,         ,Jedidayah,Merriweather,Clear,Angle,no,no,no,no,no,False
102976946,METROPOLITAN NASHVILLE POLICE DEPT,20210264153,Davidson,Not in City Limit,5/12/2021 2:25:00 PM,2,1,0,36.267490,-86.756450,DICKERSON PKE,,,,210.00,Feet,North,DARBYTOWN DR,,,,0.00,N,Not at Intersection,N,Non-Junction,None,,,         ,Christopher,Littles,Clear,"Sideswipe, Opposite Direction",no,no,no,no,no,False
102976949,METROPOLITAN NASHVILLE POLICE DEPT,20210264054,Davidson,Nashville,5/12/2021 2:25:00 PM,2,0,0,36.168680,-86.666910,LEBANON PKE,,,,0.00,,,J B ESTILLE DR,,,,0.00,Y,T-Intersection, ,Non-Junction,None,,,         ,Alex,Moore,Clear,Front to Rear,no,no,no,no,no,False
102976950,METROPOLITAN NASHVILLE POLICE DEPT,20210264195,Davidson,Nashville,5/12/2021 3:19:00 PM,2,0,0,36.191830,-86.781760,I 65,,,,0.00,,,,,,,86.20,N,Not at Intersection, ,Non-Junction,None,,,         ,Nicholas,Kiraly,Clear,Front to Rear,no,no,no,no,no,False
102976951,METROPOLITAN NASHVILLE POLICE DEPT,20210264172,Davidson,Nashville,5/12/2021 3:18:00 PM,2,0,0,36.192710,-86.744370,DOUGLAS AV,,,,0.00,Feet,,GALLATIN AV,,,,0.00,Y,Four-Way, ,Intersection,None,,,         ,Randy,Puckett,Clear,Angle,no,no,no,no,no,False
102976953,BERRY HILL POLICE DEPT,21-1351,Davidson,Nashville,5/6/2021 9:30:00 PM,1,1,0,36.111930,-86.762920,THOMPSON LN,,,,0.00,,,E IRIS DR,,,,0.00,Y,T-Intersection,Y,Intersection,None,,,         ,Yamil,Jimenez,"Smog/Smoke, Rain",Not Collision with Motor Vehicle in Transport,no,no,no,no,no,False
102976965,METROPOLITAN NASHVILLE POLICE DEPT,20210264231,Davidson,Not in City Limit,5/12/2021 3:33:00 PM,2,1,0,36.200060,-86.975140,RIVER ROAD PKE,,,,161.00,Feet,East,RIVER ROAD PKE PVTDR,,,,0.00,N,Not at Intersection,N,Non-Junction,None,,,         ,Jeremy,Huffine,Clear,"Sideswipe, Opposite Direction",no,no,no,no,yes,False
102976968,VANDERBILT UNIVERSITY POLICE,20210264069,Davidson,Nashville,5/12/2021 1:00:00 PM,2,0,0,36.139510,-86.804120,PIERCE AV,,,,0.00,,,,,,,0.00,,, ,Unknown,None,,,         ,Edwin,Melgar,Clear,Angle,no,no,no,yes,no,Campus
102976973,METROPOLITAN NASHVILLE POLICE DEPT,20210264367,Davidson,Nashville,5/12/2021 5:09:00 PM,2,1,0,36.152820,-86.683410,ELM HILL PKE,,,,0.00,,,MCGAVOCK PKE,,,,0.00,Y,Four-Way,Y,Intersection,None,,,         ,Joseph,Simon,Clear,Front to Rear,no,no,no,no,no,False
102976978,METROPOLITAN NASHVILLE POLICE DEPT,20210264313,Davidson,Nashville,5/12/2021 5:22:00 PM,2,0,0,36.142460,-86.708970,I 40,,,,0.00,,,,,,,214.25,N,Not at Intersection, ,Non-Junction,None,,,         ,Douglas,Mann,Cloudy,Front to Rear,no,no,no,no,no,False
102976991,METROPOLITAN NASHVILLE POLICE DEPT,20210264315,Davidson,Nashville,5/12/2021 4:41:00 PM,3,2,0,36.121800,-86.704820,MURFREESBORO PKE,,,,7.00,Feet,South,KERMIT DR,,,,0.00,N,Not at Intersection,N,Non-Junction,None,,,         ,Beri,Scott,Clear,Front to Rear,no,no,no,no,no,False
102976992,METROPOLITAN NASHVILLE POLICE DEPT,20210264373,Davidson,Nashville,5/12/2021 5:10:00 PM,2,1,0,36.206600,-86.736390,GALLATIN PKE,,,,162.00,Feet,South,MAYNOR AV,,,,0.00,N,Not at Intersection,N,Non-Junction,None,,,         ,Randy,Puckett,Clear,Angle,no,no,no,no,no,False
102977007,METROPOLITAN NASHVILLE POLICE DEPT,20210264278,Davidson,Nashville,5/12/2021 4:20:00 PM,2,0,0,36.121820,-86.704830,MURFREESBORO PKE,,,,0.00,,,KERMIT DR,,,,0.00,Y,Four-Way, ,Intersection,None,,,         ,Theodore,Flick,Clear,"Sideswipe, Same Direction",no,no,no,no,no,False
102977010,METROPOLITAN NASHVILLE POLICE DEPT,20210264310,Davidson,Nashville,5/12/2021 4:30:00 PM,4,0,0,36.129830,-86.855150,WHITE BRIDGE PKE,,,,222.00,Feet,West,TARGET PVTDR,,,,0.00,N,Not at Intersection,N,Non-Junction,None,,,         ,Heather,Fox,Clear,Angle,no,no,no,no,no,False
102977011,METROPOLITAN NASHVILLE POLICE DEPT,20210264309,Davidson,Nashville,5/12/2021 4:24:00 PM,2,0,0,36.155010,-86.627110,STEWARTS FERRY PKE,,,,0.00,Feet,East,I40 E EXT RAMP,,,,0.00,N,Not at Intersection,N,Entrance/Exit Ramp Related,None,,,         ,Tyler,Lewis,Clear,Front to Rear,no,no,no,no,no,False
102977016,METROPOLITAN NASHVILLE POLICE DEPT,20210264279,Davidson,Nashville,5/12/2021 4:12:00 PM,5,0,0,36.234390,-86.766650,I 65,,,,0.00,,,,,,,89.40,N,Not at Intersection,N,Non-Junction,None,,,         ,Christopher,Littles,Clear,Not Collision with Motor Vehicle in Transport,no,no,no,no,no,False
102977018,METROPOLITAN NASHVILLE POLICE DEPT,20210264458,Davidson,Nashville,5/12/2021 2:00:00 PM,2,0,0,36.167610,-86.758710,SYLVAN ST,,,,325.00,Feet,East,CAYCE PLACE PVTDR,,,,0.00,N,Not at Intersection,N,Non-Junction,None,,,         ,Kevin,Clausius,Clear,Front to Rear,no,no,no,no,yes,False
102977023,METROPOLITAN NASHVILLE POLICE DEPT,20210264392,Davidson,Nashville,5/12/2021 5:20:00 PM,1,1,0,36.140650,-86.882710,ANNEX AV,,,,555.00,Feet,East,PREMIER DR,,,,0.00,N,Not at Intersection,N,Non-Junction,None,,,         ,Michael,Sipos,Clear,Not Collision with Motor Vehicle in Transport,no,no,no,yes,no,False
102977032,METROPOLITAN NASHVILLE POLICE DEPT,20210264117,Davidson,Nashville,5/12/2021 2:42:00 PM,3,0,0,36.207890,-86.776120,I 65,,,,0.00,,,,,,,87.40,N,Not at Intersection, ,Non-Junction,None,,,         ,Melvin,Taylor,Clear,Front to Rear,no,no,no,no,no,False
102977035,METROPOLITAN NASHVILLE POLICE DEPT,20210264400,Davidson,Nashville,5/12/2021 5:26:00 PM,2,5,0,36.089190,-86.702360,I 24,,,,0.00,,,,,,,55.45,N,Not at Intersection,N,Non-Junction,None,,,         ,Robert,Higgins,Clear,Front to Rear,no,no,no,no,no,False
102977039,METROPOLITAN NASHVILLE POLICE DEPT,20210264526,Davidson,Nashville,5/12/2021 6:36:00 PM,2,2,0,36.084880,-86.703570,HARDING PL,,,,42.00,Feet,West,TRAVELERS INN DR,,,,0.00,N,Not at Intersection,N,Non-Junction,None,,,         ,Thomas,Parsons,Clear,Front to Rear,no,no,no,no,no,False
102977040,METROPOLITAN NASHVILLE POLICE DEPT,20210264403,Davidson,Not in City Limit,5/12/2021 5:26:00 PM,2,0,0,36.272100,-86.688940,ANDERSON LN,,,,182.00,Feet,East,MYATT DR,,,,0.00,N,Not at Intersection,N,Non-Junction,None,,,         ,DuJuan,Kendrick,Clear,HeadOn,no,no,no,no,no,False
102977049,METROPOLITAN NASHVILLE POLICE DEPT,20210264536,Davidson,Nashville,5/12/2021 6:15:00 PM,2,0,0,36.074280,-86.920870,OLD HICKORY BLVD,,,,75.00,Feet,South,HIGHWAY 70S,,,,0.00,N,Not at Intersection, ,Non-Junction,None,,,         ,Robert,Crow,Clear,Angle,no,no,no,no,no,False
102977054,METROPOLITAN NASHVILLE POLICE DEPT,20210264441,Davidson,Nashville,5/12/2021 4:51:00 PM,2,1,0,36.151690,-86.803720,ELLISTON PL,,,,0.00,,North,22ND AVN,,,,0.00,N,Not at Intersection,N,Non-Junction,None,,,         ,Ryan,Cagle,Clear,Angle,no,no,no,no,no,Campus
102977076,METROPOLITAN NASHVILLE POLICE DEPT,20210264284,Davidson,Nashville,5/12/2021 12:00:00 AM,1,0,0,36.235580,-86.763930,I 65,,,,0.00,,,,,,,89.60,N,Not at Intersection,N,Non-Junction,None,,,         ,Ciara,Doherty,Clear,Not Collision with Motor Vehicle in Transport,no,no,no,no,no,False
102977078,METROPOLITAN NASHVILLE POLICE DEPT,20210264600,Davidson,Nashville,5/12/2021 7:23:00 PM,2,0,0,36.247630,-86.720580,GALLATIN PKES,,,,152.00,Feet,South,DUE WEST AVW,,,,0.00,N,Not at Intersection,N,Non-Junction,None,,,         ,Christopher,Littles,Clear,"Sideswipe, Same Direction",no,no,no,no,yes,False
102977079,METROPOLITAN NASHVILLE POLICE DEPT,20210264546,Davidson,Nashville,5/12/2021 6:46:00 PM,2,0,0,36.141720,-86.778670,CHESTNUT ST,,,,0.00,,,8TH AVS,,,,0.00,Y,Four-Way,N,Intersection,None,,,         ,Travis,Pemberton,Clear,Angle,no,no,no,no,yes,False
102977089,METROPOLITAN NASHVILLE POLICE DEPT,20210264608,Davidson,Nashville,5/12/2021 7:29:00 PM,2,0,0,36.078610,-86.745220,HARDING PL,,,,0.00,,,DANBY DR,,,,0.00,Y,Four-Way,Y,Intersection,None,,,         ,Kaytlin,huyler,Clear,Angle,no,no,no,no,no,False
102977093,METROPOLITAN NASHVILLE POLICE DEPT,20210264519,Davidson,Nashville,5/12/2021 5:40:00 PM,2,0,0,36.221660,-86.774780,I65 S ENT RAMP,,,,0.00,,,I 65,,,,0.00,Y,Y-Intersection, ,Intersection,None,,,         ,Chase,Harriman,Clear,"Sideswipe, Same Direction",no,no,no,no,no,False
102977096,METROPOLITAN NASHVILLE POLICE DEPT,20210264670,Davidson,Nashville,5/12/2021 6:03:00 PM,2,0,0,36.055000,-86.690880,LUKER LN,,,,0.00,,,OLIVIA DR,,,,0.00,Y,T-Intersection, ,Intersection,None,,,         ,Joseph,Hurst,Clear,Angle,no,no,no,no,no,False
102977101,METROPOLITAN NASHVILLE POLICE DEPT,20210264647,Davidson,Nashville,5/12/2021 7:20:00 PM,1,0,0,36.168680,-86.666910,LEBANON PKE,,,,0.00,Feet,North,J B ESTILLE DR,,,,0.00,N,Not at Intersection,N,Non-Junction,None,,,         ,Donovan,Coble,Clear,Not Collision with Motor Vehicle in Transport,no,no,no,no,no,False
102977103,METROPOLITAN NASHVILLE POLICE DEPT,20210264515,Davidson,Nashville,5/12/2021 6:32:00 PM,4,6,0,36.063810,-86.637260,BELL RD,,,,182.00,Feet,North,RICE RD,,,,0.00,N,Not at Intersection,N,Non-Junction,None,,,         ,Beri,Scott,Clear,Angle,no,no,no,no,no,False
102977106,METROPOLITAN NASHVILLE POLICE DEPT,20210258790,Davidson,Nashville,5/9/2021 7:52:00 PM,1,0,0,36.073070,-86.708880,TURLEY DR,,,,0.00,,,,,,,0.00,,,N,Non-Junction,None,,,         ,Joseph,Hurst,Clear,Not Collision with Motor Vehicle in Transport,no,no,no,no,yes,False
102977107,METROPOLITAN NASHVILLE POLICE DEPT,20210264628,Davidson,Nashville,5/12/2021 7:41:00 PM,1,1,0,36.234430,-86.721430,BRILEY PKWY W EXT RAMP,,,,0.00,Feet,East,BRILEY PKWYW,,,,0.00,N,Not at Intersection,N,Entrance/Exit Ramp Related,None,,,         ,Bradley,Campbell,Clear,Not Collision with Motor Vehicle in Transport,no,no,no,no,no,False
102977149,METROPOLITAN NASHVILLE POLICE DEPT,20210264445,Davidson,Not in City Limit,5/12/2021 5:48:00 PM,3,0,0,36.267920,-86.736870,I 65,,,,0.00,,,,,,,92.50,N,Not at Intersection,N,Non-Junction,None,,,         ,Philip,Claibourne,Clear,"Sideswipe, Same Direction",no,no,no,no,no,False
102977152,THP District 3 - Nashville,321029344,Davidson,Nashville,5/4/2021 3:54:00 AM,1,0,0,36.170820,-86.601550,OLD HICKORY BLVD,,,,0.00,,,I40 W EXT RAMP,,,,0.00,Y,Four-Way, ,Intersection-Related,None,,,         ,Brandon,Hart,Clear,Not Collision with Motor Vehicle in Transport,no,no,no,no,yes,False
102977157,METROPOLITAN NASHVILLE POLICE DEPT,20210264756,Davidson,Nashville,5/12/2021 8:00:00 PM,2,0,0,36.149410,-86.861000,CHARLOTTE PKE,,,,327.00,Feet,West,OCEOLA AV,,,,0.00,N,Not at Intersection,N,Non-Junction,None,,,         ,Ryan,Papp,Clear,Unknown,no,no,no,yes,yes,False
102977160,METROPOLITAN NASHVILLE POLICE DEPT,20210264815,Davidson,Nashville,5/12/2021 8:23:00 PM,2,0,0,36.029270,-86.708210,PAULSON WAY,,,,59.00,Feet,North,PAULSON CT,,,,0.00,N,Not at Intersection,N,Non-Junction,None,,,         ,Beri,Scott,Clear,"Sideswipe, Same Direction",no,no,no,no,yes,False
102977178,METROPOLITAN NASHVILLE POLICE DEPT,20210264785,Davidson,Not in City Limit,5/12/2021 9:05:00 PM,2,1,0,36.076920,-86.945340,HIGHWAY 70S,,,,39.00,Feet,West,SAWYER BROWN RD,,,,0.00,N,Not at Intersection,N,Non-Junction,None,,,         ,Gregory,Rdzok,Clear,HeadOn,no,no,no,no,no,False
102977205,METROPOLITAN NASHVILLE POLICE DEPT,20210264698,Davidson,Nashville,5/12/2021 8:15:00 PM,2,0,0,36.155040,-86.797520,CHURCH ST,,,,0.00,,,18TH AVN,,,,0.00,Y,Four-Way, ,Intersection,None,,,         ,Savannah,Starbuck,Clear,Angle,no,no,no,no,no,False
102977220,METROPOLITAN NASHVILLE POLICE DEPT,20210264926,Davidson,Nashville,5/12/2021 10:00:00 PM,2,0,0,36.173220,-86.791590,JEFFERSON ST,,,,56.00,Feet,West,ROSA L PARKS BLVD,,,,0.00,N,Not at Intersection, ,,None,,,         ,Bobby,Samuels,,,no,no,no,no,no,False
102977225,METROPOLITAN NASHVILLE POLICE DEPT,20210264877,Davidson,Nashville,5/12/2021 10:11:00 PM,2,3,0,36.151420,-86.636450,I 40,,,,0.00,,,,,,,218.50,N,Not at Intersection,N,Non-Junction,None,,,         ,Zachariah,Bush,,Front to Rear,no,no,no,no,no,False
102977226,METROPOLITAN NASHVILLE POLICE DEPT,20210264953,Davidson,Madison,5/12/2021 11:12:00 PM,2,0,0,36.248010,-86.720360,GALLATIN PKES,,,,0.00,,,DUE WEST AVW,,,,0.00,Y,Four-Way,Y,Intersection,None,,,         ,Philip,Claibourne,Clear,Angle,no,no,no,no,no,False
102977261,METROPOLITAN NASHVILLE POLICE DEPT,20210265190,Davidson,Nashville,5/13/2021 1:30:00 AM,2,0,0,36.160240,-86.782930,US HWY 31,,,,0.00,,,COMMERCE ST,,,,0.00,Y,Four-Way,N,Intersection-Related,None,,,         ,Jaren,Breece,Clear,Front to Rear,no,no,no,no,yes,False
102977268,METROPOLITAN NASHVILLE POLICE DEPT,20210265030,Davidson,Nashville,5/12/2021 11:52:00 PM,2,2,0,36.157110,-86.774670,4TH AVS,,,,0.00,,,KOREAN VETERANS BLVD,,,,0.00,Y,Four-Way,N,OtherLocation,None,,,         ,Tim,Le,Clear,Angle,no,no,no,no,no,False
102977270,METROPOLITAN NASHVILLE POLICE DEPT,20210265246,Davidson,Antioch,5/13/2021 2:11:00 AM,2,2,0,36.075630,-86.572050,HOBSON PKE,,,,1473.00,Feet,North,LONDONVIEW PL,,,,0.00,N,Not at Intersection,N,Non-Junction,Work Zone,Laneclosure,Transition Area,         ,Holly,Davis,Clear,Front to Rear,no,no,no,no,no,False
102977295,METROPOLITAN NASHVILLE POLICE DEPT,20210265390,Davidson,Antioch,5/13/2021 4:18:00 AM,2,0,0,36.042850,-86.606550,MURFREESBORO PKE,,,,0.00,Feet,,HOBSON PKE,,,,0.00,Y,Four-Way,N,Intersection,None,,,         ,Holly,Davis,Clear,Angle,no,no,no,no,no,False
102977306,METROPOLITAN NASHVILLE POLICE DEPT,20210265411,Davidson,Not in City Limit,5/13/2021 4:38:00 AM,2,1,0,36.263460,-86.684270,STATE RT 45,,,,0.00,,,LARKIN SPRINGS RD,,,,0.00,Y,Four-Way,N,Intersection,None,,,         ,Zachary,Lang,Clear,Front to Rear,no,no,no,no,no,False
102977309,METROPOLITAN NASHVILLE POLICE DEPT,20210265351,Davidson,Nashville,5/13/2021 3:49:00 AM,2,0,0,36.064790,-86.628480,HAMILTON CHURCH RD,,,,0.00,Feet,,MURFREESBORO PKE,,,,0.00,Y,Four-Way,N,Intersection,None,,,         ,Kaleigh,Pearce,Clear,Angle,no,no,no,no,no,False
102977326,GOODLETTSVILLE POLICE DEPT,21-12645,Davidson,Goodlettsville,5/12/2021 4:45:00 PM,2,1,0,36.337750,-86.717470,N MAIN ST,,,,192.00,Feet,North,OLD STONE BRIDGE RD,,,,0.00,N,Not at Intersection,N,Non-Junction,None,,,         ,George,Forbes,Clear,"Sideswipe, Same Direction",no,no,no,no,no,False
102977332,METROPOLITAN NASHVILLE POLICE DEPT,20210243084,Davidson,Nashville,5/1/2021 12:42:00 AM,1,1,0,36.151590,-86.852100,CHARLOTTE AV,,,,0.00,,,MORROW RD,,,,0.00,Y,T-Intersection,N,Intersection,None,,,         ,Kevin,Coleman,Clear,Not Collision with Motor Vehicle in Transport,no,no,no,no,no,False
102977336,METROPOLITAN NASHVILLE POLICE DEPT,20210265521,Davidson,Antioch,5/13/2021 6:33:00 AM,2,0,0,36.043680,-86.607370,MURFREESBORO PKE,,,,386.00,Feet,North,HOBSON PKE,,,,0.00,N,Not at Intersection,N,Non-Junction,None,,,         ,Joe,Hooper,Clear,Angle,no,no,no,no,no,False
102977343,METROPOLITAN NASHVILLE POLICE DEPT,20210265548,Davidson,Nashville,5/13/2021 6:42:00 AM,3,0,0,36.150620,-86.749820,I 40,,,,0.00,,,,,,,211.60,N,Not at Intersection,N,Non-Junction,None,,,         ,Michael,Dance,Clear,Front to Rear,no,no,no,no,no,False
102977387,METROPOLITAN NASHVILLE POLICE DEPT,20210265741,Davidson,Nashville,5/13/2021 8:31:00 AM,2,0,0,36.229720,-86.761150,EWING DR,,,,565.00,Feet,West,DICKERSON PKE,,,,0.00,N,Not at Intersection,N,Non-Junction,None,,,         ,Megan,Lamon,Clear,"Sideswipe, Opposite Direction",no,no,no,no,no,False
102977393,METROPOLITAN NASHVILLE POLICE DEPT,20210265772,Davidson,Antioch,5/13/2021 8:45:00 AM,3,0,0,36.015060,-86.620290,OLD HICKORY BLVD,,,,0.00,,,I24 W EXT RAMP,,,,0.00,Y,Four-Way, ,Non-Junction,None,,,         ,Joe,Hooper,Clear,Front to Rear,no,no,no,no,no,False
102977396,METROPOLITAN NASHVILLE POLICE DEPT,20210265796,Davidson,Nashville,5/13/2021 8:23:00 AM,1,0,0,36.108830,-86.769490,I 65,,,,0.00,,,,,,,79.65,N,Not at Intersection,N,Non-Junction,None,,,         ,D’Mitri,Mackall,Clear,Not Collision with Motor Vehicle in Transport,no,no,no,no,no,False
102977411,METROPOLITAN NASHVILLE POLICE DEPT,20210265812,Davidson,Madison,5/13/2021 9:11:00 AM,2,1,0,36.264450,-86.732280,OLD HICKORY BLVDW,,,,0.00,,,N GRAYCROFT AV,,,,0.00,Y,Four-Way,N,Intersection,None,,,         ,Michael,McCord,Clear,Angle,no,no,no,no,no,False
102977418,METROPOLITAN NASHVILLE POLICE DEPT,20210265835,Davidson,Nashville,5/13/2021 9:17:00 AM,2,0,0,36.040930,-86.704290,CEDARMONT DR,,,,0.00,,,CEDARMONT CT,,,,0.00,Y,T-Intersection,N,Intersection,None,,,         ,Joe,Hooper,Clear,Angle,no,no,no,no,no,False
102977433,METROPOLITAN NASHVILLE POLICE DEPT,20210265802,Davidson,Nashville,5/13/2021 9:05:00 AM,2,1,0,36.205360,-86.776600,I 65,,,,0.00,,,,,,,87.25,N,Not at Intersection,N,Non-Junction,None,,,         ,Jean,McCormack,Clear,"Sideswipe, Same Direction",no,no,no,no,no,False
102977437,METROPOLITAN NASHVILLE POLICE DEPT,20210265809,Davidson,Nashville,5/13/2021 9:07:00 AM,2,0,0,36.052890,-86.674870,TUSCULUM RD,,,,64.00,Feet,West,BLUE LAKE CIR,,,,0.00,N,Not at Intersection, ,Non-Junction,None,,,         ,Thomas,Vasquez,Clear,"Sideswipe, Same Direction",no,no,no,no,no,False
102977440,METROPOLITAN NASHVILLE POLICE DEPT,20210265790,Davidson,Nashville,5/13/2021 8:59:00 AM,2,1,0,36.152350,-86.769010,2ND AVS,,,,0.00,,,LINDSLEY AV,,,,0.00,Y,T-Intersection,N,Intersection,None,,,         ,Vincent,McCrary,Clear,Front to Rear,no,no,no,no,no,False
102977441,METROPOLITAN NASHVILLE POLICE DEPT,20210265904,Davidson,Nashville,5/13/2021 10:05:00 AM,2,0,0,36.215400,-86.588510,TULIP GROVE RD,,,,0.00,,,LEBANON PKE,,,,0.00,Y,Four-Way, ,,None,,,         ,Michael,Brooks,,,no,no,no,no,no,False
102977449,METROPOLITAN NASHVILLE POLICE DEPT,20210265958,Davidson,Nashville,5/13/2021 8:48:00 AM,2,0,0,36.179390,-86.774010,I 24,,,,0.00,,,,,,,47.70,N,Not at Intersection, ,Non-Junction,None,,,         ,Daniel,Russett,Clear,Front to Rear,no,no,no,no,no,False
102977467,METROPOLITAN NASHVILLE POLICE DEPT,20210266041,Davidson,Nashville,5/13/2021 11:23:00 AM,2,1,0,36.049280,-86.651730,BELL RD,,,,0.00,,,HICKORY HOLLOW MALL PVTDR PL,,,,0.00,Y,Four-Way,Y,Intersection,None,,,         ,Joe,Hooper,Clear,Angle,no,no,no,no,no,False
102977499,METROPOLITAN NASHVILLE POLICE DEPT,20210266107,Davidson,Nashville,5/13/2021 12:04:00 PM,1,1,0,36.041780,-86.782400,I 65,,,,0.00,,,,,,,74.80,N,Not at Intersection,Y,OtherLocation,None,,,         ,Earl,Davis,Clear,Not Collision with Motor Vehicle in Transport,no,no,no,no,no,False
102977518,METROPOLITAN NASHVILLE POLICE DEPT,20210266123,Davidson,Nashville,5/13/2021 12:06:00 PM,2,0,0,36.220780,-86.762000,DICKERSON PKE,,,,175.00,Feet,South,PINE RIDGE DR,,,,0.00,N,Not at Intersection, ,Non-Junction,None,,,         ,Megan,Lamon,Clear,"Sideswipe, Same Direction",no,no,no,no,no,False
102977541,METROPOLITAN NASHVILLE POLICE DEPT,20210266050,Davidson,Nashville,5/13/2021 11:28:00 AM,2,0,0,36.216990,-86.693450,MCGAVOCK PKE WB ENT RAMP,,,,0.00,,,MCGAVOCK PKE,,,,0.00,Y,OTHER, ,,None,,,         ,Michael,Brooks,,,no,no,no,no,no,False
102977542,BERRY HILL POLICE DEPT,21-1430,Davidson,Berry Hill,5/13/2021 11:10:00 AM,2,0,0,36.121370,-86.775450,FRANKLIN PKE,,,,0.00,,,KIRKWOOD AV,,,,0.00,Y,OTHER, ,,None,,,         ,Larry,Carter,,,no,no,no,yes,no,False
102977547,METROPOLITAN NASHVILLE POLICE DEPT,20210266113,Davidson,Nashville,5/13/2021 12:06:00 PM,2,0,0,36.196570,-86.741350,CAHAL AV,,,,264.00,Feet,East,GALLATIN AV,,,,0.00,N,Not at Intersection, ,Non-Junction,None,,,         ,Nathan,Mayo,Clear,Angle,no,no,no,no,no,False
102977564,METROPOLITAN NASHVILLE POLICE DEPT,20210266188,Davidson,Nashville,5/13/2021 12:41:00 PM,2,0,0,36.194270,-86.618240,OLD HICKORY BLVD,,,,0.00,,,HERMITAGE MARKETPLACE PVTDR,,,,0.00,Y,Four-Way, ,,None,,,         ,Michael,Brooks,,,no,no,no,no,no,False
102977565,Metro Park Police,21-0266159,Davidson,Nashville,5/13/2021 12:27:00 PM,2,0,0,36.173770,-86.746350,FATHERLAND ST,,,,0.00,,,S 14TH ST,,,,0.00,Y,Four-Way,N,Non-Junction,None,,,         ,Darrell,Howse,,Unknown,no,no,no,no,yes,False
102977573,METROPOLITAN NASHVILLE POLICE DEPT,20210266120,Davidson,Nashville,5/13/2021 12:13:00 PM,2,1,0,36.151760,-86.768630,2ND AVS,,,,0.00,,,I40 W EXT RAMP,,,,0.00,Y,Four-Way,N,Intersection,None,,,         ,Joshua,Reece,Clear,Angle,no,no,no,no,no,False
102977593,METROPOLITAN NASHVILLE POLICE DEPT,20210266326,Davidson,Antioch,5/13/2021 1:48:00 PM,2,0,0,36.050448,-86.608778,PINHOOK,RD,,,750.00,Feet,East,BRADBURN VILLAGE,DR,,,0.00,N,Not at Intersection,N,Non-Junction,None,,,         ,Joe,Hooper,Clear,Angle,no,no,no,no,yes,False
102977595,METROPOLITAN NASHVILLE POLICE DEPT,20210266295,Davidson,Nashville,5/13/2021 1:39:00 PM,2,0,0,36.146900,-86.743130,I 40,,,,0.00,,,,,,,212.10,N,Not at Intersection, ,,None,,,         ,Michael,Dance,,,no,no,no,no,no,False
102977603,METROPOLITAN NASHVILLE POLICE DEPT,20210266288,Davidson,Nashville,5/13/2021 1:20:00 PM,2,0,0,36.166630,-86.764780,SHELBY AV,,,,16.00,Feet,South,I24 W ENT RAMP,,,,0.00,N,Not at Intersection, ,Non-Junction,None,,,         ,Andrew,Ellis,Clear,"Sideswipe, Same Direction",no,no,no,no,no,False
102977628,METROPOLITAN NASHVILLE POLICE DEPT,20210265847,Davidson,Nashville,5/13/2021 9:08:00 AM,2,0,0,36.166030,-86.800590,16TH AVE N,,,,148.00,Feet,South,IRELAND ST,,,,0.00,N,Not at Intersection, ,Non-Junction,None,,,         ,Pamela,Caulder,Clear,"Sideswipe, Same Direction",no,no,no,no,no,False
102977630,METROPOLITAN NASHVILLE POLICE DEPT,20210266369,Davidson,Nashville,5/13/2021 1:58:00 PM,2,0,0,36.148110,-86.744990,I 40,,,,0.00,,,,,,,211.95,N,Not at Intersection,N,Non-Junction,None,,,         ,Michael,Dance,Clear,"Sideswipe, Same Direction",no,no,no,no,yes,False
102977696,METROPOLITAN NASHVILLE POLICE DEPT,20210266351,Davidson,Nashville,5/13/2021 2:07:00 PM,2,1,0,36.124990,-86.752200,NOLENSVILLE PKE,,,,0.00,,,ROSEDALE AV,,,,0.00,Y,T-Intersection,N,Intersection,None,,,         ,Earl,Davis,Clear,Angle,no,no,no,no,no,False
102977709,METROPOLITAN NASHVILLE POLICE DEPT,20210266390,Davidson,Nashville,5/13/2021 2:05:00 PM,2,0,0,36.203990,-86.757820,EDWIN ST,,,,0.00,,,JONES AV,,,,0.00,Y,Four-Way, ,Intersection,None,,,         ,Cooper,HIll,Clear,Not Collision with Motor Vehicle in Transport,no,no,no,no,yes,False