master_record_number,agency,agency_tracking_number,county,city,collision_date,vehicles_involved,number_injured,number_dead,latitude,longitude,roadway_name,roadway_suffix,roadway_number,roadway_local_id,distance_from_reference,miles-feet_indicator,direction_from_reference,intersection_road_name,intersection_road_name_suffix,intersection_road_number,intersection_local_id,mile_marker,intersection_indicator,intersect_type,interchange_related_indicator,relation_to_junction,work_zone_type,construction_maintenance_zone,construction_maintenance_zone_location,fatal_case_number,officer_first_name,officer_last_name,weather_condition(s),manner_of_crash,pedestrian,bicycle,scooter,parking,hitrun,mou
102978250,METROPOLITAN NASHVILLE POLICE DEPT,20210268222,Davidson,Nashville,5/14/2021 10:12:00 AM,2,0,0,36.080350,-86.723300,HARDING PL,,,,0.00,,,HARDING MALL DR,,,,0.00,Y,T-Intersection, ,Intersection,None,,,         ,Joe,Hooper,Clear,Angle,no,no,no,no,no,False
102978252,METROPOLITAN NASHVILLE POLICE DEPT,20210268165,Davidson,Nashville,5/14/2021 9:51:00 AM,3,0,0,36.094860,-86.771660,FRANKLIN PKE,,,,673.00,Feet,South,MORRISWOOD DR,,,,0.00,N,Not at Intersection, ,Non-Junction,None,,,         ,Nicholas,Smith,Clear,"Sideswipe, Same Direction",no,no,no,no,no,False
102978253,METROPOLITAN NASHVILLE POLICE DEPT,20210268196,Davidson,Nashville,5/13/2021 6:36:00 PM,1,0,0,36.104090,-86.815320,HILLSBORO PKE,,,,332.00,Feet,South,RICHARD JONES RD,,,,0.00,N,Not at Intersection,N,Non-Junction,None,,,         ,D’Mitri,Mackall,Clear,Not Collision with Motor Vehicle in Transport,no,no,no,yes,yes,False
102978267,METROPOLITAN NASHVILLE POLICE DEPT,20210268319,Davidson,Nashville,5/14/2021 11:14:00 AM,1,0,0,36.044870,-86.650290,CROSSINGS BLVD,,,,248.00,Feet,East,HICKORY HOLLOW PKWY,,,,0.00,N,Not at Intersection, ,Non-Junction,None,,,         ,Joe,Hooper,Clear,Not Collision with Motor Vehicle in Transport,no,no,no,no,no,False
102978270,METROPOLITAN NASHVILLE POLICE DEPT,20210268130,Davidson,Nashville,5/14/2021 9:22:00 AM,2,1,0,36.153330,-86.764710,I 40,,,,0.00,,,,,,,210.70,N,Not at Intersection,N,Non-Junction,None,,,         ,James,Harben,Clear,Front to Rear,no,no,no,no,no,False
102978285,METROPOLITAN NASHVILLE POLICE DEPT,20210268240,Davidson,Nashville,5/14/2021 10:35:00 AM,3,0,0,36.095820,-86.737480,WHEELER AV,,,,0.00,Feet,,NOLENSVILLE PKE,,,,0.00,Y,Four-Way, ,Intersection,None,,,         ,Neil,Wolfe,Clear,Front to Rear,no,no,no,no,no,False
102978286,METROPOLITAN NASHVILLE POLICE DEPT,20210268115,Davidson,Nashville,5/14/2021 9:19:00 AM,2,1,0,36.143520,-86.778850,OLYMPIC ST,,,,0.00,,,8TH AVS,,,,0.00,Y,T-Intersection,N,Intersection,None,,,         ,Cynthia,Quirouette,Clear,Angle,no,no,no,no,no,False
102978287,METROPOLITAN NASHVILLE POLICE DEPT,20210268262,Davidson,Nashville,5/14/2021 10:55:00 AM,1,1,0,36.134900,-86.779040,8TH AVS,,,,224.00,Feet,North,EAST ARGYLE AV,,,,0.00,N,Not at Intersection,N,"Driveway, Alley Access, etc",None,,,         ,Cynthia,Quirouette,Clear,Not Collision with Motor Vehicle in Transport,no,yes,no,no,no,False
102978288,METROPOLITAN NASHVILLE POLICE DEPT,20210268307,Davidson,Not in City Limit,5/14/2021 12:00:00 AM,2,0,0,36.279530,-86.708750,GALLATIN PKEN,,,,70.00,Feet,North,ONE MILE PKWY,,,,0.00,N,Not at Intersection, ,Non-Junction,None,,,         ,Wesley,Mcclelland,Clear,Angle,no,no,no,no,no,False
102978292,METROPOLITAN NASHVILLE POLICE DEPT,20210268333,Davidson,Nashville,5/14/2021 11:48:00 AM,2,0,0,36.121740,-86.750650,I440 E EXT RAMP,,,,0.00,,,I 440,,,,0.00,Y,T-Intersection,N,Entrance/Exit Ramp Related,None,,,         ,D’Mitri,Mackall,Clear,Front to Rear,no,no,no,no,yes,False
102978324,METROPOLITAN NASHVILLE POLICE DEPT,20210268320,Davidson,Nashville,5/14/2021 11:44:00 AM,2,2,0,36.147560,-86.758580,US HWY 41,,,,0.00,,,LEWIS ST,,,,0.00,Y,Four-Way,N,Intersection,None,,,         ,Curtis,Fisher,Clear,Angle,no,no,no,no,yes,False
102978326,METROPOLITAN NASHVILLE POLICE DEPT,20210268380,Davidson,Nashville,5/14/2021 11:59:00 AM,2,0,0,36.193140,-86.744150,GALLATIN AV,,,,169.00,Feet,North,DOUGLAS AV,,,,0.00,N,Not at Intersection, ,,None,,,         ,Steven,Meador,,,no,no,no,no,no,False
102978331,VANDERBILT UNIVERSITY POLICE,20210268369,Davidson,Nashville,5/14/2021 11:40:00 AM,1,1,0,36.106580,-86.763600,POWELL AV,,,,283.00,Feet,East,POWELL PL,,,,0.00,N,Not at Intersection,N,Non-Junction,None,,,         ,Charles,Stevens,Clear,Not Collision with Motor Vehicle in Transport,yes,no,no,yes,yes,OHO
102978336,METROPOLITAN NASHVILLE POLICE DEPT,20210268077,Davidson,Nashville,5/14/2021 8:56:00 AM,3,4,0,36.159410,-86.788350,11TH AVN,,,,64.00,Feet,South,CHURCH ST,,,,0.00,N,Not at Intersection,N,Non-Junction,Construction Zone,,,         ,Erik,Wagner,Clear,Front to Rear,no,no,no,no,no,False
102978355,METROPOLITAN NASHVILLE POLICE DEPT,20210268357,Davidson,Nashville,5/14/2021 10:56:00 AM,3,0,0,36.210790,-86.765520,DICKERSON PKE,,,,261.00,Feet,South,DONALD ST,,,,0.00,N,Not at Intersection, ,Non-Junction,None,,,         ,Jarret,Sonnenberg,Clear,Front to Rear,no,no,no,no,no,False
102978360,METROPOLITAN NASHVILLE POLICE DEPT,20210268421,Davidson,Not in City Limit,5/14/2021 12:30:00 PM,2,0,0,36.260780,-86.738240,I 65,,,,0.00,,,,,,,92.00,N,Not at Intersection, ,Non-Junction,None,,,         ,Jeremy,Smith,Clear,"Sideswipe, Same Direction",no,no,no,no,yes,False
102978362,METROPOLITAN NASHVILLE POLICE DEPT,20210268442,Davidson,Nashville,5/14/2021 12:00:00 AM,1,0,0,36.183980,-86.814170,CLARKSVILLE PKE,,,,0.00,,,,,,,0.00,,,N,Non-Junction,None,,,         ,Garren,Hoskins,Clear,Not Collision with Motor Vehicle in Transport,no,no,no,no,yes,False
102978452,METROPOLITAN NASHVILLE POLICE DEPT,20210268450,Davidson,Nashville,5/14/2021 12:30:00 PM,2,0,0,36.165510,-86.762880,S 4TH ST,,,,0.00,,,I24 W EXT RAMP,,,,0.00,Y,Y-Intersection,N,Non-Junction,None,,,         ,Jerrod,Kalinsky,Clear,"Sideswipe, Same Direction",no,no,no,no,no,False
102978465,METROPOLITAN NASHVILLE POLICE DEPT,20210268561,Davidson,Nashville,5/14/2021 2:03:00 PM,2,0,0,36.165970,-86.612530,I 40,,,,0.00,,,,,,,220.15,N,Not at Intersection,N,Non-Junction,None,,,         ,Michael,Dance,Clear,Front to Rear,no,no,no,no,yes,False
102978468,METROPOLITAN NASHVILLE POLICE DEPT,20210268185,Davidson,Nashville,5/14/2021 10:06:00 AM,1,0,0,36.116270,-86.789630,I 440,,,,0.00,,,,,,,4.00,N,Not at Intersection,N,Non-Junction,None,,,         ,Alex,Moore,Clear,Not Collision with Motor Vehicle in Transport,no,no,no,no,no,False
102978471,METROPOLITAN NASHVILLE POLICE DEPT,20210268439,Davidson,Nashville,5/14/2021 12:41:00 PM,2,0,0,36.200320,-86.618600,LEBANON PKE,,,,0.00,,,HERMITAGE RD,,,,0.00,Y,Four-Way,N,Intersection,None,,,         ,Michael,Brooks,Clear,Angle,no,no,no,no,no,False
102978488,METROPOLITAN NASHVILLE POLICE DEPT,20210268280,Davidson,Nashville,5/14/2021 11:00:00 AM,2,2,0,36.187990,-86.821560,ED TEMPLE BLVD,,,,0.00,,,CLARKSVILLE PKE,,,,0.00,Y,Four-Way,N,Non-Junction,None,,,         ,David,Kmosko,Clear,Front to Rear,no,no,no,no,no,False
102978494,METROPOLITAN NASHVILLE POLICE DEPT,20210268550,Davidson,Nashville,5/14/2021 1:34:00 PM,2,0,0,36.230520,-86.768730,EWING DR,,,,0.00,,,LARKSPUR DR,,,,0.00,Y,T-Intersection,Y,Intersection,None,,,         ,Ronald,Bright,Cloudy,Angle,no,no,no,no,no,False
102978495,METROPOLITAN NASHVILLE POLICE DEPT,20210268558,Davidson,Nashville,5/14/2021 1:58:00 PM,2,0,0,36.116840,-86.787000,LEALAND LN,,,,0.00,Feet,,GALE LN,,,,0.00,Y,Four-Way,Y,Intersection,None,,,         ,Christopher,Cantrell,Clear,Angle,no,no,no,no,no,False
102978545,METROPOLITAN NASHVILLE POLICE DEPT,20210268644,Davidson,Nashville,5/14/2021 3:08:00 PM,2,0,0,36.193350,-86.830710,CLARKSVILLE PKE,,,,185.00,Feet,East,S HAMILTON RD,,,,0.00,N,Not at Intersection,N,Non-Junction,None,,,         ,Jerica,Gladston,Clear,Angle,no,no,no,no,no,False
102978553,METROPOLITAN NASHVILLE POLICE DEPT,20210268730,Davidson,Nashville,5/14/2021 3:56:00 PM,1,0,0,36.242810,-86.758540,DOVERSIDE DR,,,,698.00,Feet,West,SKYLINE MEMORIAL CT,,,,0.00,N,Not at Intersection,N,Non-Junction,None,,,         ,Christopher,Littles,Clear,Not Collision with Motor Vehicle in Transport,no,no,no,no,no,False
102978561,METROPOLITAN NASHVILLE POLICE DEPT,20210268623,Davidson,Nashville,5/14/2021 2:50:00 PM,2,1,0,36.173790,-86.791710,ROSA L PARKS BLVD,,,,0.00,Feet,East,MADISON ST,,,,0.00,N,Not at Intersection,N,Non-Junction,None,,,         ,Eric,McCoy,Clear,Angle,no,no,no,no,no,False
102978563,METROPOLITAN NASHVILLE POLICE DEPT,20210268663,Davidson,Nashville,5/14/2021 2:00:00 PM,2,0,0,36.155870,-86.761450,ANTHES DR,,,,331.00,Feet,North,I24 W ENT RAMP,,,,0.00,N,Not at Intersection, ,Non-Junction,None,,,         ,Trevor,Taylor,Clear,HeadOn,no,no,no,no,yes,False
102978565,METROPOLITAN NASHVILLE POLICE DEPT,20210268697,Davidson,Nashville,5/14/2021 3:38:00 PM,1,1,0,36.054430,-86.667270,HICKORY HOLLOW PKWY,,,,1496.00,Feet,East,MT VIEW RD,,,,0.00,N,Not at Intersection,N,Non-Junction,None,,,         ,Nathaniel,Myers,Clear,Not Collision with Motor Vehicle in Transport,no,no,no,no,no,False
102978573,METROPOLITAN NASHVILLE POLICE DEPT,20210268565,Davidson,Nashville,5/14/2021 2:09:00 PM,5,3,0,36.167520,-86.765530,I 24,,,,0.00,,,,,,,48.90,N,Not at Intersection,N,Non-Junction,None,,,         ,Daniel,Russett,Clear,Front to Rear,no,no,no,no,no,False
102978584,METROPOLITAN NASHVILLE POLICE DEPT,20210268731,Davidson,Nashville,5/14/2021 3:11:00 PM,2,0,0,36.166930,-86.655520,STEWARTS FERRY PKE,,,,414.00,Feet,South,DONELSONWOOD DR,,,,0.00,N,Not at Intersection, ,Non-Junction,None,,,         ,Evan,Grace,Clear,"Sideswipe, Same Direction",no,no,no,no,no,False
102978594,METROPOLITAN NASHVILLE POLICE DEPT,20210268072,Davidson,Nashville,5/14/2021 8:45:00 AM,2,0,0,36.192710,-86.744370,DOUGLAS AV,,,,0.00,,,GALLATIN AV,,,,0.00,Y,Four-Way,N,Intersection,None,,,         ,Doyle,Price,Clear,"Sideswipe, Same Direction",no,no,no,no,yes,False
102978607,METROPOLITAN NASHVILLE POLICE DEPT,20210268771,Davidson,Goodlettsville,5/14/2021 4:29:00 PM,2,0,0,36.287950,-86.725500,I 65,,,,0.00,,,,,,,94.00,N,Not at Intersection,N,Non-Junction,None,,,         ,Christopher,Littles,Clear,Front to Rear,no,no,no,no,yes,False
102978608,METROPOLITAN NASHVILLE POLICE DEPT,20210268606,Davidson,Nashville,5/14/2021 2:47:00 PM,3,1,0,36.179850,-86.774310,N 1ST ST,,,,412.00,Feet,South,DICKERSON PKE NB ENT RAMP,,,,0.00,N,Not at Intersection,N,Non-Junction,None,,,         ,Cooper,HIll,Clear,Front to Rear,no,no,no,no,no,False
102978618,METROPOLITAN NASHVILLE POLICE DEPT,20210268658,Davidson,Nashville,5/14/2021 3:00:00 PM,3,0,0,36.138500,-86.800640,21ST AVS,,,,48.00,Feet,South,CHILDRENS WAY,,,,0.00,N,Not at Intersection,N,Non-Junction,None,,,         ,Dakota,Davis,Clear,Angle,no,no,no,no,no,Campus
102978621,METROPOLITAN NASHVILLE POLICE DEPT,20210268804,Davidson,Nashville,5/14/2021 4:05:00 PM,2,1,0,36.169400,-86.766480,I 24,,,,0.00,,,,,,,48.75,N,Not at Intersection,N,Non-Junction,None,,,         ,Adam,Warren,Clear,Front to Rear,no,no,no,no,no,False
102978626,METROPOLITAN NASHVILLE POLICE DEPT,20210267050,Davidson,Nashville,5/13/2021 7:20:00 PM,3,0,0,36.034170,-86.642380,I 24,,,,0.00,,,,,,,60.65,N,Not at Intersection,N,Non-Junction,Work Zone,Work On Shoulder Or Median,Activity Area,         ,Robert,Higgins,Clear,Not Collision with Motor Vehicle in Transport,no,no,no,no,no,False
102978631,METROPOLITAN NASHVILLE POLICE DEPT,20210268536,Davidson,Nashville,5/14/2021 1:45:00 PM,2,0,0,36.046020,-86.657930,COLLINS PARK DR,,,,0.00,,,BELL RD,,,,0.00,Y,Four-Way,N,Intersection,None,,,         ,Cressie,Prill,Clear,Angle,no,no,no,no,no,False
102978632,METROPOLITAN NASHVILLE POLICE DEPT,20210268593,Davidson,Nashville,5/14/2021 2:30:00 PM,2,0,0,36.045870,-86.658120,BELL RD,,,,79.00,Feet,West,COLLINS PARK DR,,,,0.00,N,Not at Intersection,N,Non-Junction,None,,,         ,Cressie,Prill,Clear,Front to Rear,no,no,no,no,yes,False
102978637,METROPOLITAN NASHVILLE POLICE DEPT,20210268739,Davidson,Nashville,5/14/2021 3:55:00 PM,2,0,0,36.231890,-86.590970,WOODSIDE CIR,,,,2.00,Feet,West,WOODSIDE DR,,,,0.00,N,Not at Intersection, ,,None,,,         ,Tyler,Lewis,,,no,no,no,no,no,False
102978648,METROPOLITAN NASHVILLE POLICE DEPT,20210268867,Davidson,Nashville,5/14/2021 5:18:00 PM,2,0,0,36.150920,-86.667970,OLD ELM HILL PKE,,,,141.00,Feet,West,OLD DONELSON PKE,,,,0.00,N,Not at Intersection,N,Non-Junction,None,,,         ,Joseph,Simon,Clear,Angle,no,no,no,no,no,False
102978650,METROPOLITAN NASHVILLE POLICE DEPT,20210268801,Davidson,Nashville,5/14/2021 3:46:00 PM,2,0,0,36.068930,-86.680430,RICHARDS RD,,,,179.00,Feet,West,DELIA DR,,,,0.00,N,Not at Intersection, ,Non-Junction,None,,,         ,Beri,Scott,Clear,Angle,no,no,no,no,no,False
102978667,METROPOLITAN NASHVILLE POLICE DEPT,20210268773,Davidson,Nashville,5/14/2021 4:31:00 PM,2,0,0,36.142560,-86.708360,I 40,,,,0.00,,,,,,,214.30,N,Not at Intersection,N,Non-Junction,None,,,         ,Douglas,Mann,Clear,Front to Rear,no,no,no,no,no,False
102978675,METROPOLITAN NASHVILLE POLICE DEPT,20210268819,Davidson,Nashville,5/14/2021 4:59:00 PM,2,1,0,36.137220,-86.797140,WEDGEWOOD AV,,,,56.00,Feet,West,18TH AVS,,,,0.00,N,Not at Intersection,N,Non-Junction,None,,,         ,Matthew,Hogan,Clear,Angle,no,no,no,no,no,Campus
102978687,METROPOLITAN NASHVILLE POLICE DEPT,20210268980,Davidson,Nashville,5/14/2021 4:22:00 PM,2,0,0,36.090070,-86.650580,MURFREESBORO PKE,,,,357.00,Feet,South,BOROWOOD DR,,,,0.00,N,Not at Intersection, ,Non-Junction,None,,,         ,Laura,Williams,Clear,"Sideswipe, Same Direction",no,no,no,no,no,False
102978697,METROPOLITAN NASHVILLE POLICE DEPT,20210268893,Davidson,Not in City Limit,5/14/2021 5:33:00 PM,2,0,0,36.264050,-86.735940,I65 N EXT RAMP,,,,119.00,Feet,West,OLD HICKORY BLVDW,,,,0.00,N,Not at Intersection, ,,None,,,         ,Christopher,Littles,,,no,no,no,no,no,False
102978699,METROPOLITAN NASHVILLE POLICE DEPT,20210269030,Davidson,Goodlettsville,5/14/2021 6:32:00 PM,2,0,0,36.303230,-86.692240,CONFERENCE DR,,,,208.00,Feet,North,GALLATIN PKEN,,,,0.00,N,Not at Intersection,N,Non-Junction,None,,,         ,Christopher,Littles,Clear,Front to Rear,no,no,no,no,no,False
102978701,METROPOLITAN NASHVILLE POLICE DEPT,20210269005,Davidson,Nashville,5/14/2021 5:59:00 PM,2,0,0,36.031410,-86.639730,I 24,,,,0.00,,,,,,,60.90,N,Not at Intersection, ,Non-Junction,None,,,         ,Beri,Scott,Clear,"Sideswipe, Same Direction",no,no,no,no,no,False
102978713,METROPOLITAN NASHVILLE POLICE DEPT,20210269103,Davidson,Nashville,5/14/2021 5:55:00 PM,2,0,0,36.171460,-86.802840,I 40,,,,0.00,,,,,,,207.70,N,Not at Intersection, ,Non-Junction,None,,,         ,Zachary,Plese,Clear,"Sideswipe, Same Direction",no,no,no,no,no,False
102978721,THP District 3 - Nashville,321031324,Davidson,Nashville,5/12/2021 4:49:00 PM,2,0,0,36.167270,-86.795600,I 40,,,,0.00,,,,,,,208.25,N,Not at Intersection, ,,None,,,         ,Devin,Bargatze,,,no,no,no,no,no,False
102978733,METROPOLITAN NASHVILLE POLICE DEPT,20210269049,Davidson,Nashville,5/14/2021 12:00:00 AM,2,0,0,36.139220,-86.778390,8TH AVS,,,,0.00,,,HAMILTON AV,,,,0.00,Y,T-Intersection, ,Intersection,None,,,         ,Wyatt,Blacker,Clear,Front to Rear,no,no,no,no,no,False
102978734,METROPOLITAN NASHVILLE POLICE DEPT,20210268823,Davidson,Not in City Limit,5/14/2021 5:00:00 PM,2,0,0,36.078080,-86.989600,I 40,,,,0.00,,,,,,,194.20,N,Not at Intersection,N,Non-Junction,None,,,         ,Andrew,McCarron,Clear,"Sideswipe, Same Direction",no,no,no,no,no,False
102978753,METROPOLITAN NASHVILLE POLICE DEPT,20210269043,Davidson,Not in City Limit,5/14/2021 12:00:00 AM,2,2,0,36.263750,-86.687130,ARCHWOOD DR,,,,20.00,Feet,South,STATE RT 45,,,,0.00,N,Not at Intersection,N,Crossover-Related,None,,,         ,Amanda,Topping,Clear,Angle,no,no,no,no,no,False
102978757,METROPOLITAN NASHVILLE POLICE DEPT,20210269133,Davidson,Nashville,5/14/2021 7:12:00 PM,3,0,0,36.112780,-86.688740,MURFREESBORO PKE,,,,89.00,Feet,East,MCGAVOCK PKE,,,,0.00,N,Not at Intersection,N,Non-Junction,None,,,         ,Cressie,Prill,Clear,Front to Rear,no,no,no,no,yes,False
102978765,METROPOLITAN NASHVILLE POLICE DEPT,20210268732,Davidson,Nashville,5/14/2021 7:15:00 PM,2,0,0,36.184920,-86.863690,BRILEY PKWYN,,,,165.00,Feet,South,BRILEY PKWY N EXT RAMP,,,,0.00,N,Not at Intersection,N,Non-Junction,None,,,         ,Scarlett,Collins,Clear,"Sideswipe, Same Direction",no,no,no,no,no,False
102978790,METROPOLITAN NASHVILLE POLICE DEPT,20210268924,Davidson,Nashville,5/14/2021 5:22:00 PM,3,1,0,36.221870,-86.726240,GALLATIN PKE,,,,287.00,Feet,North,MCALPINE AV,,,,0.00,N,Not at Intersection,N,Non-Junction,None,,,         ,Zachary,Aldrich,Clear,Front to Rear,no,no,no,no,no,False
102978791,GOODLETTSVILLE POLICE DEPT,21-12846,Davidson,Goodlettsville,5/14/2021 12:00:00 AM,1,0,0,36.293560,-86.736150,SOLITUDE CIR,,,,352.00,Feet,West,SOLITUDE CIRE,,,,0.00,N,Not at Intersection,N,Non-Junction,None,,,         ,Nicholas,Given,Clear,Not Collision with Motor Vehicle in Transport,no,no,no,no,yes,False
102978793,METROPOLITAN NASHVILLE POLICE DEPT,20210269179,Davidson,Nashville,5/14/2021 7:54:00 PM,2,0,0,36.229390,-86.824010,BUENA VISTA PIKE,,,,404.00,Feet,North,BUENAVIEW BLVD,,,,0.00,N,Not at Intersection,N,"Driveway, Alley Access, etc",None,,,         ,Gabriel,Centeno,Clear,"Sideswipe, Same Direction",no,no,no,no,no,False
102978798,METROPOLITAN NASHVILLE POLICE DEPT,20210269219,Davidson,Not in City Limit,5/14/2021 8:19:00 PM,2,3,0,36.264260,-86.736130,I65 N EXT RAMP,,,,0.00,,,I 65,,,,0.00,Y,T-Intersection,N,Intersection,None,,,         ,Christopher,Littles,Clear,Angle,no,no,no,no,no,False
102978818,METROPOLITAN NASHVILLE POLICE DEPT,20210269312,Davidson,Nashville,5/14/2021 9:15:00 PM,1,1,0,36.157700,-86.778480,6TH AVS,,,,61.00,Feet,South,DEMONBREUN ST,,,,0.00,N,Not at Intersection,N,Non-Junction,None,,,         ,Michael,Foster,Clear,Not Collision with Motor Vehicle in Transport,no,no,no,no,no,False
102978843,METROPOLITAN NASHVILLE POLICE DEPT,20210267890,Davidson,Nashville,5/14/2021 6:35:00 AM,2,0,0,36.134280,-86.779090,WEDGEWOOD AV,,,,0.00,,,8TH AVS,,,,0.00,Y,Four-Way, ,Non-Junction,None,,,         ,John,Frazier,Clear,Other,no,no,no,no,no,False
102978854,METROPOLITAN NASHVILLE POLICE DEPT,20210269359,Davidson,Nashville,5/14/2021 9:28:00 PM,2,1,0,36.083900,-86.706690,HARDING PL,,,,253.00,Feet,West,LINBAR DR,,,,0.00,N,Not at Intersection,N,Non-Junction,None,,,         ,Keith,Parlato,Clear,Front to Rear,no,no,no,no,yes,False
102978858,METROPOLITAN NASHVILLE POLICE DEPT,20210269333,Davidson,Nashville,5/14/2021 4:00:00 PM,3,0,0,36.152730,-86.827800,CHARLOTTE AV,,,,0.00,,,36TH AVN,,,,0.00,Y,T-Intersection,N,Intersection-Related,None,,,         ,Kyle,Lund,Clear,Front to Rear,no,no,no,no,yes,False
102978873,METROPOLITAN NASHVILLE POLICE DEPT,20210268993,Davidson,Nashville,5/14/2021 6:14:00 PM,2,0,0,36.140750,-86.726870,I 40,,,,0.00,,,,,,,213.30,N,Not at Intersection, ,Non-Junction,None,,,         ,Jason,Kedzierski,,Front to Rear,no,no,no,no,no,False
102978879,METROPOLITAN NASHVILLE POLICE DEPT,20210269360,Davidson,Nashville,5/14/2021 12:00:00 AM,2,1,0,36.250230,-86.713330,E WEBSTER ST,,,,388.00,Feet,North,E PALESTINE AV,,,,0.00,N,Not at Intersection,N,"Driveway, Alley Access, etc",None,,,         ,Amanda,Topping,Clear,Angle,no,no,no,no,no,False
102978888,METROPOLITAN NASHVILLE POLICE DEPT,20210269178,Davidson,Nashville,5/14/2021 7:54:00 PM,1,0,0,36.162050,-86.776300,3RD AVN,,,,210.00,Feet,North,DOWNTOWN GRNWY,,,,0.00,N,Not at Intersection,N,Non-Junction,None,,,         ,Joel,Cottrill,Clear,Not Collision with Motor Vehicle in Transport,no,no,no,no,no,False
102978896,METROPOLITAN NASHVILLE POLICE DEPT,20210268996,Davidson,Nashville,5/14/2021 5:00:00 PM,2,0,0,36.142970,-86.736390,I 40,,,,0.00,,,,,,,212.70,N,Not at Intersection, ,Non-Junction,None,,,         ,Graham,Binkley,Clear,"Sideswipe, Same Direction",no,no,no,no,no,False
102978924,METROPOLITAN NASHVILLE POLICE DEPT,20210269484,Davidson,Nashville,5/14/2021 12:00:00 AM,2,1,0,36.174640,-86.801570,12TH AVN,,,,1.00,Feet,West,HEIMAN ST,,,,0.00,N,Not at Intersection,N,Non-Junction,None,,,         ,Jacob,Ross,Clear,HeadOn,no,no,no,no,yes,False
102978963,METROPOLITAN NASHVILLE POLICE DEPT,20210269571,Davidson,Antioch,5/14/2021 11:45:00 PM,1,1,0,36.038060,-86.592340,MAXWELL RD,,,,1340.00,Feet,West,ROUND ROCK DR,,,,0.00,N,Not at Intersection,Y,Non-Junction,None,,,         ,Jonathan,Watch,Clear,Not Collision with Motor Vehicle in Transport,no,no,no,no,no,False
102978971,METROPOLITAN NASHVILLE POLICE DEPT,20210269660,Davidson,Nashville,5/15/2021 12:50:00 AM,2,0,0,36.178140,-86.751650,S 10TH ST,,,,6.00,Feet,South,MAIN ST,,,,0.00,N,Not at Intersection, ,Non-Junction,None,,,         ,Devyn,Hollinsworth,Clear,Front to Rear,no,no,no,no,yes,False
102978976,METROPOLITAN NASHVILLE POLICE DEPT,20210269654,Davidson,Nashville,5/15/2021 12:48:00 AM,2,1,0,36.198980,-86.608520,ANDREW JACKSON PKWY,,,,393.00,Feet,South,RACHEL DONELSON PASS,,,,0.00,N,Not at Intersection,N,Non-Junction,None,,,         ,Torry,Hill,Clear,"Sideswipe, Same Direction",no,no,no,no,no,False
102978977,METROPOLITAN NASHVILLE POLICE DEPT,2021-0269443,Davidson,Nashville,5/14/2021 10:41:00 PM,2,3,0,36.152340,-86.690400,ELM HILL PKE,,,,0.00,,,ELM HILL PKE EB EXT RAMP,,,,0.00,Y,Four-Way,N,Intersection,None,,,         ,Joshua,McGarvey,Clear,HeadOn,no,no,no,no,no,False
102978980,METROPOLITAN NASHVILLE POLICE DEPT,20210269386,Davidson,Nashville,5/14/2021 9:47:00 PM,2,1,0,36.256190,-86.714390,NEELYS BEND RD,,,,0.00,,,GALLATIN PKES,,,,0.00,Y,Four-Way,N,Intersection,None,,,         ,Philip,Claibourne,Clear,Angle,no,no,no,no,no,False
102978982,METROPOLITAN NASHVILLE POLICE DEPT,2021-0269679,Davidson,Nashville,5/14/2021 9:29:00 PM,2,0,0,36.160970,-86.781410,COMMERCE ST,,,,129.00,Feet,East,7TH AVN,,,,0.00,N,Not at Intersection, ,Non-Junction,None,,,         ,Steven,Wiser,Clear,Angle,no,no,no,no,no,False
102978985,METROPOLITAN NASHVILLE POLICE DEPT,20210269803,Davidson,Nashville,5/15/2021 2:30:00 AM,2,0,0,36.189140,-86.593260,OLD LEBANON DIRT RD,,,,0.00,,,TULIP GROVE RD,,,,0.00,Y,Four-Way,N,Intersection,None,,,         ,Torry,Hill,Clear,Angle,no,no,no,no,no,False
102978992,METROPOLITAN NASHVILLE POLICE DEPT,20210269636,Davidson,Nashville,5/15/2021 12:36:00 AM,1,3,0,36.031130,-86.699960,BARNES RD,,,,48.00,Feet,West,LUNDSTILL PROPERTY PVTDR,,,,0.00,N,Not at Intersection,N,Non-Junction,None,,,         ,Lisa,Beck,Clear,Not Collision with Motor Vehicle in Transport,no,no,no,no,no,False
102978994,METROPOLITAN NASHVILLE POLICE DEPT,20210269830,Davidson,Nashville,5/15/2021 2:51:00 AM,2,0,0,36.237140,-86.759290,I 65,,,,0.00,,,,,,,89.85,N,Not at Intersection, ,Non-Junction,None,,,         ,Spencer,Arroyo,Clear,Front to Rear,no,no,no,no,yes,False
102978995,METROPOLITAN NASHVILLE POLICE DEPT,20210269846,Davidson,Nashville,5/15/2021 3:10:00 AM,2,0,0,36.206080,-86.771100,W TRINITY LN,,,,0.00,Feet,,LUCAS LN,,,,0.00,Y,T-Intersection, ,Intersection,None,,,         ,Matthew,Jankiewicz,Clear,Angle,no,no,no,no,no,False