master_record_number,agency,agency_tracking_number,county,city,collision_date,vehicles_involved,number_injured,number_dead,latitude,longitude,roadway_name,roadway_suffix,roadway_number,roadway_local_id,distance_from_reference,miles-feet_indicator,direction_from_reference,intersection_road_name,intersection_road_name_suffix,intersection_road_number,intersection_local_id,mile_marker,intersection_indicator,intersect_type,interchange_related_indicator,relation_to_junction,work_zone_type,construction_maintenance_zone,construction_maintenance_zone_location,fatal_case_number,officer_first_name,officer_last_name,weather_condition(s),manner_of_crash,pedestrian,bicycle,scooter,parking,hitrun,mou
102981657,METROPOLITAN NASHVILLE POLICE DEPT,20210275422,Davidson,Nashville,5/18/2021 10:05:00 AM,2,0,0,36.086670,-86.691630,ANTIOCH PKE,,,,326.00,Feet,South,HARDING PL,,,,0.00,N,Not at Intersection, ,Non-Junction,None,,,         ,Joe,Hooper,Cloudy,"Sideswipe, Same Direction",no,no,no,no,no,False
102981658,METROPOLITAN NASHVILLE POLICE DEPT,20210275260,Davidson,Nashville,5/18/2021 8:30:00 AM,1,1,0,36.171830,-86.769870,INTERSTATE DR,,,,0.00,,,,,,,0.00,,,N,Non-Junction,None,,,         ,Wesley,Young,Cloudy,Not Collision with Motor Vehicle in Transport,yes,no,no,no,no,False
102981660,METROPOLITAN NASHVILLE POLICE DEPT,20210275390,Davidson,Nashville,5/18/2021 9:51:00 AM,1,1,0,36.147920,-86.806470,WEST END AV,,,,0.00,,,24TH AVS,,,,0.00,Y,Four-Way,N,Intersection,None,,,         ,Earl,Davis,Cloudy,Not Collision with Motor Vehicle in Transport,yes,no,no,no,no,Campus
102981668,METROPOLITAN NASHVILLE POLICE DEPT,20210272413,Davidson,Nashville,5/16/2021 7:40:00 PM,2,1,0,36.117430,-86.699220,MURFREESBORO PKE,,,,0.00,Feet,,BRILEY PKWY N ENT RAMP,,,,0.00,Y,Four-Way,N,Intersection,None,,,         ,Cory,West,Clear,Angle,no,no,no,no,no,False
102981671,METROPOLITAN NASHVILLE POLICE DEPT,20210275377,Davidson,Not in City Limit,5/18/2021 12:00:00 AM,2,0,0,36.088420,-86.934420,MEADOW LANE DR,,,,6.00,Feet,North,HOLT VALLEY RD,,,,0.00,N,Not at Intersection, ,Non-Junction,None,,,         ,Curtis,Rich,Unknown,Angle,no,no,no,no,yes,False
102981685,METROPOLITAN NASHVILLE POLICE DEPT,20210275458,Davidson,Nashville,5/18/2021 10:23:00 AM,2,0,0,36.167890,-86.777960,JAMES ROBERTSON PKWY,,,,0.00,,,PUBLIC SQ,,,,0.00,Y,T-Intersection, ,,None,,,         ,Michael,Douglas,,,no,no,no,no,no,False
102981692,METROPOLITAN NASHVILLE POLICE DEPT,20210275424,Davidson,Nashville,5/18/2021 10:15:00 AM,2,0,0,36.234410,-86.721360,BRILEY PKWYW,,,,0.00,,,BRILEY PKWY W EXT RAMP,,,,0.00,Y,OTHER,N,Non-Junction,None,,,         ,Eric,Richardson,Clear,Front to Rear,no,no,no,no,no,False
102981695,METROPOLITAN NASHVILLE POLICE DEPT,20210275556,Davidson,Antioch,5/18/2021 11:22:00 AM,2,0,0,36.052970,-86.597060,LAKEWALK DR,,,,388.00,Feet,East,MARITIME PORT,,,,0.00,N,Not at Intersection,N,Non-Junction,None,,,         ,Joe,Hooper,Cloudy,"Sideswipe, Same Direction",no,no,no,no,yes,False
102981704,METROPOLITAN NASHVILLE POLICE DEPT,20210275494,Davidson,Not in City Limit,5/18/2021 10:45:00 AM,1,0,0,36.335400,-86.782600,LUSTER RD,,,,514.00,Feet,South,UNION HILL RD,,,,0.00,N,Not at Intersection,N,"Driveway, Alley Access, etc",None,,,         ,Ricki,Armstrong,Clear,Not Collision with Motor Vehicle in Transport,no,no,no,no,no,False
102981706,METROPOLITAN NASHVILLE POLICE DEPT,20210275559,Davidson,Nashville,5/18/2021 11:45:00 AM,2,0,0,36.156050,-86.877610,WESTBORO DR,,,,105.00,Feet,North,FREEDOM DR,,,,0.00,N,Not at Intersection, ,Non-Junction,None,,,         ,George,Spencer,Cloudy,Angle,no,no,no,no,no,False
102981711,GOODLETTSVILLE POLICE DEPT,21-13178,Davidson,Goodlettsville,5/18/2021 9:54:00 AM,4,0,0,36.297700,-86.713880,I 65,,,,0.00,,,,,,,95.00,N,Not at Intersection,N,Non-Junction,None,,,         ,Rico,Jones,Cloudy,"Sideswipe, Same Direction",no,no,no,no,no,False
102981713,METROPOLITAN NASHVILLE POLICE DEPT,20210275501,Davidson,Nashville,5/18/2021 10:52:00 AM,2,0,0,36.040010,-86.781270,I65 N EXT RAMP,,,,0.00,Feet,East,I 65,,,,0.00,N,Not at Intersection, ,Entrance/Exit Ramp Related,None,,,         ,Justin,mathias,Cloudy,Front to Rear,no,no,no,no,no,False
102981715,METROPOLITAN NASHVILLE POLICE DEPT,20210275593,Davidson,Nashville,5/18/2021 11:33:00 AM,2,0,0,36.150120,-86.857310,ORLANDO AV,,,,64.00,Feet,South,CHARLOTTE PKE,,,,0.00,N,Not at Intersection, ,Non-Junction,None,,,         ,Curtis,Rich,Cloudy,Angle,no,no,no,no,no,False
102981725,METROPOLITAN NASHVILLE POLICE DEPT,20210275614,Davidson,Nashville,5/18/2021 12:00:00 PM,2,0,0,36.087980,-86.692640,ANTIOCH PKE,,,,237.00,Feet,North,HARDING PL,,,,0.00,N,Not at Intersection, ,Non-Junction,None,,,         ,Charles,Wakefield,Clear,"Sideswipe, Opposite Direction",no,no,no,no,no,False
102981729,METROPOLITAN NASHVILLE POLICE DEPT,20210275668,Davidson,Antioch,5/18/2021 12:26:00 PM,2,0,0,36.015140,-86.620280,OLD HICKORY BLVD,,,,0.00,,,I24 W EXT RAMP,,,,0.00,Y,T-Intersection, ,Intersection,None,,,         ,Joe,Hooper,Cloudy,Angle,no,no,no,no,no,False
102981737,METROPOLITAN NASHVILLE POLICE DEPT,20210275563,Davidson,Nashville,5/18/2021 10:51:00 AM,2,1,0,36.209890,-86.776050,I 65,,,,0.00,,,,,,,87.60,N,Not at Intersection,N,Non-Junction,None,,,         ,William,Coy,Cloudy,Front to Rear,no,no,no,no,no,False
102981743,METROPOLITAN NASHVILLE POLICE DEPT,20210275611,Davidson,Nashville,5/18/2021 11:47:00 AM,2,1,0,36.080640,-86.726660,NOLENSVILLE PKE,,,,375.00,Feet,North,HARDING PL,,,,0.00,N,Not at Intersection,N,Non-Junction,None,,,         ,Earl,Davis,Cloudy,Angle,no,no,no,no,no,False
102981746,METROPOLITAN NASHVILLE POLICE DEPT,20210275682,Davidson,Nashville,5/18/2021 12:20:00 PM,2,0,0,36.250170,-86.718870,GALLATIN PKES,,,,254.00,Feet,South,MOVING CENTER CT,,,,0.00,N,Not at Intersection,N,Non-Junction,None,,,         ,Brian,Otto,Clear,Angle,no,no,no,no,no,False
102981759,METROPOLITAN NASHVILLE POLICE DEPT,20210275686,Davidson,Nashville,5/18/2021 12:40:00 PM,2,1,0,36.062340,-86.904580,HIGHWAY 100,,,,15.00,Feet,East,OLD HICKORY BLVD,,,,0.00,N,Not at Intersection,N,Non-Junction,None,,,         ,Wesley,Tilley,Cloudy,Angle,no,no,no,no,no,False
102981760,METROPOLITAN NASHVILLE POLICE DEPT,20210275707,Davidson,Nashville,5/18/2021 12:00:00 AM,2,0,0,36.041350,-86.779730,FRANKLIN PIKE CIR,,,,526.00,Feet,North,OLD HICKORY BLVD,,,,0.00,N,Not at Intersection, ,OtherLocation,None,,,         ,Earl,Davis,Cloudy,Unknown,no,no,no,no,yes,False
102981779,METROPOLITAN NASHVILLE POLICE DEPT,20210275743,Davidson,Nashville,5/18/2021 12:45:00 PM,2,0,0,36.049980,-86.649500,MT VIEW RD,,,,0.00,,,BELL RD,,,,0.00,Y,Four-Way,Y,Intersection-Related,None,,,         ,Joe,Hooper,Cloudy,Front to Rear,no,no,no,no,yes,False
102981787,METROPOLITAN NASHVILLE POLICE DEPT,20210275717,Davidson,Nashville,5/18/2021 12:55:00 PM,2,1,0,36.142620,-86.857620,WHITE BRIDGE PKE,,,,246.00,Feet,South,CORBETT LN,,,,0.00,N,Not at Intersection,N,Non-Junction,None,,,         ,Curtis,Rich,Cloudy,Angle,no,no,no,no,no,False
102981791,METROPOLITAN NASHVILLE POLICE DEPT,20210275756,Davidson,Nashville,5/18/2021 1:27:00 PM,2,0,0,36.081280,-86.759070,HARDING PL,,,,219.00,Feet,West,TROUSDALE DR,,,,0.00,N,Not at Intersection, ,Non-Junction,None,,,         ,D’Mitri,Mackall,Clear,"Sideswipe, Same Direction",no,no,no,no,no,False
102981796,METROPOLITAN NASHVILLE POLICE DEPT,20210275698,Davidson,Nashville,5/18/2021 12:44:00 PM,2,1,0,36.185210,-86.760300,CLEVELAND ST,,,,0.00,,,ELLINGTON PKWY S EXT RAMP,,,,0.00,Y,Four-Way,Y,Intersection,None,,,         ,William,Clemons,Cloudy,Angle,no,no,no,no,no,False
102981800,METROPOLITAN NASHVILLE POLICE DEPT,20210275781,Davidson,Nashville,5/18/2021 1:32:00 PM,2,0,0,36.089210,-86.628100,NASHBORO BLVD,,,,194.00,Feet,West,FAIRWAY POINTE PVTDR,,,,0.00,N,Not at Intersection,N,Non-Junction,None,,,         ,Ryan,Sherry,Clear,Front to Rear,no,no,no,no,no,False
102981813,METROPOLITAN NASHVILLE POLICE DEPT,20210275816,Davidson,Nashville,5/18/2021 2:06:00 PM,2,2,0,36.044350,-86.661550,TARGET DR,,,,0.00,,,CANE RIDGE RD,,,,0.00,Y,T-Intersection,N,Intersection,None,,,         ,Joe,Hooper,Cloudy,Angle,no,no,no,no,no,False
102981820,METROPOLITAN NASHVILLE POLICE DEPT,20210275725,Davidson,Nashville,5/18/2021 1:11:00 PM,2,0,0,36.158410,-86.790610,GEORGE L DAVIS BLVD,,,,0.00,,,CHURCH ST,,,,0.00,Y,Four-Way, ,Intersection,None,,,         ,Russell,Freeman,Cloudy,Angle,no,no,no,no,no,False
102981835,METROPOLITAN NASHVILLE POLICE DEPT,20210275719,Davidson,Nashville,5/18/2021 1:04:00 PM,1,0,0,36.131450,-86.811260,BLAIR BLVD,,,,150.00,Feet,East,NATCHEZ TRC,,,,0.00,N,Not at Intersection,N,Non-Junction,None,,,         ,Earl,Davis,Cloudy,Not Collision with Motor Vehicle in Transport,no,no,no,no,no,False
102981864,METROPOLITAN NASHVILLE POLICE DEPT,20210275828,Davidson,Nashville,5/18/2021 2:05:00 PM,2,0,0,36.051910,-86.670110,I 24,,,,0.00,,,,,,,58.65,N,Not at Intersection,N,Non-Junction,None,,,         ,Christopher,Beery,Cloudy,Front to Rear,no,no,no,no,no,False
102981866,BERRY HILL POLICE DEPT,21-1397,Davidson,Berry Hill,5/11/2021 3:00:00 PM,2,0,0,36.116730,-86.767910,W IRIS DR,,,,0.00,,,AZALEA PL,,,,0.00,Y,T-Intersection, ,Intersection,None,,,         ,Steven,Henry Jr.,Clear,Angle,no,no,no,no,no,False
102981875,METROPOLITAN NASHVILLE POLICE DEPT,20210274147,Davidson,Nashville,5/17/2021 5:36:00 PM,1,1,0,36.158890,-86.782110,BROADWAY,,,,0.00,,,ROSA L PARKS BLVD,,,,0.00,Y,Four-Way,N,Intersection,None,,,         ,Michael,Douglas,Clear,Not Collision with Motor Vehicle in Transport,no,yes,no,no,no,False
102981922,METROPOLITAN NASHVILLE POLICE DEPT,20210276006,Davidson,Nashville,5/18/2021 3:43:00 PM,2,0,0,36.158170,-86.759900,I 24,,,,0.00,,,,,,,49.60,N,Not at Intersection, ,Non-Junction,None,,,         ,Kelsey,Hemminger,Clear,"Sideswipe, Same Direction",no,no,no,no,no,False
102981925,METROPOLITAN NASHVILLE POLICE DEPT,20210276034,Davidson,Nashville,5/18/2021 3:45:00 PM,2,0,0,36.163820,-86.762430,I 24,,,,0.00,,,,,,,49.20,N,Not at Intersection, ,Non-Junction,None,,,         ,Kevin,Clausius,Cloudy,Front to Rear,no,no,no,no,no,False
102981926,METROPOLITAN NASHVILLE POLICE DEPT,20210275934,Davidson,Nashville,5/18/2021 12:00:00 AM,1,0,0,36.211670,-86.748650,ELLINGTON PKWYN,,,,1242.00,Feet,South,ELLINGTON PKWYS,,,,0.00,N,Not at Intersection, ,Non-Junction,None,,,         ,Maccio,Hightower,Clear,Not Collision with Motor Vehicle in Transport,no,no,no,no,no,False
102981937,METROPOLITAN NASHVILLE POLICE DEPT,20210275958,Davidson,Nashville,5/18/2021 2:45:00 PM,2,0,0,36.124730,-86.789580,GILMORE AV,,,,0.00,,,12TH AVS,,,,0.00,Y,T-Intersection,N,Intersection,Construction Zone,Work On Shoulder Or Median,Activity Area,         ,William,Hamblen,Cloudy,Angle,no,no,no,no,no,False
102981962,METROPOLITAN NASHVILLE POLICE DEPT,20210276075,Davidson,Nashville,5/18/2021 4:09:00 PM,2,0,0,36.118570,-86.726310,I 24,,,,0.00,,,,,,,53.00,N,Not at Intersection,N,Non-Junction,None,,,         ,Robert,Higgins,Clear,"Sideswipe, Same Direction",no,no,no,no,yes,False
102981966,METROPOLITAN NASHVILLE POLICE DEPT,20210276133,Davidson,Nashville,5/18/2021 4:00:00 PM,2,0,0,36.176590,-86.796140,9TH AVN,,,,150.00,Feet,East,CHEATHAM PL,,,,0.00,N,Not at Intersection, ,,None,,,         ,Eric,McCoy,,,no,no,no,yes,no,False
102981967,METROPOLITAN NASHVILLE POLICE DEPT,20210276116,Davidson,Not in City Limit,5/18/2021 4:46:00 PM,1,1,0,36.074830,-86.978280,I 40,,,,0.00,,,,,,,194.95,N,Not at Intersection,N,Non-Junction,None,,,         ,Gregory,Rdzok,Clear,Not Collision with Motor Vehicle in Transport,no,no,no,no,no,False
102981971,METROPOLITAN NASHVILLE POLICE DEPT,20210276015,Davidson,Nashville,5/18/2021 3:47:00 PM,1,0,0,36.188020,-86.686210,TWO RIVERS PKWY,,,,136.00,Feet,North,STONES RIVER GRNWY,,,,0.00,N,Not at Intersection,N,Non-Junction,None,,,         ,Douglas,Mann,Clear,Not Collision with Motor Vehicle in Transport,no,no,no,no,no,False
102981972,METROPOLITAN NASHVILLE POLICE DEPT,20210276049,Davidson,Antioch,5/18/2021 4:06:00 PM,4,0,0,36.017110,-86.623780,I 24,,,,0.00,,,,,,,62.30,N,Not at Intersection,N,Non-Junction,None,,,         ,Brandon,Simpkins,Cloudy,Angle,no,no,no,no,no,False
102981977,METROPOLITAN NASHVILLE POLICE DEPT,20210273587,Davidson,Nashville,5/17/2021 11:35:00 AM,2,0,0,36.108390,-86.765800,POWELL AV,,,,200.00,Feet,North,POWELL PL,,,,0.00,N,Not at Intersection, ,OtherLocation,None,,,         ,Earl,Davis,Clear,Unknown,no,no,no,no,no,False
102981978,METROPOLITAN NASHVILLE POLICE DEPT,20210276070,Davidson,Nashville,5/18/2021 4:15:00 PM,2,1,0,36.205700,-86.777990,BRICK CHURCH PKE,,,,0.00,,,I65 S ENT RAMP,,,,0.00,Y,OTHER,Y,Intersection,None,,,         ,Chase,Harriman,Clear,Angle,no,no,no,no,no,False
102981981,METROPOLITAN NASHVILLE POLICE DEPT,20210276078,Davidson,Nashville,5/18/2021 4:23:00 PM,2,1,0,36.152350,-86.769010,2ND AVS,,,,0.00,,,LINDSLEY AV,,,,0.00,Y,Four-Way,Y,Intersection,None,,,         ,Trevor,Taylor,,Angle,no,no,no,no,no,False
102981983,METROPOLITAN NASHVILLE POLICE DEPT,20210276163,Davidson,Goodlettsville,5/18/2021 5:10:00 PM,2,1,0,36.292550,-86.695100,MYATT DR,,,,615.00,Feet,South,SPRING BRANCH DR,,,,0.00,N,Not at Intersection,N,Non-Junction,None,,,         ,Christopher,Littles,Cloudy,Angle,no,no,no,no,no,False
102981984,METROPOLITAN NASHVILLE POLICE DEPT,20210276138,Davidson,Nashville,5/18/2021 4:40:00 PM,2,1,0,36.154370,-86.759780,I 40,,,,0.00,,,,,,,211.00,N,Not at Intersection,N,Non-Junction,None,,,         ,Reagan,Heath,Clear,"Sideswipe, Same Direction",no,no,no,no,no,False
102981987,METROPOLITAN NASHVILLE POLICE DEPT,20210276076,Davidson,Nashville,5/18/2021 12:00:00 AM,1,0,0,36.228120,-86.625100,OLD HICKORY BLVD,,,,0.00,Feet,East,CLEVELAND HALL BLVD,,,,0.00,N,Not at Intersection, ,Non-Junction,None,,,         ,Keenan,McCann,Cloudy,Not Collision with Motor Vehicle in Transport,no,no,no,no,no,False
102981990,METROPOLITAN NASHVILLE POLICE DEPT,20210276060,Davidson,Nashville,5/18/2021 4:07:00 PM,2,0,0,36.135930,-86.788770,12TH AVS,,,,88.00,Feet,South,WEDGEWOOD AV,,,,0.00,N,Not at Intersection, ,Non-Junction,None,,,         ,Matthew,Hogan,Clear,Front to Rear,no,no,no,no,no,False
102981998,METROPOLITAN NASHVILLE POLICE DEPT,20210276270,Davidson,Nashville,5/18/2021 6:15:00 PM,2,0,0,36.154090,-86.757670,I 40,,,,0.00,,,,,,,211.10,N,Not at Intersection,N,Non-Junction,None,,,         ,Jason,Milyaro Lucas,Clear,Front to Rear,no,no,no,no,yes,False
102982006,METROPOLITAN NASHVILLE POLICE DEPT,20210276208,Davidson,Nashville,5/18/2021 5:20:00 PM,2,0,0,36.142132,-86.775787,FORT NEGLEY,CT,,700,1.00,Feet,North,,,,,700.00,N,Not at Intersection, ,Non-Junction,None,,,         ,William,Hamblen,Cloudy,Front to Rear,no,no,no,no,no,False
102982007,METROPOLITAN NASHVILLE POLICE DEPT,20210276276,Davidson,Nashville,5/18/2021 5:00:00 PM,2,1,0,36.140550,-86.737470,MURFREESBORO PKE,,,,100.00,Feet,East,MENZLER RD,,,,0.00,N,Not at Intersection,N,Non-Junction,None,,,         ,Reagan,Heath,Clear,Angle,no,no,no,no,no,False
102982013,METROPOLITAN NASHVILLE POLICE DEPT,20210276206,Davidson,Nashville,5/18/2021 5:32:00 PM,3,1,0,36.163530,-86.762370,I 24,,,,0.00,,,,,,,49.20,N,Not at Intersection,N,Non-Junction,None,,,         ,Joel,Cottrill,Cloudy,Front to Rear,no,no,no,no,yes,False
102982031,METROPOLITAN NASHVILLE POLICE DEPT,20210276314,Davidson,Not in City Limit,5/18/2021 6:43:00 PM,2,0,0,36.274300,-86.763900,OLD HICKORY BLVD,,,,350.00,Feet,South,LAWING DR,,,,0.00,N,Not at Intersection,N,Non-Junction,None,,,         ,Christopher,Littles,Cloudy,Front to Rear,no,no,no,no,yes,False
102982035,METROPOLITAN NASHVILLE POLICE DEPT,20210276046,Davidson,Nashville,5/18/2021 3:29:00 PM,2,0,0,36.113050,-86.800030,WOODMONT BLVD,,,,0.00,,,BELMONT BLVD,,,,0.00,Y,Four-Way, ,,None,,,         ,Dylan,Motes,,,no,no,no,no,no,False
102982041,METROPOLITAN NASHVILLE POLICE DEPT,20210276326,Davidson,Nashville,5/18/2021 5:25:00 PM,2,0,0,36.044730,-86.744000,EDMONDSON PKE,,,,176.00,Feet,South,BRIGHTON VILLAGE DR,,,,0.00,N,Not at Intersection, ,,None,,,         ,David,Rehm,,,no,no,no,no,no,False
102982042,METROPOLITAN NASHVILLE POLICE DEPT,20210276288,Davidson,Nashville,5/18/2021 6:20:00 PM,3,0,0,36.180590,-86.796350,GARFIELD ST,,,,0.00,Feet,,ROSA L PARKS BLVD,,,,0.00,Y,Four-Way,Y,Intersection,None,,,         ,Eric,McCoy,Clear,Angle,no,no,no,no,no,False
102982052,METROPOLITAN NASHVILLE POLICE DEPT,20210276384,Davidson,Nashville,5/18/2021 7:39:00 PM,2,0,0,36.187930,-86.821460,CLARKSVILLE PKE,,,,39.00,Feet,East,ROSA L PARKS BLVD,,,,0.00,N,Not at Intersection, ,Non-Junction,None,,,         ,Alec,Pellissier,Cloudy,Front to Rear,no,no,no,no,no,False
102982065,METROPOLITAN NASHVILLE POLICE DEPT,20210276370,Davidson,Nashville,5/18/2021 5:33:00 PM,2,0,0,36.079370,-86.764690,I 65,,,,0.00,,,,,,,77.60,N,Not at Intersection, ,Entrance/Exit Ramp Related,None,,,         ,Steven,Powers,Clear,"Sideswipe, Same Direction",no,no,no,no,no,False
102982085,METROPOLITAN NASHVILLE POLICE DEPT,20210276320,Davidson,Nashville,5/18/2021 6:18:00 PM,2,0,0,36.125470,-86.742380,FOSTER AV,,,,31.00,Feet,North,GLENROSE AV,,,,0.00,N,Not at Intersection, ,Non-Junction,None,,,         ,Andrew,Brazee,Cloudy,"Sideswipe, Same Direction",no,no,no,no,no,False
102982086,METROPOLITAN NASHVILLE POLICE DEPT,20210276340,Davidson,Nashville,5/18/2021 7:05:00 PM,2,0,0,36.150850,-86.760740,CANNON ST,,,,28.00,Feet,East,CLAIBORNE ST,,,,0.00,N,Not at Intersection,N,Non-Junction,None,,,         ,Andrew,Brazee,Cloudy,"Sideswipe, Same Direction",no,no,no,no,no,False
102982105,METROPOLITAN NASHVILLE POLICE DEPT,20210276414,Davidson,Nashville,5/18/2021 5:40:00 PM,3,0,0,36.181590,-86.799740,I 65,,,,0.00,,,,,,,85.10,N,Not at Intersection,N,Non-Junction,None,,,         ,Jonathan,Sharp,Cloudy,Front to Rear,no,no,no,no,no,False
102982123,METROPOLITAN NASHVILLE POLICE DEPT,20210276252,Davidson,Nashville,5/18/2021 4:00:00 PM,2,0,0,36.079010,-86.643960,MURFREESBORO PKE,,,,256.00,Feet,East,EDGE O LAKE DR,,,,0.00,N,Not at Intersection, ,Non-Junction,None,,,         ,Steven,Bowler,Clear,Angle,no,no,no,no,no,False
102982125,METROPOLITAN NASHVILLE POLICE DEPT,20210276253,Davidson,Nashville,5/18/2021 3:12:00 PM,2,0,0,36.142360,-86.753150,LESTER AV,,,,186.00,Feet,North,TREVECCA UNIVERSITY PVTDR,,,,0.00,N,Not at Intersection,N,Non-Junction,None,,,         ,Timothy,Ward,Clear,Other,no,no,no,no,yes,False
102982139,METROPOLITAN NASHVILLE POLICE DEPT,20210276486,Davidson,Nashville,5/18/2021 6:52:00 PM,2,0,0,36.161170,-86.664270,DONELSON PKE,,,,279.00,Feet,North,WOODBERRY DR,,,,0.00,N,Not at Intersection, ,Non-Junction,None,,,         ,Joseph,Simon,Clear,Front to Rear,no,no,no,no,no,False
102982168,THP District 3 - Nashville,321032782,Davidson,Nashville,5/18/2021 7:40:00 PM,2,1,0,36.040010,-86.743470,OLD HICKORY BLVD,,,,0.00,,,EDMONDSON PKE,,,,0.00,Y,Four-Way,N,Intersection-Related,None,,,         ,Charles,Spires,Clear,Angle,no,no,no,no,no,False
102982171,METROPOLITAN NASHVILLE POLICE DEPT,20210276394,Davidson,Nashville,5/18/2021 12:00:00 AM,1,1,0,36.219580,-86.814210,ROWAN DR,,,,305.00,Feet,East,BONTEMPS DR,,,,0.00,N,Not at Intersection,N,Non-Junction,None,,,         ,Melvin,Taylor,,Not Collision with Motor Vehicle in Transport,no,no,no,no,no,False
102982172,METROPOLITAN NASHVILLE POLICE DEPT,20210276620,Davidson,Nashville,5/18/2021 10:56:00 PM,2,0,0,36.117430,-86.699220,MURFREESBORO PKE,,,,0.00,,,BRILEY PKWY N ENT RAMP,,,,0.00,Y,Four-Way,N,Intersection-Related,None,,,         ,Robert,Leverick,Clear,Front to Rear,no,no,no,no,no,False
102982175,METROPOLITAN NASHVILLE POLICE DEPT,20210276602,Davidson,Nashville,5/18/2021 10:20:00 PM,2,0,0,36.215150,-86.775240,I 65,,,,0.00,,,,,,,88.00,N,Not at Intersection,N,Non-Junction,Maintenance Zone,Laneclosure,Advanced Warning Area,         ,Kristopher,Sutton,Clear,Front to Rear,no,no,no,no,no,False
102982181,METROPOLITAN NASHVILLE POLICE DEPT,20210276627,Davidson,Nashville,5/18/2021 12:00:00 AM,1,0,0,36.222670,-86.805470,WHITES CREEK PKE,,,,239.00,Feet,South,LANE DR,,,,0.00,N,Not at Intersection,N,Non-Junction,None,,,         ,Thomas,Clingan,,Unknown,no,no,no,no,yes,False
102982184,METROPOLITAN NASHVILLE POLICE DEPT,20210276503,Davidson,Nashville,5/18/2021 8:43:00 PM,2,0,0,36.186860,-86.630930,CENTRAL PKE,,,,83.00,Feet,South,LEBANON PKE,,,,0.00,N,Not at Intersection,N,"Driveway, Alley Access, etc",None,,,         ,Destiny,Zunic,Clear,Angle,no,no,no,no,no,False
102982188,METROPOLITAN NASHVILLE POLICE DEPT,20210276657,Davidson,Nashville,5/18/2021 9:30:00 PM,2,0,0,36.095280,-86.737210,NOLENSVILLE PKE,,,,210.00,Feet,South,WHEELER AV,,,,0.00,N,Not at Intersection,N,Non-Junction,None,,,         ,David,Barras,Clear,Front to Rear,no,no,no,no,no,False
102982202,METROPOLITAN NASHVILLE POLICE DEPT,20210276699,Davidson,Nashville,5/19/2021 12:04:00 AM,2,0,0,36.195370,-86.773630,FERN AV,,,,82.00,Feet,West,ELMHURST AV,,,,0.00,N,Not at Intersection,N,Non-Junction,None,,,         ,Spencer,Arroyo,Clear,"Sideswipe, Opposite Direction",no,no,no,no,no,False
102982203,METROPOLITAN NASHVILLE POLICE DEPT,20210276797,Davidson,Nashville,5/19/2021 12:38:00 AM,1,0,0,36.143180,-86.626770,BELL RD,,,,433.00,Feet,South,LAKERIDGE RUN,,,,0.00,N,Not at Intersection,N,Non-Junction,None,,,         ,Randall,Ward,Clear,Not Collision with Motor Vehicle in Transport,no,no,no,no,yes,False
102982205,METROPOLITAN NASHVILLE POLICE DEPT,20210276691,Davidson,Nashville,5/19/2021 12:01:00 AM,2,0,0,36.095470,-86.737300,NOLENSVILLE PKE,,,,136.00,Feet,South,WHEELER AV,,,,0.00,N,Not at Intersection,N,Non-Junction,None,,,         ,Tony,Mingsing,Clear,Front to Rear,no,no,no,no,no,False
102982212,METROPOLITAN NASHVILLE POLICE DEPT,20210276682,Davidson,Nashville,5/18/2021 12:00:00 AM,1,1,0,36.234610,-86.815740,BRILEY PKWY W EXT RAMP,,,,0.00,,,WHITES CREEK PKE,,,,0.00,Y,Four-Way,N,Entrance/Exit Ramp Related,None,,,         ,Joseph,Gawlowski,Cloudy,Not Collision with Motor Vehicle in Transport,no,no,no,no,no,False
102982236,METROPOLITAN NASHVILLE POLICE DEPT,20210276883,Davidson,Nashville,5/19/2021 12:00:00 AM,1,0,0,36.088270,-86.731710,NOLENSVILLE PKE,,,,671.00,Feet,North,ELYSIAN FIELDS CT,,,,0.00,N,Not at Intersection,N,Non-Junction,None,,,         ,Clayton,Smith,Clear,Unknown,no,no,no,yes,yes,False
102982253,METROPOLITAN NASHVILLE POLICE DEPT,20210277005,Davidson,Nashville,5/19/2021 4:30:00 AM,2,0,0,36.033390,-86.641490,I 24,,,,0.00,,,,,,,60.70,N,Not at Intersection, ,Non-Junction,None,,,         ,Kevin,Breeding,Cloudy,Front to Rear,no,no,no,no,no,False
102982256,METROPOLITAN NASHVILLE POLICE DEPT,20210276837,Davidson,Nashville,5/19/2021 2:19:00 AM,1,1,0,36.073100,-86.637350,MURFREESBORO PKE,,,,564.00,Feet,North,BELL RD,,,,0.00,N,Not at Intersection,N,Non-Junction,None,,,         ,Andrew,Richey,,Not Collision with Motor Vehicle in Transport,no,no,no,no,no,False
102982272,METROPOLITAN NASHVILLE POLICE DEPT,20210273628,Davidson,Nashville,5/17/2021 12:15:00 PM,1,0,1,36.132690,-86.726750,I 24,,,,0.00,,,,,,,52.00,N,Not at Intersection,N,Non-Junction,None,,,         ,Donald,Davidson,Clear,Not Collision with Motor Vehicle in Transport,yes,no,no,no,no,False