master_record_number,agency,agency_tracking_number,county,city,collision_date,vehicles_involved,number_injured,number_dead,latitude,longitude,roadway_name,roadway_suffix,roadway_number,roadway_local_id,distance_from_reference,miles-feet_indicator,direction_from_reference,intersection_road_name,intersection_road_name_suffix,intersection_road_number,intersection_local_id,mile_marker,intersection_indicator,intersect_type,interchange_related_indicator,relation_to_junction,work_zone_type,construction_maintenance_zone,construction_maintenance_zone_location,fatal_case_number,officer_first_name,officer_last_name,weather_condition(s),manner_of_crash,pedestrian,bicycle,scooter,parking,hitrun,mou
102982274,METROPOLITAN NASHVILLE POLICE DEPT,20210277053,Davidson,Nashville,5/19/2021 6:00:00 AM,4,0,0,36.203190,-86.776840,I 65,,,,0.00,,,,,,,87.10,N,Not at Intersection,N,Non-Junction,None,,,         ,David,Crisman,Clear,Front to Rear,no,no,no,no,yes,False
102982277,METROPOLITAN NASHVILLE POLICE DEPT,20210277097,Davidson,Nashville,5/19/2021 6:49:00 AM,2,0,0,36.176410,-86.767660,SPRING ST,,,,67.00,Feet,West,SPRING ST ENT RAMP,,,,0.00,N,Not at Intersection,N,Non-Junction,None,,,         ,Burton,Beeson,Cloudy,Front to Rear,no,no,no,no,no,False
102982279,METROPOLITAN NASHVILLE POLICE DEPT,20210277087,Davidson,Nashville,5/19/2021 6:40:00 AM,1,0,0,36.230780,-86.741420,STANVID DR,,,,303.00,Feet,North,BROADMOOR DR,,,,0.00,N,Not at Intersection, ,Non-Junction,None,,,         ,Jerrod,Kalinsky,Cloudy,Not Collision with Motor Vehicle in Transport,no,no,no,no,no,False
102982311,METROPOLITAN NASHVILLE POLICE DEPT,20210277205,Davidson,Nashville,5/19/2021 8:00:00 AM,2,1,0,36.160620,-86.786040,10TH AVN,,,,0.00,,,CHURCH ST,,,,0.00,Y,T-Intersection,N,Intersection,None,,,         ,Wesley,Young,Cloudy,Front to Rear,no,no,no,no,yes,False
102982314,METROPOLITAN NASHVILLE POLICE DEPT,20210277262,Davidson,Nashville,5/19/2021 7:05:00 AM,2,0,0,36.241370,-86.736980,ELLINGTON PKWYS,,,,120.00,Feet,North,ELLINGTON PKWYN,,,,0.00,N,Not at Intersection, ,Non-Junction,None,,,         ,Dylan,Cetin,Clear,"Sideswipe, Same Direction",no,no,no,no,no,False
102982327,METROPOLITAN NASHVILLE POLICE DEPT,20210277317,Davidson,Nashville,5/19/2021 9:16:00 AM,1,0,0,36.141160,-86.761730,2ND AVS,,,,158.00,Feet,West,ANDREW T WHITMORE ST,,,,0.00,N,Not at Intersection,N,Non-Junction,None,,,         ,Joe,Hooper,Cloudy,Not Collision with Motor Vehicle in Transport,no,no,no,no,no,False
102982330,METROPOLITAN NASHVILLE POLICE DEPT,20210277290,Davidson,Nashville,5/19/2021 9:10:00 AM,2,0,0,36.176800,-86.784590,MADISON ST,,,,0.00,,,2ND AVN,,,,0.00,Y,Four-Way, ,Intersection,None,,,         ,Wesley,Young,Cloudy,"Sideswipe, Same Direction",no,no,no,no,no,False
102982331,METROPOLITAN NASHVILLE POLICE DEPT,20210277402,Davidson,Nashville,5/19/2021 9:54:00 AM,1,2,0,36.086490,-86.730950,ELYSIAN FIELDS RD,,,,256.00,Feet,West,ELYSIAN FIELDS CT,,,,0.00,N,Not at Intersection,N,Non-Junction,None,,,         ,Michael,Dance,Clear,Not Collision with Motor Vehicle in Transport,no,no,no,no,no,False
102982348,METROPOLITAN NASHVILLE POLICE DEPT,20210277401,Davidson,Nashville,5/19/2021 8:10:00 AM,1,0,0,36.169720,-86.774140,MAIN ST,,,,423.00,Feet,West,N 1ST ST,,,,0.00,N,Not at Intersection, ,"Driveway, Alley Access, etc",None,,,         ,James,Harben,Clear,Not Collision with Motor Vehicle in Transport,no,no,no,no,yes,False
102982351,METROPOLITAN NASHVILLE POLICE DEPT,20210277461,Davidson,Nashville,5/19/2021 10:28:00 AM,2,0,0,36.146750,-86.742900,I 40,,,,0.00,,,,,,,212.10,N,Not at Intersection, ,Non-Junction,None,,,         ,Michael,Dance,Clear,Front to Rear,no,no,no,no,no,False
102982356,METROPOLITAN NASHVILLE POLICE DEPT,20210277395,Davidson,Nashville,5/19/2021 9:45:00 AM,2,0,0,36.150150,-86.857950,CHARLOTTE PKE,,,,0.00,,,WHITE BRIDGE PKE,,,,0.00,Y,Four-Way,N,Intersection,None,,,         ,Douglas,Atwood,Cloudy,Angle,no,no,no,no,no,False
102982359,METROPOLITAN NASHVILLE POLICE DEPT,20210277460,Davidson,Antioch,5/19/2021 10:30:00 AM,2,1,0,36.042850,-86.606550,MURFREESBORO PKE,,,,0.00,,,HOBSON PKE,,,,0.00,Y,Four-Way,N,Intersection-Related,None,,,         ,Joe,Hooper,Cloudy,Front to Rear,no,no,no,no,no,False
102982373,METROPOLITAN NASHVILLE POLICE DEPT,20210277547,Davidson,Nashville,5/19/2021 11:18:00 AM,2,0,0,36.121730,-86.750680,I440 E EXT RAMP,,,,0.00,,,NOLENSVILLE PKE,,,,0.00,Y,T-Intersection, ,Entrance/Exit Ramp Related,None,,,         ,Earl,Davis,Cloudy,Front to Rear,no,no,no,no,no,False
102982385,METROPOLITAN NASHVILLE POLICE DEPT,20210277592,Davidson,Nashville,5/19/2021 9:40:00 AM,2,0,0,36.167540,-86.819300,JEFFERSON ST,,,,0.00,,,,,,,0.00,,,N,Non-Junction,None,,,         ,Jordan,Vrbas,Clear,Angle,no,no,no,yes,yes,False
102982419,METROPOLITAN NASHVILLE POLICE DEPT,20210277417,Davidson,Nashville,5/19/2021 10:00:00 AM,2,0,0,36.172930,-86.801120,I 40,,,,0.00,,,,,,,207.75,N,Not at Intersection,Y,Entrance/Exit Ramp Related,None,,,         ,James,Thornton,Cloudy,Other,no,no,no,no,yes,False
102982420,METROPOLITAN NASHVILLE POLICE DEPT,20210277645,Davidson,Nashville,5/19/2021 2:30:00 AM,2,0,0,36.107560,-86.743620,TIMMONS ST,,,,0.00,,,NOLENSVILLE PKE,,,,0.00,Y,Four-Way,N,Intersection,None,,,         ,Earl,Davis,Unknown,HeadOn,no,no,no,no,yes,False
102982425,METROPOLITAN NASHVILLE POLICE DEPT,20210277630,Davidson,Nashville,5/19/2021 12:03:00 PM,2,5,0,36.150630,-86.749450,I 40,,,,0.00,,,,,,,211.65,N,Not at Intersection,N,Non-Junction,None,,,         ,Michael,Dance,Clear,Front to Rear,no,no,no,no,no,False
102982476,VANDERBILT UNIVERSITY POLICE,210277605,Davidson,Nashville,5/19/2021 10:30:00 AM,2,0,0,36.139410,-86.802410,PIERCE AV,,,,0.00,,,,,,,0.00,,, ,Non-Junction,None,,,         ,Laresa,Gore,Cloudy,"Sideswipe, Opposite Direction",no,no,no,yes,yes,Campus
102982481,METROPOLITAN NASHVILLE POLICE DEPT,20210277700,Davidson,Nashville,5/19/2021 12:37:00 PM,2,0,0,36.044800,-86.662050,BELL RD,,,,155.00,Feet,West,CANE RIDGE RD,,,,0.00,N,Not at Intersection, ,Non-Junction,None,,,         ,Joe,Hooper,Clear,Angle,no,no,no,no,no,False
102982497,METROPOLITAN NASHVILLE POLICE DEPT,20210277698,Davidson,Nashville,5/19/2021 12:20:00 PM,2,1,0,36.146980,-86.666430,DONELSON PKE,,,,379.00,Feet,North,ROYAL PKWY,,,,0.00,N,Not at Intersection,N,Non-Junction,None,,,         ,Larry,Benz,Clear,Front to Rear,no,no,no,no,no,False
102982514,METROPOLITAN NASHVILLE POLICE DEPT,20210277733,Davidson,Nashville,5/19/2021 1:11:00 PM,2,1,0,36.243750,-86.760690,SKYLINE COMMONS PVTDR,,,,557.00,Feet,North,DOVERSIDE DR,,,,0.00,N,Not at Intersection,N,Non-Junction,None,,,         ,Joshua,Murray,Clear,Front to Rear,no,no,no,yes,yes,False
102982550,METROPOLITAN NASHVILLE POLICE DEPT,20210277807,Davidson,Nashville,5/19/2021 1:52:00 PM,2,0,0,36.044660,-86.659740,I24 E ENT RAMP,,,,0.00,Feet,East,BELL RD,,,,0.00,N,Not at Intersection, ,Entrance/Exit Ramp Related,None,,,         ,Joe,Hooper,Clear,Front to Rear,no,no,no,no,no,False
102982564,METROPOLITAN NASHVILLE POLICE DEPT,20210277707,Davidson,Nashville,5/19/2021 12:40:00 PM,2,0,0,36.168270,-86.796300,I 40,,,,0.00,,,,,,,208.15,N,Not at Intersection, ,Non-Junction,Work Zone,,,         ,Jean,McCormack,Cloudy,Angle,no,no,no,no,no,False
102982581,METROPOLITAN NASHVILLE POLICE DEPT,20210277794,Davidson,Nashville,5/19/2021 1:29:00 PM,2,1,0,36.241740,-86.723270,GALLATIN PKES,,,,1081.00,Feet,North,GALLATIN PKE,,,,0.00,N,Not at Intersection,N,Non-Junction,None,,,         ,Michael,Schlegel,Clear,Front to Rear,no,no,no,no,no,False
102982582,METROPOLITAN NASHVILLE POLICE DEPT,20210277791,Davidson,Whites Creek,5/19/2021 1:30:00 PM,2,0,0,36.273560,-86.817330,OLD HICKORY BLVD,,,,0.00,Feet,,LICKTON PKE,,,,0.00,,OTHER,N,Non-Junction,None,,,         ,Caesar,Harris,Clear,Rear to Side,no,no,no,yes,no,False
102982606,METROPOLITAN NASHVILLE POLICE DEPT,20210277800,Davidson,Nashville,5/19/2021 1:51:00 PM,2,2,0,36.156670,-86.780710,8TH AVS,,,,85.00,Feet,South,DEMONBREUN ST,,,,0.00,N,Not at Intersection,N,Non-Junction,None,,,         ,Russell,Freeman,Clear,Front to Rear,no,no,no,no,no,False
102982648,METROPOLITAN NASHVILLE POLICE DEPT,20210277809,Davidson,Nashville,5/19/2021 1:59:00 PM,2,0,0,36.157650,-86.773410,KOREAN VETERANS BLVD,,,,0.00,,,3RD AVS,,,,0.00,Y,Four-Way,N,Intersection,None,,,         ,Michael,Douglas,Clear,Angle,no,no,no,no,no,False
102982654,METROPOLITAN NASHVILLE POLICE DEPT,2021-0277856,Davidson,Nashville,5/19/2021 2:35:00 PM,2,0,0,36.171140,-86.798600,I 40,,,,0.00,,,,,,,207.90,N,Not at Intersection, ,Non-Junction,None,,,         ,Po,Cheng,Clear,Front to Rear,no,no,no,no,no,False
102982661,TENNESSEE STATE UNIVERSITY ,21-17633,Davidson,Nashville,5/19/2021 1:39:00 PM,2,0,0,36.173790,-86.822580,ED TEMPLE BLVD,,,,0.00,,,,,,,0.00,,Not at Intersection, ,,None,,,         ,James,Driscoll,,,no,no,no,yes,no,False
102982668,METROPOLITAN NASHVILLE POLICE DEPT,20210277932,Davidson,Nashville,5/19/2021 3:17:00 PM,2,1,0,36.150130,-86.771680,I 40,,,,0.00,,,,,,,210.30,N,Not at Intersection,N,Non-Junction,None,,,         ,Kaytlin,huyler,Clear,Front to Rear,no,no,no,no,no,False
102982669,METROPOLITAN NASHVILLE POLICE DEPT,20210278033,Davidson,Not in City Limit,5/19/2021 4:02:00 PM,2,0,0,36.277230,-86.799840,I 24,,,,0.00,,,,,,,40.50,N,Not at Intersection, ,Non-Junction,None,,,         ,Christopher,Littles,Clear,Front to Rear,no,no,no,no,no,False
102982688,METROPOLITAN NASHVILLE POLICE DEPT,20210277899,Davidson,Nashville,5/19/2021 3:03:00 PM,2,0,0,36.115910,-86.785480,I 440,,,,0.00,,,,,,,4.20,N,Not at Intersection, ,Non-Junction,None,,,         ,Dylan,Motes,Clear,Front to Rear,no,no,no,no,no,False
102982693,METROPOLITAN NASHVILLE POLICE DEPT,20210278001,Davidson,Nashville,5/19/2021 3:26:00 PM,2,2,0,36.142090,-86.711950,I 40,,,,0.00,,,,,,,214.10,N,Not at Intersection,N,Non-Junction,None,,,         ,Douglas,Mann,Clear,Front to Rear,no,no,no,no,no,False
102982694,METROPOLITAN NASHVILLE POLICE DEPT,20210278056,Davidson,Nashville,5/19/2021 4:09:00 PM,1,0,0,36.126070,-86.712250,EAST THOMPSON LN,,,,413.00,Feet,West,MURFREESBORO PKE,,,,0.00,N,Not at Intersection,N,Non-Junction,None,,,         ,Austin,Binner,Clear,Not Collision with Motor Vehicle in Transport,no,no,no,yes,yes,False
102982695,METROPOLITAN NASHVILLE POLICE DEPT,20210277862,Davidson,Nashville,5/19/2021 2:20:00 PM,3,1,0,36.162950,-86.793810,I40 E EXT RAMP,,,,0.00,Feet,East,I 40,,,,0.00,N,Not at Intersection,N,Entrance/Exit Ramp Related,None,,,         ,Hendrik,Kruger,Clear,Front to Rear,no,no,no,no,no,False
102982701,METROPOLITAN NASHVILLE POLICE DEPT,20210277951,Davidson,Nashville,5/19/2021 2:23:00 PM,2,0,0,36.161410,-86.774860,2ND AVS,,,,200.00,Feet,South,BROADWAY,,,,0.00,N,Not at Intersection, ,Non-Junction,None,,,         ,Joshua,Reece,Clear,Angle,no,no,no,no,no,False
102982716,METROPOLITAN NASHVILLE POLICE DEPT,20210278095,Davidson,Nashville,5/19/2021 4:36:00 PM,3,0,0,36.094380,-86.706580,I 24,,,,0.00,,,,,,,55.00,N,Not at Intersection, ,Non-Junction,None,,,         ,Jonathan,Watch,Clear,Front to Rear,no,no,no,no,no,False
102982717,METROPOLITAN NASHVILLE POLICE DEPT,20210278103,Davidson,Nashville,5/19/2021 3:57:00 PM,2,0,0,36.153990,-86.757420,I 40,,,,0.00,,,,,,,211.10,N,Not at Intersection,N,Non-Junction,None,,,         ,Christopher,Beery,Clear,Front to Rear,no,no,no,no,yes,False
102982733,METROPOLITAN NASHVILLE POLICE DEPT,20210278075,Davidson,Nashville,5/19/2021 4:25:00 PM,2,1,0,36.050970,-86.651120,MT VIEW RD,,,,20.00,Feet,East,CURTIS HOLLOW RD,,,,0.00,N,Not at Intersection,N,Non-Junction,None,,,         ,Megan,Arnett,Clear,Angle,no,no,no,no,no,False
102982735,METROPOLITAN NASHVILLE POLICE DEPT,20210278140,Davidson,Nashville,5/19/2021 5:00:00 PM,2,0,0,36.153990,-86.757420,I 40,,,,0.00,,,,,,,211.10,N,Not at Intersection, ,Non-Junction,None,,,         ,Christopher,Beery,Clear,Front to Rear,no,no,no,no,no,False
102982737,METROPOLITAN NASHVILLE POLICE DEPT,20210278084,Davidson,Not in City Limit,5/19/2021 4:30:00 PM,2,0,0,36.280510,-86.732960,I 65,,,,0.00,,,,,,,93.40,N,Not at Intersection, ,,None,,,         ,Timothy,Lehnert,,,no,no,no,no,no,False
102982741,METROPOLITAN NASHVILLE POLICE DEPT,20210278063,Davidson,Nashville,5/19/2021 3:30:00 PM,2,0,0,36.086580,-86.771970,FRANKLIN PKE,,,,0.00,,,HARDING PL,,,,0.00,Y,Four-Way, ,Intersection,None,,,         ,Darci,Stechman,Clear,Front to Rear,no,no,no,no,no,False
102982743,METROPOLITAN NASHVILLE POLICE DEPT,20210278181,Davidson,Nashville,5/19/2021 5:18:00 PM,3,1,0,36.152350,-86.837730,CHARLOTTE AV,,,,184.00,Feet,East,43RD AVN,,,,0.00,N,Not at Intersection,N,Non-Junction,None,,,         ,Ryan,Papp,Clear,Front to Rear,no,no,no,no,no,False
102982746,METROPOLITAN NASHVILLE POLICE DEPT,20210278034,Davidson,Nashville,5/19/2021 12:00:00 AM,2,0,0,36.137450,-86.799470,BLAKEMORE AVE,,,,254.00,Feet,North,US HWY 431,,,,0.00,N,Not at Intersection,Y,Non-Junction,None,,,         ,Jose,Salazar,Clear,Angle,no,no,no,no,no,Campus
102982750,METROPOLITAN NASHVILLE POLICE DEPT,20210278163,Davidson,Nashville,5/19/2021 4:43:00 PM,2,0,0,36.055460,-86.723070,BREWER DR,,,,0.00,Feet,,MCMURRAY DR,,,,0.00,Y,Four-Way, ,Intersection,None,,,         ,Steven,Powers,Clear,Angle,no,no,no,no,no,False
102982752,METROPOLITAN NASHVILLE POLICE DEPT,20210277982,Davidson,Antioch,5/19/2021 3:26:00 PM,2,1,0,36.059400,-86.599650,HAMILTON CHURCH RD,,,,641.00,Feet,West,HOBSON PKE,,,,0.00,N,Not at Intersection,N,Non-Junction,None,,,         ,Keith,Parlato,Clear,Front to Rear,no,no,no,no,no,False
102982753,METROPOLITAN NASHVILLE POLICE DEPT,20210278241,Davidson,Nashville,5/19/2021 5:40:00 PM,2,0,0,36.154030,-86.779410,8TH AVS,,,,3.00,Feet,North,LEA AV,,,,0.00,N,Not at Intersection, ,Non-Junction,None,,,         ,Nicholas,Kiraly,Clear,Front to Rear,no,no,no,no,no,False
102982754,BERRY HILL POLICE DEPT,21-1499,Davidson,Berry Hill,5/17/2021 12:00:00 AM,2,0,0,36.122770,-86.773750,BILOXI AV,,,,0.00,,,,,,,0.00,,, ,Non-Junction,None,,,         ,John,Gleixner,Unknown,Unknown,no,no,no,yes,yes,False
102982755,METROPOLITAN NASHVILLE POLICE DEPT,20210278077,Davidson,Nashville,5/19/2021 4:25:00 PM,3,2,0,36.153970,-86.757370,I 40,,,,0.00,,,,,,,211.15,N,Not at Intersection,Y,Non-Junction,None,,,         ,Kevin,Clausius,Clear,Front to Rear,no,no,no,no,no,False
102982758,METROPOLITAN NASHVILLE POLICE DEPT,20210278173,Davidson,Nashville,5/19/2021 4:36:00 PM,2,1,0,36.122820,-86.751080,I 440,,,,0.00,,,,,,,6.30,N,Not at Intersection,N,Non-Junction,None,,,         ,Austin,Binner,Clear,Front to Rear,no,no,no,no,no,False
102982765,METROPOLITAN NASHVILLE POLICE DEPT,20210278203,Davidson,Nashville,5/19/2021 5:40:00 PM,2,1,0,36.208930,-86.864090,ASHLAND CITY HWY,,,,375.00,Feet,East,CATO RD,,,,0.00,N,Not at Intersection,N,Non-Junction,None,,,         ,Alec,Pellissier,Clear,"Sideswipe, Opposite Direction",no,no,no,no,yes,False
102982766,METROPOLITAN NASHVILLE POLICE DEPT,20210276031,Davidson,Nashville,5/18/2021 2:57:00 PM,2,0,0,36.129860,-86.820350,ELMINGTON AV,,,,0.00,,,WHITWORTH BLVD,,,,0.00,Y,Four-Way,N,Intersection,None,,,         ,Martin,Brown,Cloudy,Angle,no,no,no,no,no,False
102982767,METROPOLITAN NASHVILLE POLICE DEPT,20210278180,Davidson,Nashville,5/19/2021 5:21:00 PM,1,1,0,36.207000,-86.752330,OAKWOOD AV,,,,1.00,Feet,South,NORTON AV,,,,0.00,N,Not at Intersection,N,Non-Junction,None,,,         ,Jason,Milyaro Lucas,Clear,Not Collision with Motor Vehicle in Transport,no,yes,no,no,no,False
102982768,METROPOLITAN NASHVILLE POLICE DEPT,20210278117,Davidson,Nashville,5/19/2021 4:48:00 PM,1,1,0,36.159940,-86.776500,4TH AVS,,,,0.00,,,SYMPHONY PL,,,,0.00,Y,T-Intersection,N,Intersection-Related,None,,,         ,James,Hill,Clear,Not Collision with Motor Vehicle in Transport,yes,no,no,no,no,False
102982769,METROPOLITAN NASHVILLE POLICE DEPT,20210277874,Davidson,Nashville,5/19/2021 2:51:00 PM,2,1,0,36.089590,-86.688520,EZELL PKE,,,,0.00,,,HARDING PL,,,,0.00,Y,Four-Way,N,Intersection,None,,,         ,Robert,Higgins,Clear,Front to Rear,no,no,no,no,yes,False
102982770,METROPOLITAN NASHVILLE POLICE DEPT,20210277925,Davidson,Nashville,5/19/2021 1:16:00 PM,2,0,0,36.088260,-86.701490,I24 W ENT RAMP,,,,0.00,,,I 24,,,,0.00,Y,Y-Intersection,N,Non-Junction,None,,,         ,Robert,Higgins,Clear,Front to Rear,no,no,no,no,yes,False
102982771,METROPOLITAN NASHVILLE POLICE DEPT,20210278007,Davidson,Nashville,5/19/2021 3:52:00 PM,2,1,0,36.025190,-86.664750,PETTUS RD,,,,0.00,,,PRESTON RD,,,,0.00,Y,T-Intersection,N,Intersection,None,,,         ,Robert,Higgins,Clear,Angle,no,no,no,no,no,False
102982772,METROPOLITAN NASHVILLE POLICE DEPT,20210278249,Davidson,Nashville,5/19/2021 4:30:00 PM,2,0,0,36.154370,-86.759780,I 40,,,,0.00,,,,,,,211.00,N,Not at Intersection,N,Non-Junction,None,,,         ,Reagan,Heath,Clear,"Sideswipe, Same Direction",no,no,no,no,yes,False
102982773,METROPOLITAN NASHVILLE POLICE DEPT,20210278239,Davidson,Not in City Limit,5/19/2021 5:52:00 PM,2,1,0,36.263790,-86.736130,I65 N EXT RAMP,,,,131.00,Feet,South,OLD HICKORY BLVDW,,,,0.00,N,Not at Intersection,N,Entrance/Exit Ramp Related,None,,,         ,Christopher,Littles,Clear,Front to Rear,no,no,no,no,yes,False
102982774,METROPOLITAN NASHVILLE POLICE DEPT,20210278340,Davidson,Goodlettsville,5/19/2021 6:36:00 PM,2,0,0,36.302140,-86.692720,TWIN HILLS DR,,,,0.00,,,GALLATIN PKEN,,,,0.00,Y,Four-Way, ,Intersection,None,,,         ,Christopher,Littles,Clear,HeadOn,no,no,no,no,no,False
102982777,METROPOLITAN NASHVILLE POLICE DEPT,20210278258,Davidson,Nashville,5/19/2021 5:27:00 PM,3,0,0,36.094000,-86.762560,I 65,,,,0.00,,,,,,,78.60,N,Not at Intersection,N,Non-Junction,None,,,         ,Brady,Reynolds,Clear,"Sideswipe, Same Direction",no,no,no,no,yes,False
102982779,METROPOLITAN NASHVILLE POLICE DEPT,20210278280,Davidson,Nashville,5/19/2021 6:17:00 PM,2,2,0,36.151690,-86.677000,ELM HILL PKE,,,,0.00,Feet,East,EMERY DR,,,,0.00,N,Not at Intersection,N,Non-Junction,None,,,         ,Evan,Grace,Clear,Angle,no,no,no,no,no,False
102982787,METROPOLITAN NASHVILLE POLICE DEPT,20210278147,Davidson,Nashville,5/19/2021 5:07:00 PM,3,2,0,36.168720,-86.776110,JAMES ROBERTSON PKWY,,,,437.00,Feet,East,GAY ST,,,,0.00,N,Not at Intersection,N,Non-Junction,None,,,         ,Roy,Sain Jr.,Clear,Front to Rear,no,no,no,no,no,False
102982795,METROPOLITAN NASHVILLE POLICE DEPT,20210278049,Davidson,Nashville,5/19/2021 4:00:00 PM,4,0,0,36.142330,-86.709720,I 40,,,,0.00,,,,,,,214.20,N,Not at Intersection, ,Non-Junction,None,,,         ,Donovan,Coble,Clear,Front to Rear,no,no,no,no,no,False
102982800,METROPOLITAN NASHVILLE POLICE DEPT,20210278330,Davidson,Nashville,5/19/2021 4:17:00 PM,2,0,0,36.079780,-86.644150,EDGE O LAKE DR,,,,12.00,Feet,East,SCOTT VALLEY DR,,,,0.00,N,Not at Intersection, ,Non-Junction,None,,,         ,Phillip,Burke,,Angle,no,no,no,no,no,False
102982802,METROPOLITAN NASHVILLE POLICE DEPT,20210278406,Davidson,Not in City Limit,5/19/2021 7:22:00 PM,1,1,0,36.277250,-86.729080,N GRAYCROFT AV,,,,263.00,Feet,North,E CAMPBELL RD,,,,0.00,N,Not at Intersection,N,Non-Junction,None,,,         ,Christopher,Littles,Clear,Not Collision with Motor Vehicle in Transport,no,no,no,no,no,False
102982823,METROPOLITAN NASHVILLE POLICE DEPT,20210278443,Davidson,Not in City Limit,5/19/2021 12:00:00 AM,1,1,0,36.114800,-86.966050,FIRE TOWER RD,,,,91.00,Feet,South,BUFFALO RD,,,,0.00,N,Not at Intersection,N,Non-Junction,None,,,         ,Andrew,McCarron,Clear,Not Collision with Motor Vehicle in Transport,no,no,no,no,no,False
102982828,METROPOLITAN NASHVILLE POLICE DEPT,20210278219,Davidson,Nashville,5/19/2021 5:30:00 PM,2,0,0,36.155780,-86.789480,I40 E ENT RAMP,,,,0.00,,,I 40,,,,0.00,Y,Four-Way,Y,Intersection,None,,,         ,Kaytlin,huyler,Clear,Angle,no,no,no,no,no,False
102982853,METROPOLITAN NASHVILLE POLICE DEPT,20210278569,Davidson,Nashville,5/19/2021 8:20:00 PM,2,0,0,36.087050,-86.707290,PARAGON MILLS RD,,,,153.00,Feet,West,LINBAR DR,,,,0.00,N,Not at Intersection, ,Non-Junction,None,,,         ,Robert,Higgins,Clear,Front to Rear,no,no,no,no,no,False
102982864,METROPOLITAN NASHVILLE POLICE DEPT,20210278462,Davidson,Nashville,5/19/2021 6:36:00 PM,2,0,0,36.150310,-86.797250,LYLE AV,,,,0.00,,,BROADWAY,,,,0.00,Y,Four-Way,Y,Intersection,None,,,         ,Kaytlin,huyler,Clear,Angle,no,no,no,no,no,False
102982868,METROPOLITAN NASHVILLE POLICE DEPT,20210278473,Davidson,Nashville,5/19/2021 7:52:00 PM,2,1,0,36.153110,-86.764720,I 40,,,,0.00,,,,,,,210.70,N,Not at Intersection,Y,Non-Junction,None,,,         ,Douglas,Mann,Clear,Angle,no,no,no,no,no,False
102982903,METROPOLITAN NASHVILLE POLICE DEPT,20210278529,Davidson,Nashville,5/19/2021 8:21:00 PM,2,1,0,36.148370,-86.780420,I 40,,,,0.00,,,,,,,209.80,N,Not at Intersection,N,Non-Junction,None,,,         ,Travis,Pemberton,Clear,Front to Rear,no,no,no,no,no,False
102982910,METROPOLITAN NASHVILLE POLICE DEPT,20210278189,Davidson,Nashville,5/19/2021 5:16:00 PM,2,0,0,36.121410,-86.756430,I 440,,,,0.00,,,,,,,6.00,N,Not at Intersection,N,Non-Junction,None,,,         ,Brandon,Hughes,Clear,Front to Rear,no,no,no,no,yes,False
102982930,GOODLETTSVILLE POLICE DEPT,21-13314,Davidson,Goodlettsville,5/19/2021 6:31:00 PM,2,1,0,36.321120,-86.713230,MEMORIAL DR,,,,0.00,Feet,,S MAIN ST,,,,0.00,Y,Four-Way,N,Intersection,None,,,         ,Jessica,Gistarb,Clear,Front to Rear,no,no,no,no,no,False
102982938,METROPOLITAN NASHVILLE POLICE DEPT,20210278667,Davidson,Nashville,5/19/2021 8:15:00 PM,2,0,0,36.131830,-86.895660,CHARLOTTE PKE,,,,0.00,,,I40 E ENT RAMP,,,,0.00,Y,Four-Way, ,Entrance/Exit Ramp Related,None,,,         ,Michael,Sipos,Clear,Angle,no,no,no,no,no,False
102982976,METROPOLITAN NASHVILLE POLICE DEPT,20210278698,Davidson,Nashville,5/19/2021 8:15:00 PM,2,0,0,36.195580,-86.621710,LEBANON PKE,,,,0.00,,,BONNASPRING DR,,,,0.00,Y,Four-Way,N,Intersection,None,,,         ,Zaire,Murray,,Angle,no,no,no,no,no,False
102982984,METROPOLITAN NASHVILLE POLICE DEPT,20210278608,Davidson,Nashville,5/19/2021 8:50:00 PM,2,0,0,36.075170,-86.639300,MURFREESBORO PKE,,,,0.00,,,,,,,0.00,,,N,Non-Junction,None,,,         ,Phillip,Burke,,Angle,no,no,no,no,yes,False
102982993,METROPOLITAN NASHVILLE POLICE DEPT,20210278869,Davidson,Nashville,5/19/2021 9:45:00 PM,2,0,0,36.153100,-86.789430,DEMONBREUN ST,,,,346.00,Feet,West,14TH AVS,,,,0.00,N,Not at Intersection,N,Non-Junction,None,,,         ,Michael,Hodges,Clear,Rear to Rear,no,no,no,yes,yes,False
102983001,METROPOLITAN NASHVILLE POLICE DEPT,20210278792,Davidson,Nashville,5/19/2021 2:00:00 PM,2,0,0,36.147890,-86.760450,LINCOLN ST,,,,130.00,Feet,South,LAFAYETTE ST,,,,0.00,N,Not at Intersection,N,Non-Junction,None,,,         ,Robert,Leverick,Clear,"Sideswipe, Same Direction",no,no,no,no,yes,False
102983002,METROPOLITAN NASHVILLE POLICE DEPT,20210278874,Davidson,Nashville,5/19/2021 11:51:00 PM,1,1,0,36.124510,-86.751920,NOLENSVILLE PKE,,,,194.00,Feet,South,ROSEDALE AV,,,,0.00,N,Not at Intersection,N,Non-Junction,None,,,         ,Robert,Leverick,Clear,Not Collision with Motor Vehicle in Transport,no,yes,no,no,yes,False