master_record_number,agency,agency_tracking_number,county,city,collision_date,vehicles_involved,number_injured,number_dead,latitude,longitude,roadway_name,roadway_suffix,roadway_number,roadway_local_id,distance_from_reference,miles-feet_indicator,direction_from_reference,intersection_road_name,intersection_road_name_suffix,intersection_road_number,intersection_local_id,mile_marker,intersection_indicator,intersect_type,interchange_related_indicator,relation_to_junction,work_zone_type,construction_maintenance_zone,construction_maintenance_zone_location,fatal_case_number,officer_first_name,officer_last_name,weather_condition(s),manner_of_crash,pedestrian,bicycle,scooter,parking,hitrun,mou
102983005,METROPOLITAN NASHVILLE POLICE DEPT,20210278962,Davidson,Nashville,5/19/2021 10:19:00 PM,2,0,0,36.094950,-86.653940,MURFREESBORO PKE,,,,82.00,Feet,South,MURFREESBORO PKE RAMP,,,,0.00,N,Not at Intersection, ,Non-Junction,None,,,         ,Jonathan,Handley,Clear,Angle,no,no,no,no,no,False
102983007,METROPOLITAN NASHVILLE POLICE DEPT,20210278907,Davidson,Nashville,5/20/2021 12:11:00 AM,1,0,0,36.070020,-86.698680,HAYWOOD LN,,,,34.00,Feet,East,EAST RIDGE DR,,,,0.00,N,Not at Intersection,N,Unknown,None,,,         ,Kaleigh,Pearce,Clear,Unknown,no,no,no,no,yes,False
102983013,METROPOLITAN NASHVILLE POLICE DEPT,20210278949,Davidson,Nashville,5/19/2021 11:50:00 PM,2,0,0,36.154340,-86.798960,19TH AVN,,,,0.00,,,CHURCH ST,,,,0.00,Y,Four-Way,Y,Intersection,None,,,         ,Michael,Hodges,Clear,Angle,no,no,no,no,no,False
102983019,METROPOLITAN NASHVILLE POLICE DEPT,20210279093,Davidson,Nashville,5/20/2021 2:00:00 AM,2,0,0,36.092190,-86.720510,CATHY JO DR,,,,169.00,Feet,North,SHAWN DR,,,,0.00,N,Not at Intersection,N,Non-Junction,None,,,         ,Jonathan,Handley,Clear,"Sideswipe, Opposite Direction",no,no,no,no,yes,False
102983031,METROPOLITAN NASHVILLE POLICE DEPT,20210279096,Davidson,Nashville,5/20/2021 2:19:00 AM,1,0,0,36.233490,-86.784410,I 24,,,,0.00,,,,,,,43.90,N,Not at Intersection,N,Non-Junction,None,,,         ,Coleman,McKellar,Clear,Not Collision with Motor Vehicle in Transport,no,no,no,no,no,False
102983055,METROPOLITAN NASHVILLE POLICE DEPT,20210279127,Davidson,Nashville,5/20/2021 2:15:00 AM,1,0,0,36.189620,-86.738710,GREENWOOD AV,,,,28.00,Feet,West,CHAPEL AV,,,,0.00,N,Not at Intersection,N,Non-Junction,None,,,         ,Zachary,Carter,Clear,Not Collision with Motor Vehicle in Transport,no,no,no,no,yes,False
102983059,METROPOLITAN NASHVILLE POLICE DEPT,20210279233,Davidson,Nashville,5/20/2021 5:20:00 AM,1,0,0,36.087150,-86.695910,METROPLEX DR,,,,105.00,Feet,North,HARDING PL,,,,0.00,N,Not at Intersection, ,Non-Junction,None,,,         ,Jonathan,Handley,Clear,Not Collision with Motor Vehicle in Transport,no,no,no,yes,no,False
102983063,METROPOLITAN NASHVILLE POLICE DEPT,20210279189,Davidson,Antioch,5/20/2021 4:00:00 AM,2,0,0,36.047840,-86.612050,MURFREESBORO PKE,,,,1284.00,Feet,North,MOUNTAIN SPRINGS RD,,,,0.00,N,Not at Intersection,N,Crossover-Related,None,,,         ,Kevin,Breeding,Clear,"Sideswipe, Same Direction",no,no,no,no,yes,False
102983064,METROPOLITAN NASHVILLE POLICE DEPT,20210279228,Davidson,Nashville,5/20/2021 5:14:00 AM,1,1,0,36.115860,-86.862240,POST RD,,,,62.00,Feet,South,HILL PLACE DR,,,,0.00,N,Not at Intersection,N,Non-Junction,None,,,         ,Joseph,Jakes,Unknown,Not Collision with Motor Vehicle in Transport,yes,no,no,no,yes,False
102983082,METROPOLITAN NASHVILLE POLICE DEPT,20210277779,Davidson,Nashville,5/19/2021 1:35:00 PM,2,0,0,36.148580,-86.815080,28TH AVN,,,,1155.00,Feet,North,POSTON AV,,,,0.00,N,Not at Intersection,N,OtherLocation,None,,,         ,Earl,Davis,Clear,Angle,no,no,no,no,yes,False
102983097,METROPOLITAN NASHVILLE POLICE DEPT,20210279303,Davidson,Antioch,5/20/2021 5:17:00 AM,2,0,0,36.013420,-86.620720,I24 E EXT RAMP,,,,0.00,,,OLD HICKORY BLVD,,,,0.00,Y,T-Intersection,N,Non-Junction,None,,,         ,Joe,Hooper,Clear,"Sideswipe, Same Direction",no,no,no,no,yes,False
102983116,METROPOLITAN NASHVILLE POLICE DEPT,20210277797,Davidson,Nashville,5/19/2021 1:45:00 PM,2,0,0,36.128590,-86.777890,8TH AVS,,,,0.00,,,BRADFORD AV,,,,0.00,Y,Four-Way, ,Intersection,None,,,         ,Earl,Davis,Clear,Angle,no,no,no,no,no,False
102983124,METROPOLITAN NASHVILLE POLICE DEPT,20210279315,Davidson,Nashville,5/20/2021 6:15:00 AM,2,0,0,36.085470,-86.763190,I 65,,,,0.00,,,,,,,78.00,N,Not at Intersection, ,Non-Junction,None,,,         ,Earl,Davis,Clear,"Sideswipe, Same Direction",no,no,no,no,no,False
102983134,METROPOLITAN NASHVILLE POLICE DEPT,20210279395,Davidson,Nashville,5/20/2021 7:44:00 AM,2,0,0,36.143230,-86.685860,I 40,,,,0.00,,,,,,,215.50,N,Not at Intersection, ,Non-Junction,None,,,         ,Michael,Dance,Clear,Front to Rear,no,no,no,no,no,False
102983152,METROPOLITAN NASHVILLE POLICE DEPT,20210279403,Davidson,Madison,5/20/2021 12:00:00 AM,2,0,0,36.282870,-86.730820,I 65,,,,0.00,,,,,,,93.60,N,Not at Intersection, ,Non-Junction,None,,,         ,Wesley,Mcclelland,Clear,"Sideswipe, Same Direction",no,no,no,no,yes,False
102983176,METROPOLITAN NASHVILLE POLICE DEPT,20210279319,Davidson,Nashville,5/20/2021 6:26:00 AM,2,0,0,36.177910,-86.771640,DICKERSON PKE,,,,211.00,Feet,East,I24 W ENT RAMP,,,,0.00,N,Not at Intersection, ,Non-Junction,None,,,         ,Burton,Beeson,Clear,"Sideswipe, Same Direction",no,no,no,no,no,False
102983183,METROPOLITAN NASHVILLE POLICE DEPT,20210279500,Davidson,Nashville,5/20/2021 8:39:00 AM,2,0,0,36.127840,-86.695660,BRILEY PKWY,,,,58.00,Feet,South,KENTON PL,,,,0.00,N,Not at Intersection, ,Non-Junction,None,,,         ,Michael,Dance,Clear,Front to Rear,no,no,no,no,no,False
102983192,METROPOLITAN NASHVILLE POLICE DEPT,20210279370,Davidson,Nashville,5/20/2021 7:05:00 AM,2,0,0,36.236030,-86.707200,BRILEY PKWYW,,,,665.00,Feet,West,BRILEY PKWYE,,,,0.00,N,Not at Intersection,N,Non-Junction,None,,,         ,Patrick,Lancaster,Clear,"Sideswipe, Same Direction",no,no,no,no,no,False
102983211,METROPOLITAN NASHVILLE POLICE DEPT,20210277370,Davidson,Nashville,5/19/2021 8:55:00 AM,2,0,0,36.184330,-86.776750,COWAN ST,,,,223.00,Feet,South,COWAN CT,,,,0.00,N,Not at Intersection, ,Non-Junction,None,,,         ,Erik,Wagner,Clear,Angle,no,no,no,no,no,False
102983221,GOODLETTSVILLE POLICE DEPT,21-13347,Davidson,Goodlettsville,5/20/2021 7:15:00 AM,2,0,0,36.307010,-86.696880,VIETNAM VETERANS BLVDS,,,,348.00,Feet,West,VIETNAM VETERANS BLVD SB ENT R,,,,0.00,N,Not at Intersection,N,Non-Junction,None,,,         ,Benny,Alexander,Clear,Front to Rear,no,no,no,no,no,False
102983227,METROPOLITAN NASHVILLE POLICE DEPT,20210279580,Davidson,Lakewood,5/18/2021 4:59:00 PM,2,0,0,36.235990,-86.639210,HERMITAGE COUNTRY CLUB PVTDR,,,,508.00,Feet,South,LYNN LEE DR,,,,0.00,N,Not at Intersection,N,Non-Junction,None,,,         ,Michael,Brooks,Unknown,Other,no,no,no,yes,yes,False
102983235,METROPOLITAN NASHVILLE POLICE DEPT,20210279474,Davidson,Nashville,5/20/2021 8:20:00 AM,3,0,0,36.231480,-86.779680,EWING DR,,,,393.00,Feet,West,ANNA CT,,,,0.00,N,Not at Intersection,N,Non-Junction,None,,,         ,Dylan,Cetin,Clear,Front to Rear,no,no,no,no,yes,False
102983243,METROPOLITAN NASHVILLE POLICE DEPT,20210279520,Davidson,Nashville,5/20/2021 8:55:00 AM,2,1,0,36.116120,-86.810570,HILLSBORO PKE,,,,24.00,Feet,North,HAMPTON AV,,,,0.00,N,Not at Intersection,N,Non-Junction,None,,,         ,George,Spencer,Clear,Angle,no,no,no,no,no,False
102983276,METROPOLITAN NASHVILLE POLICE DEPT,20210279767,Davidson,Nashville,5/20/2021 11:12:00 AM,2,0,0,36.136580,-86.795150,MAGNOLIA BLVD,,,,0.00,,,WEDGEWOOD AV,,,,0.00,Y,Four-Way,N,Intersection,None,,,         ,Earl,Davis,Clear,"Sideswipe, Same Direction",no,no,no,no,yes,False
102983292,METROPOLITAN NASHVILLE POLICE DEPT,20210279713,Davidson,Nashville,5/20/2021 10:39:00 AM,1,0,0,36.138270,-86.730640,MURFREESBORO PKE,,,,60.00,Feet,East,MAPLE AV,,,,0.00,N,Not at Intersection, ,Non-Junction,None,,,         ,Joe,Hooper,Clear,Not Collision with Motor Vehicle in Transport,no,no,no,no,no,False
102983297,GOODLETTSVILLE POLICE DEPT,21-13350,Davidson,Goodlettsville,5/20/2021 8:00:00 AM,2,1,0,36.312270,-86.674310,VIETNAM VETERANS BLVDS,,,,426.00,Feet,West,HIGHWAY 386,,,,0.00,N,Not at Intersection,N,Non-Junction,None,,,         ,Donald,Brinton,Clear,Front to Rear,no,no,no,no,no,False
102983328,METROPOLITAN NASHVILLE POLICE DEPT,20210279750,Davidson,Nashville,5/20/2021 10:57:00 AM,2,1,0,36.154380,-86.773760,LEA AV,,,,225.00,Feet,West,4TH AVS,,,,0.00,N,Not at Intersection,N,Non-Junction,None,,,         ,Wesley,Young,Clear,Angle,no,no,no,no,no,False
102983337,METROPOLITAN NASHVILLE POLICE DEPT,20210279839,Davidson,Nashville,5/20/2021 12:03:00 PM,2,0,0,36.169800,-86.673230,LEBANON PKE,,,,50.00,Feet,West,OLD LEBANON PKE,,,,0.00,N,Not at Intersection,N,Non-Junction,None,,,         ,Michael,Dance,Clear,"Sideswipe, Opposite Direction",no,no,no,no,no,False
102983345,METROPOLITAN NASHVILLE POLICE DEPT,20210279837,Davidson,Nashville,5/20/2021 10:54:00 AM,2,0,0,36.045740,-86.674350,BELL RD,,,,0.00,,,BLUE HOLE RD,,,,0.00,Y,Four-Way,N,Intersection-Related,None,,,         ,Joe,Hooper,Clear,Front to Rear,no,no,no,no,yes,False
102983353,METROPOLITAN NASHVILLE POLICE DEPT,20210277985,Davidson,Nashville,5/19/2021 3:43:00 PM,2,1,0,36.167150,-86.779610,3RD AVN,,,,0.00,,,JAMES ROBERTSON PKWY,,,,0.00,Y,Four-Way,N,Intersection,None,,,         ,Russell,Freeman,Clear,Angle,no,no,no,no,no,False
102983378,VANDERBILT UNIVERSITY POLICE,20210279813,Davidson,Nashville,5/20/2021 11:34:00 AM,1,1,0,36.139730,-86.801670,PIERCE AV,,,,0.00,,,MEDICAL CENTER DR,,,,0.00,Y,Four-Way,N,Intersection,None,,,         ,Christopher,Dion,,Not Collision with Motor Vehicle in Transport,yes,no,no,no,no,Campus
102983381,VANDERBILT UNIVERSITY POLICE,20210279707,Davidson,Nashville,5/20/2021 10:20:00 AM,2,0,0,36.109550,-86.765440,POWELL AV,,,,0.00,,,,,,,0.00,,, ,OtherLocation,None,,,         ,Fred,Oakley,Clear,Rear to Rear,no,no,no,yes,no,OHO
102983423,METROPOLITAN NASHVILLE POLICE DEPT,20210279805,Davidson,Nashville,5/20/2021 11:41:00 AM,2,2,0,36.183190,-86.823050,28TH AVN,,,,0.00,,,ASPEN DR,,,,0.00,Y,Four-Way,N,Intersection,None,,,         ,William,Coy,Clear,Angle,no,no,no,no,no,False
102983434,METROPOLITAN NASHVILLE POLICE DEPT,20210279955,Davidson,Not in City Limit,5/20/2021 1:03:00 PM,2,0,0,36.009820,-86.682320,CALDERWOOD DR,,,,238.00,Feet,West,TUCKALEECHEE LN,,,,0.00,N,Not at Intersection, ,Non-Junction,None,,,         ,Joe,Hooper,Clear,Rear to Side,no,no,no,no,no,False
102983435,METROPOLITAN NASHVILLE POLICE DEPT,20210279833,Davidson,Nashville,5/20/2021 11:41:00 AM,2,0,0,36.173180,-86.765570,SPRING ST,,,,138.00,Feet,North,MAIN ST ENT RAMP,,,,0.00,N,Not at Intersection, ,Non-Junction,None,,,         ,Torrance,Bennett,Clear,Angle,no,no,no,no,no,False
102983475,METROPOLITAN NASHVILLE POLICE DEPT,20210279621,Davidson,Nashville,5/20/2021 9:53:00 AM,2,0,0,36.171310,-86.768070,I 24,,,,0.00,,,,,,,48.40,N,Not at Intersection,N,Non-Junction,None,,,         ,James,Harben,Clear,"Sideswipe, Same Direction",no,no,no,no,no,False
102983479,METROPOLITAN NASHVILLE POLICE DEPT,20210279893,Davidson,Madison,5/20/2021 12:33:00 PM,2,1,0,36.249650,-86.670190,CANTON PASS,,,,0.00,,,CHEYENNE BLVD,,,,0.00,Y,OTHER,N,Intersection-Related,None,,,         ,Eric,Richardson,Clear,Angle,no,no,no,no,no,False
102983510,METROPOLITAN NASHVILLE POLICE DEPT,20210279935,Davidson,Nashville,5/20/2021 1:05:00 PM,2,2,0,36.045120,-86.714780,BRENTWOOD EAST DR,,,,36.00,Feet,South,OLD HICKORY BLVD,,,,0.00,N,Not at Intersection,N,Non-Junction,None,,,         ,Tony,Folad,Clear,Angle,no,no,no,no,no,False
102983516,METROPOLITAN NASHVILLE POLICE DEPT,20210279912,Davidson,Nashville,5/20/2021 12:00:00 AM,1,0,0,36.083270,-86.722820,FOXGLOVE DR,,,,123.00,Feet,North,WELCH RD,,,,0.00,N,Not at Intersection,N,Non-Junction,None,,,         ,Ivan,Vega,Unknown,Not Collision with Motor Vehicle in Transport,no,no,no,no,yes,False
102983565,METROPOLITAN NASHVILLE POLICE DEPT,2021-0275110,Davidson,Nashville,5/18/2021 12:00:00 AM,2,0,0,36.143750,-86.730450,ARLINGTON AV,,,,0.00,,,ELM HILL PKE,,,,0.00,Y,T-Intersection,N,Non-Junction,None,,,         ,Frank,Walker,Cloudy,Front to Rear,no,no,no,no,yes,False
102983581,THP District 9 - Administrative,321033176,Davidson,Nashville,5/20/2021 12:35:00 PM,2,0,0,36.143240,-86.745710,MURFREESBORO PKE,,,,429.00,Feet,West,FESSLERS LN,,,,0.00,N,Not at Intersection,N,Non-Junction,None,,,         ,Steve,Sakarapanee,Clear,Front to Rear,no,no,no,yes,yes,False
102983637,METROPOLITAN NASHVILLE POLICE DEPT,20210280092,Davidson,Nashville,5/20/2021 2:56:00 PM,1,1,0,36.203980,-86.761050,EDWIN ST,,,,0.00,,,,,,,0.00,,,N,Non-Junction,None,,,         ,Cooper,HIll,Clear,Not Collision with Motor Vehicle in Transport,no,no,no,no,no,False
102983644,METROPOLITAN NASHVILLE POLICE DEPT,20210280165,Davidson,Nashville,5/20/2021 3:25:00 PM,2,0,0,36.154720,-86.779120,8TH AVS,,,,32.00,Feet,North,LAFAYETTE ST,,,,0.00,N,Not at Intersection, ,Non-Junction,None,,,         ,Joel,Cottrill,Clear,Angle,no,no,no,no,yes,False
102983652,METROPOLITAN NASHVILLE POLICE DEPT,20210280175,Davidson,Nashville,5/20/2021 12:00:00 AM,2,0,0,36.196850,-86.734350,CHASE ST,,,,20.00,Feet,North,EMERSON ST,,,,0.00,N,Not at Intersection,N,Non-Junction,None,,,         ,Kevin,Clausius,Clear,"Sideswipe, Same Direction",no,no,no,no,yes,False
102983660,METROPOLITAN NASHVILLE POLICE DEPT,20210280164,Davidson,Nashville,5/20/2021 3:18:00 PM,2,2,0,36.171620,-86.601740,OLD HICKORY BLVD,,,,296.00,Feet,North,I40 W EXT RAMP,,,,0.00,N,Not at Intersection,N,Non-Junction,None,,,         ,Tyler,Lewis,Clear,Front to Rear,no,no,no,no,no,False
102983699,METROPOLITAN NASHVILLE POLICE DEPT,20210280066,Davidson,Not in City Limit,5/20/2021 1:49:00 PM,2,0,0,36.016160,-86.706260,NOLENSVILLE PKE,,,,422.00,Feet,South,HILLS CHAPEL RD,,,,0.00,N,Not at Intersection, ,Non-Junction,None,,,         ,Robert,Higgins,Clear,Front to Rear,no,no,no,no,no,False
102983700,METROPOLITAN NASHVILLE POLICE DEPT,20210278704,Davidson,Nashville,5/19/2021 8:28:00 PM,2,0,0,36.042510,-86.661630,CANE RIDGE RD,,,,182.00,Feet,South,BELL HOLLOW APTS PVTDR,,,,0.00,N,Not at Intersection,N,Non-Junction,None,,,         ,Robert,Higgins,Clear,Angle,no,no,no,no,no,False
102983706,METROPOLITAN NASHVILLE POLICE DEPT,20210280121,Davidson,Nashville,5/20/2021 12:00:00 AM,2,0,0,36.193420,-86.804900,ROSA L PARKS BLVD,,,,2.00,Feet,East,WATKINS COLLEGE PVTDR,,,,0.00,N,Not at Intersection,N,Non-Junction,None,,,         ,Melvin,Taylor,Clear,Angle,no,no,no,no,no,False
102983709,METROPOLITAN NASHVILLE POLICE DEPT,20210280012,Davidson,Not in City Limit,5/20/2021 2:11:00 PM,2,1,0,36.266020,-86.739390,I65 S ENT RAMP,,,,0.00,,,I 65,,,,0.00,Y,Y-Intersection,Y,Entrance/Exit Ramp Related,None,,,         ,Derek,Sibley,Clear,Front to Rear,no,no,no,no,no,False
102983710,METROPOLITAN NASHVILLE POLICE DEPT,20210280194,Davidson,Not in City Limit,5/20/2021 3:55:00 PM,2,1,0,36.260580,-86.712780,GALLATIN PKES,,,,83.00,Feet,North,HICKORY ST,,,,0.00,N,Not at Intersection,N,Non-Junction,None,,,         ,Derek,Sibley,Clear,Angle,no,no,no,no,no,False
102983711,METROPOLITAN NASHVILLE POLICE DEPT,20210280205,Davidson,Nashville,5/20/2021 12:00:00 AM,2,0,0,36.142290,-86.666610,DONELSON PKE,,,,0.00,,,I40 W ENT RAMP,,,,0.00,Y,OTHER, ,Intersection-Related,None,,,         ,Adam,Gartner,Clear,"Sideswipe, Same Direction",no,no,no,no,no,False
102983712,METROPOLITAN NASHVILLE POLICE DEPT,20210280148,Davidson,Nashville,5/20/2021 3:27:00 PM,2,0,0,36.074480,-86.920940,OLD HICKORY BLVD,,,,0.00,,,HIGHWAY 70S,,,,0.00,Y,Four-Way, ,Intersection,None,,,         ,Martin,Brown,Clear,Angle,no,no,no,no,no,False
102983721,METROPOLITAN NASHVILLE POLICE DEPT,20210280389,Davidson,Nashville,5/20/2021 5:37:00 PM,2,0,0,36.141230,-86.663930,I 40,,,,0.00,,,,,,,218.00,N,Not at Intersection, ,Non-Junction,None,,,         ,Joseph,Simon,Clear,Front to Rear,no,no,no,no,no,False
102983722,BERRY HILL POLICE DEPT,21-1511,Davidson,Berry Hill,5/20/2021 12:00:00 AM,2,1,0,36.125200,-86.776740,FRANKLIN PKE,,,,0.00,,,INVERNESS AV,,,,0.00,Y,T-Intersection,N,Intersection,None,,,         ,John,Gleixner,Clear,Front to Rear,no,no,no,no,no,False
102983724,METROPOLITAN NASHVILLE POLICE DEPT,20210280132,Davidson,Not in City Limit,5/20/2021 12:00:00 AM,2,0,0,36.264130,-86.726570,OLD HICKORY BLVDW,,,,0.00,,,RONNIE RD,,,,0.00,Y,T-Intersection,Y,Intersection-Related,None,,,         ,Amanda,Topping,Clear,Front to Rear,no,no,no,no,yes,False
102983725,METROPOLITAN NASHVILLE POLICE DEPT,20210280415,Davidson,Nashville,5/20/2021 4:00:00 PM,2,0,0,36.150490,-86.695820,ELM HILL PKE,,,,280.00,Feet,East,WANDA DR,,,,0.00,N,Not at Intersection,N,Non-Junction,None,,,         ,Reagan,Heath,Clear,Angle,no,no,no,no,yes,False
102983744,METROPOLITAN NASHVILLE POLICE DEPT,20210280455,Davidson,Nashville,5/20/2021 5:30:00 PM,2,1,0,36.120020,-86.912190,I 40,,,,0.00,,,,,,,200.05,N,Not at Intersection,N,Non-Junction,None,,,         ,Ryan,Papp,Clear,Front to Rear,no,no,no,no,no,False
102983745,METROPOLITAN NASHVILLE POLICE DEPT,20210280463,Davidson,Not in City Limit,5/20/2021 6:12:00 PM,1,0,0,36.259670,-86.742890,BURGUNDY DR,,,,0.00,,,PORT DR,,,,0.00,Y,T-Intersection,N,Non-Junction,None,,,         ,Christopher,Littles,Clear,Not Collision with Motor Vehicle in Transport,no,no,no,no,no,False
102983746,METROPOLITAN NASHVILLE POLICE DEPT,20210280351,Davidson,Not in City Limit,5/20/2021 4:40:00 PM,2,0,0,36.091220,-87.005080,RIVERLAND DR,,,,124.00,Feet,East,BRIDGEPORT DR,,,,0.00,N,Not at Intersection, ,Non-Junction,None,,,         ,Michael,Sipos,Clear,Angle,no,no,no,no,no,False
102983747,METROPOLITAN NASHVILLE POLICE DEPT,20210280319,Davidson,Nashville,5/20/2021 4:41:00 PM,2,0,0,36.140830,-86.732530,I 40,,,,0.00,,,,,,,213.00,N,Not at Intersection, ,Non-Junction,None,,,         ,Taylor,Blackwelder,Clear,"Sideswipe, Same Direction",no,no,no,no,no,False
102983750,METROPOLITAN NASHVILLE POLICE DEPT,20210280413,Davidson,Nashville,5/20/2021 5:32:00 PM,2,0,0,36.110970,-86.745970,THOMPSON LN,,,,20.00,Feet,West,ELIZABETH ST,,,,0.00,N,Not at Intersection, ,Non-Junction,None,,,         ,Brady,Reynolds,Clear,Angle,no,no,no,no,no,False
102983758,METROPOLITAN NASHVILLE POLICE DEPT,20210280435,Davidson,Nashville,5/20/2021 3:22:00 PM,2,0,0,36.096560,-86.708340,I 24,,,,0.00,,,,,,,54.85,N,Not at Intersection,N,Non-Junction,None,,,         ,Joseph,Hurst,Clear,Angle,no,no,no,no,no,False
102983759,METROPOLITAN NASHVILLE POLICE DEPT,20210280420,Davidson,Nashville,5/20/2021 5:51:00 PM,2,1,0,36.128350,-86.803110,21ST AVS,,,,24.00,Feet,South,SUNSET PL,,,,0.00,N,Not at Intersection,N,Non-Junction,None,,,         ,Nicholas,Carroll,Clear,Front to Rear,no,no,no,no,no,False
102983769,METROPOLITAN NASHVILLE POLICE DEPT,20210280491,Davidson,Nashville,5/20/2021 6:00:00 PM,1,0,0,36.044850,-86.663010,BELL RD,,,,440.00,Feet,West,CANE RIDGE RD,,,,0.00,N,Not at Intersection, ,Non-Junction,None,,,         ,Nadine,Klemenz,Clear,Not Collision with Motor Vehicle in Transport,no,no,no,no,no,False
102983772,METROPOLITAN NASHVILLE POLICE DEPT,20210280556,Davidson,Nashville,5/20/2021 3:00:00 PM,2,0,0,36.194910,-86.776160,I 65,,,,0.00,,,,,,,86.50,N,Not at Intersection,N,Non-Junction,None,,,         ,Eric,McCoy,Clear,"Sideswipe, Same Direction",no,no,no,no,yes,False
102983778,METROPOLITAN NASHVILLE POLICE DEPT,20210280487,Davidson,Nashville,5/20/2021 6:20:00 PM,2,2,0,36.168060,-86.765650,I24 W ENT RAMP,,,,0.00,Feet,East,I 24,,,,0.00,N,Not at Intersection,N,Non-Junction,None,,,         ,Kevin,Clausius,Clear,Front to Rear,no,no,no,no,no,False
102983779,METROPOLITAN NASHVILLE POLICE DEPT,20210280530,Davidson,Nashville,5/20/2021 6:10:00 PM,3,0,0,36.205890,-86.768610,E TRINITY LN,,,,0.00,,,DICKERSON PKE,,,,0.00,Y,Four-Way,N,Intersection,None,,,         ,Cooper,HIll,Clear,Front to Rear,no,no,no,no,yes,False
102983781,METROPOLITAN NASHVILLE POLICE DEPT,20210280270,Davidson,Nashville,5/20/2021 4:40:00 PM,1,1,0,36.130920,-86.695010,BRILEY PKWY N ENT RAMP,,,,0.00,Feet,East,BRILEY PKWYN,,,,0.00,N,Not at Intersection,N,Non-Junction,None,,,         ,Dontaveous,Eubanks,Clear,Not Collision with Motor Vehicle in Transport,no,no,no,no,no,False
102983786,METROPOLITAN NASHVILLE POLICE DEPT,20210280200,Davidson,Nashville,5/20/2021 3:52:00 PM,3,1,0,36.081270,-86.726860,NOLENSVILLE PKE,,,,627.00,Feet,North,HARDING PL,,,,0.00,N,Not at Intersection,N,Non-Junction,None,,,         ,Peyton,Wheatley,Clear,Angle,no,no,no,no,no,False
102983788,METROPOLITAN NASHVILLE POLICE DEPT,20210280620,Davidson,Nashville,5/20/2021 5:42:00 PM,2,0,0,36.079240,-86.727390,HARDING PL,,,,344.00,Feet,West,NOLENSVILLE PKE,,,,0.00,N,Not at Intersection, ,Non-Junction,None,,,         ,Brady,Reynolds,Clear,Angle,no,no,no,no,no,False
102983803,METROPOLITAN NASHVILLE POLICE DEPT,20210280424,Davidson,Nashville,5/20/2021 5:50:00 PM,1,0,0,36.192840,-86.735350,STRAIGHTWAY AV,,,,548.00,Feet,East,SCOTT AV,,,,0.00,N,Not at Intersection,N,Rail Grade Crossing,None,,,         ,Ciara,Doherty,Clear,Not Collision with Motor Vehicle in Transport,no,no,no,no,no,False
102983804,METROPOLITAN NASHVILLE POLICE DEPT,20210280595,Davidson,Nashville,5/20/2021 6:10:00 PM,2,0,0,36.037620,-86.782980,I 65,,,,0.00,,,,,,,74.50,N,Not at Intersection, ,Entrance/Exit Ramp Related,None,,,         ,Douglas,Sykes,Clear,Angle,no,no,no,no,no,False
102983813,METROPOLITAN NASHVILLE POLICE DEPT,20210280549,Davidson,Nashville,5/20/2021 6:45:00 PM,3,2,0,36.152350,-86.766480,I 40,,,,0.00,,,,,,,210.60,N,Not at Intersection,N,Non-Junction,None,,,         ,William,Hamblen,,Front to Rear,no,no,no,no,no,False
102983822,METROPOLITAN NASHVILLE POLICE DEPT,20210280569,Davidson,Nashville,5/20/2021 12:00:00 AM,2,2,0,36.103070,-86.666210,MURFREESBORO PKE,,,,0.00,,,TOWN PARK DR,,,,0.00,Y,T-Intersection,N,Crossover-Related,None,,,         ,Adam,Gartner,Clear,Angle,no,no,no,no,no,False
102983854,METROPOLITAN NASHVILLE POLICE DEPT,20210280173,Davidson,Nashville,5/20/2021 3:42:00 PM,1,0,0,36.041610,-86.749250,OLD HICKORY BLVD,,,,0.00,,,HILL RD,,,,0.00,Y,T-Intersection,N,Intersection,None,,,         ,Dylan,Motes,Clear,Not Collision with Motor Vehicle in Transport,no,no,no,no,no,False
102983887,METROPOLITAN NASHVILLE POLICE DEPT,20210280108,Davidson,Nashville,5/20/2021 3:08:00 PM,2,0,0,36.156070,-86.773990,4TH AVS,,,,0.00,,,PEABODY ST,,,,0.00,Y,Four-Way, ,Intersection,Work Zone,,,         ,Michael,Douglas,Clear,"Sideswipe, Same Direction",no,no,no,no,no,False
102983890,METROPOLITAN NASHVILLE POLICE DEPT,20210280760,Davidson,Nashville,5/20/2021 8:38:00 PM,2,0,0,36.183210,-86.775320,I 24,,,,0.00,,,,,,,47.35,N,Not at Intersection,N,Non-Junction,None,,,         ,Seth,Quiles,Clear,Angle,no,no,no,no,yes,False
102983893,METROPOLITAN NASHVILLE POLICE DEPT,20210280875,Davidson,Not in City Limit,5/20/2021 9:46:00 PM,2,0,0,36.279550,-86.778170,OLD HICKORY BLVD,,,,1593.00,Feet,East,BRICK CHURCH PKE,,,,0.00,N,Not at Intersection,N,Non-Junction,None,,,         ,Christopher,Littles,Clear,Front to Rear,no,no,no,no,no,False
102983913,METROPOLITAN NASHVILLE POLICE DEPT,20210280850,Davidson,Nashville,5/20/2021 12:00:00 AM,2,0,0,36.186870,-86.608570,JACKSON PASS,,,,0.00,Feet,,ANDREW JACKSON PKWY,,,,0.00,Y,T-Intersection,N,Intersection-Related,None,,,         ,Adam,Gartner,Clear,Angle,no,no,no,no,no,False