master_record_number,agency,agency_tracking_number,county,city,collision_date,vehicles_involved,number_injured,number_dead,latitude,longitude,roadway_name,roadway_suffix,roadway_number,roadway_local_id,distance_from_reference,miles-feet_indicator,direction_from_reference,intersection_road_name,intersection_road_name_suffix,intersection_road_number,intersection_local_id,mile_marker,intersection_indicator,intersect_type,interchange_related_indicator,relation_to_junction,work_zone_type,construction_maintenance_zone,construction_maintenance_zone_location,fatal_case_number,officer_first_name,officer_last_name,weather_condition(s),manner_of_crash,pedestrian,bicycle,scooter,parking,hitrun,mou
102983924,METROPOLITAN NASHVILLE POLICE DEPT,20210280885,Davidson,Nashville,5/20/2021 9:57:00 PM,2,2,0,36.186180,-86.763030,CLEVELAND ST,,,,45.00,Feet,East,N 5TH ST,,,,0.00,N,Not at Intersection,N,Non-Junction,None,,,         ,Steffani,Dahlstrom,Clear,Front to Rear,no,no,no,no,no,False
102983932,METROPOLITAN NASHVILLE POLICE DEPT,20210280870,Davidson,Nashville,5/20/2021 9:42:00 PM,1,1,0,36.170080,-86.808030,I 40,,,,0.00,,,,,,,207.20,N,Not at Intersection,N,Non-Junction,None,,,         ,Jonathan,Sharp,Clear,Not Collision with Motor Vehicle in Transport,no,no,no,no,no,False
102983934,METROPOLITAN NASHVILLE POLICE DEPT,20210280904,Davidson,Not in City Limit,5/20/2021 10:15:00 PM,2,0,0,36.068160,-86.949350,GENERAL GEORGE PATTON RD,,,,0.00,,,SAWYER BROWN RD,,,,0.00,Y,Four-Way,N,Non-Junction,None,,,         ,Jared,Dick,Clear,HeadOn,no,no,no,no,no,False
102983980,METROPOLITAN NASHVILLE POLICE DEPT,20210280888,Davidson,Nashville,5/20/2021 10:00:00 PM,2,0,0,36.145370,-86.666740,DONELSON PKE,,,,52.00,Feet,North,SHACKLETT DR,,,,0.00,N,Not at Intersection,N,Non-Junction,None,,,         ,Graham,Binkley,Clear,Angle,no,no,no,no,no,False
102983982,METROPOLITAN NASHVILLE POLICE DEPT,20210281053,Davidson,Nashville,5/20/2021 11:00:00 PM,2,0,0,36.064280,-86.684040,I 24,,,,0.00,,,,,,,57.50,N,Not at Intersection, ,Non-Junction,None,,,         ,Tessa,Garcia,Clear,"Sideswipe, Same Direction",no,no,no,no,yes,False
102983983,METROPOLITAN NASHVILLE POLICE DEPT,20210281172,Davidson,Nashville,5/21/2021 12:35:00 AM,2,0,0,36.148920,-86.666850,ELM HILL PKE,,,,174.00,Feet,West,DONELSON PKE,,,,0.00,N,Not at Intersection,N,OtherLocation,None,,,         ,Randall,Ward,Clear,Angle,no,no,no,yes,yes,False
102983998,METROPOLITAN NASHVILLE POLICE DEPT,20210281078,Davidson,Nashville,5/21/2021 12:00:00 AM,2,0,0,36.101550,-86.741800,MCCLELLAN AV,,,,332.00,Feet,East,SAINDON ST,,,,0.00,N,Not at Intersection, ,Non-Junction,None,,,         ,Aaron,Brumley,,Angle,no,no,no,no,no,False
102984051,METROPOLITAN NASHVILLE POLICE DEPT,20210281216,Davidson,Nashville,5/21/2021 1:39:00 AM,2,1,0,36.040280,-86.752230,OLD HICKORY BLVD,,,,39.00,Feet,East,CHADWICK LN,,,,0.00,N,Not at Intersection,N,Non-Junction,Maintenance Zone,Laneclosure,Unknown,         ,Tony,Mingsing,Clear,Front to Rear,no,no,no,no,no,False
102984077,METROPOLITAN NASHVILLE POLICE DEPT,20210281384,Davidson,Not in City Limit,5/21/2021 4:41:00 AM,1,1,0,36.077520,-87.021030,MCCRORY LN,,,,47.00,Feet,East,I40 W ENT RAMP,,,,0.00,N,Not at Intersection,N,Non-Junction,None,,,         ,David,Moser,Clear,Not Collision with Motor Vehicle in Transport,no,no,no,no,no,False
102984092,METROPOLITAN NASHVILLE POLICE DEPT,20210281446,Davidson,Nashville,5/21/2021 6:24:00 AM,2,1,0,36.110940,-86.745220,NOLENSVILLE PKE,,,,0.00,Feet,West,THOMPSON LN,,,,0.00,N,Not at Intersection,N,Non-Junction,None,,,         ,Tony,Mingsing,Clear,Front to Rear,no,no,no,no,no,False
102984104,METROPOLITAN NASHVILLE POLICE DEPT,20210281468,Davidson,Nashville,5/21/2021 6:50:00 AM,1,0,0,36.061150,-86.912410,HIGHWAY 100,,,,437.00,Feet,West,WARNER NATURE CTR PVTDR,,,,0.00,N,Not at Intersection, ,Non-Junction,None,,,         ,Douglas,Atwood,Clear,Not Collision with Motor Vehicle in Transport,no,no,no,no,no,False
102984117,METROPOLITAN NASHVILLE POLICE DEPT,20210281476,Davidson,Nashville,5/21/2021 7:03:00 AM,2,0,0,36.153060,-86.742400,FESSLERS LN,,,,281.00,Feet,North,HEATHCOTE AV,,,,0.00,N,Not at Intersection,N,"Driveway, Alley Access, etc",None,,,         ,Michael,Dance,Clear,Angle,no,no,no,no,no,False
102984119,METROPOLITAN NASHVILLE POLICE DEPT,20210281512,Davidson,Nashville,5/21/2021 7:34:00 AM,2,1,0,36.143310,-86.686360,I 40,,,,0.00,,,,,,,215.50,N,Not at Intersection,N,Non-Junction,None,,,         ,Michael,Brooks,Clear,"Sideswipe, Same Direction",no,no,no,no,no,False
102984123,METROPOLITAN NASHVILLE POLICE DEPT,20210281506,Davidson,Nashville,5/21/2021 6:45:00 AM,2,0,0,36.045620,-86.703580,EULALA DR,,,,70.00,Feet,North,OLD HICKORY BLVD,,,,0.00,N,Not at Intersection,N,Non-Junction,None,,,         ,Eric,Burford,Clear,Front to Rear,no,no,no,no,no,False
102984127,METROPOLITAN NASHVILLE POLICE DEPT,20210281580,Davidson,Nashville,5/21/2021 8:10:00 AM,1,0,0,36.217480,-86.743450,BEN ALLEN RD,,,,9.00,Feet,North,HART LN,,,,0.00,N,Not at Intersection, ,Non-Junction,None,,,         ,Matthew,Herod,Clear,Not Collision with Motor Vehicle in Transport,no,no,no,no,no,False
102984130,METROPOLITAN NASHVILLE POLICE DEPT,20210281533,Davidson,Nashville,5/21/2021 7:48:00 AM,3,0,0,36.146970,-86.643570,I 40,,,,0.00,,,,,,,218.00,N,Not at Intersection,N,Non-Junction,None,,,         ,Michael,Dance,Clear,Front to Rear,no,no,no,no,no,False
102984133,METROPOLITAN NASHVILLE POLICE DEPT,20210281486,Davidson,Nashville,5/21/2021 6:19:00 AM,2,0,0,36.235490,-86.764110,I 65,,,,0.00,,,,,,,89.55,N,Not at Intersection,N,Non-Junction,None,,,         ,Doyle,Price,Clear,Front to Rear,no,no,no,no,yes,False
102984140,METROPOLITAN NASHVILLE POLICE DEPT,20210281584,Davidson,Nashville,5/21/2021 12:00:00 AM,2,0,0,36.243890,-86.756580,SKYLINE MEMORIAL CT,,,,0.00,,,DICKERSON PKE,,,,0.00,Y,Four-Way, ,Intersection-Related,None,,,         ,Wesley,Mcclelland,Clear,Angle,no,no,no,no,no,False
102984171,METROPOLITAN NASHVILLE POLICE DEPT,20210281640,Davidson,Nashville,5/21/2021 8:50:00 AM,2,0,0,36.042120,-86.653220,I 24,,,,0.00,,,,,,,59.80,N,Not at Intersection, ,Non-Junction,Construction Zone,,,         ,Eric,Burford,Clear,Front to Rear,no,no,no,no,no,False
102984172,METROPOLITAN NASHVILLE POLICE DEPT,20210281519,Davidson,Nashville,5/21/2021 5:47:00 AM,2,0,0,36.231600,-86.781520,EWING DR,,,,0.00,Feet,,BRICK CHURCH PKE,,,,0.00,Y,Four-Way,N,Intersection,None,,,         ,Joshua,Murray,Clear,Front to Rear,no,no,no,no,yes,False
102984173,METROPOLITAN NASHVILLE POLICE DEPT,20210281550,Davidson,Nashville,5/21/2021 6:45:00 AM,2,0,0,36.206690,-86.778900,W TRINITY LN,,,,138.00,Feet,West,HAMPTON ST,,,,0.00,N,Not at Intersection,N,Non-Junction,None,,,         ,Jeanine,Sarno,Clear,"Sideswipe, Same Direction",no,no,no,no,no,False
102984174,METROPOLITAN NASHVILLE POLICE DEPT,20210281579,Davidson,Nashville,5/21/2021 8:13:00 AM,2,0,0,36.037400,-86.786570,FRANKLIN PKE,,,,0.00,,,OLD HICKORY BLVD,,,,0.00,Y,Four-Way, ,Intersection,None,,,         ,Earl,Davis,Clear,"Sideswipe, Same Direction",no,no,no,no,no,False
102984175,METROPOLITAN NASHVILLE POLICE DEPT,20210281469,Davidson,Antioch,5/21/2021 6:40:00 AM,2,1,0,36.009220,-86.614960,I 24,,,,0.00,,,,,,,63.00,N,Not at Intersection,N,Non-Junction,None,,,         ,Kency,Le,Clear,Angle,no,no,no,no,no,False
102984180,METROPOLITAN NASHVILLE POLICE DEPT,20210281531,Davidson,Nashville,5/21/2021 7:46:00 AM,2,1,0,36.195680,-86.776660,FERN AV,,,,0.00,,,BRICK CHURCH PKE,,,,0.00,Y,Four-Way,N,Intersection-Related,None,,,         ,Tyler,Adcock,Clear,"Sideswipe, Same Direction",no,no,no,no,yes,False
102984201,METROPOLITAN NASHVILLE POLICE DEPT,20210281667,Davidson,Nashville,5/21/2021 8:15:00 AM,2,0,0,36.173590,-86.602150,OLD HICKORY BLVD,,,,0.00,,,CENTRAL PKE,,,,0.00,Y,Four-Way,N,Intersection-Related,None,,,         ,Michael,Brooks,Clear,Front to Rear,no,no,no,no,yes,False
102984202,METROPOLITAN NASHVILLE POLICE DEPT,20210281567,Davidson,Nashville,5/21/2021 8:20:00 AM,2,2,0,36.043830,-86.661600,CANE RIDGE RD,,,,131.00,Feet,North,CANEWOOD DR,,,,0.00,N,Not at Intersection,N,Non-Junction,None,,,         ,Aimee,Ortiz,Clear,Angle,no,no,no,no,no,False
102984203,METROPOLITAN NASHVILLE POLICE DEPT,20210281675,Davidson,Madison,5/21/2021 12:00:00 AM,2,0,0,36.264420,-86.711440,GALLATIN PKEN,,,,50.00,Feet,North,OLD TIME VILLAGE PVTDR,,,,0.00,N,Not at Intersection,N,Non-Junction,None,,,         ,Wesley,Mcclelland,Clear,"Sideswipe, Same Direction",no,no,no,no,no,False
102984204,METROPOLITAN NASHVILLE POLICE DEPT,20210281632,Davidson,Nashville,5/21/2021 9:00:00 AM,2,0,0,36.251500,-86.691580,NEELYS BEND RD,,,,0.00,,,TAHLENA AV,,,,0.00,Y,T-Intersection,N,Intersection,None,,,         ,Eric,Richardson,Clear,Front to Rear,no,no,no,no,no,False
102984213,METROPOLITAN NASHVILLE POLICE DEPT,20210281695,Davidson,Nashville,5/21/2021 9:42:00 AM,2,0,0,36.121710,-86.625960,DEEP WOODS TRL,,,,243.00,Feet,East,BRACKEN TRL,,,,0.00,N,Not at Intersection,N,Non-Junction,None,,,         ,Terry,Denton,Clear,Front to Rear,no,no,no,no,no,False
102984227,VANDERBILT UNIVERSITY POLICE,210279353,Davidson,Nashville,5/20/2021 7:02:00 AM,2,0,0,36.150420,-86.798610,20TH AVE S,,,,0.00,,,TERRACE PL,,,,0.00,Y,T-Intersection, ,Intersection,None,,,         ,Michael,Knupp,,"Sideswipe, Same Direction",no,no,no,no,no,Campus
102984244,METROPOLITAN NASHVILLE POLICE DEPT,20210281778,Davidson,Nashville,5/21/2021 10:16:00 AM,2,0,0,36.136310,-86.726740,I 24,,,,0.00,,,,,,,52.25,N,Not at Intersection,N,Non-Junction,None,,,         ,Michael,Dance,Clear,"Sideswipe, Same Direction",no,no,no,no,yes,False
102984259,METROPOLITAN NASHVILLE POLICE DEPT,20210281747,Davidson,Nashville,5/21/2021 10:23:00 AM,2,0,0,36.187570,-86.775330,I 24,,,,0.00,,,,,,,47.10,N,Not at Intersection,N,Non-Junction,None,,,         ,Matthew,Herod,Clear,"Sideswipe, Same Direction",no,no,no,no,no,False
102984275,METROPOLITAN NASHVILLE POLICE DEPT,20210281821,Davidson,Not in City Limit,5/21/2021 11:08:00 AM,2,1,0,36.313330,-86.830450,I 24,,,,0.00,,,,,,,37.40,N,Not at Intersection,N,Non-Junction,None,,,         ,Michael,Suagua,Clear,Angle,no,no,no,no,no,False
102984292,METROPOLITAN NASHVILLE POLICE DEPT,20210281805,Davidson,Nashville,5/21/2021 11:01:00 AM,2,0,0,36.167420,-86.777730,PUBLIC SQ,,,,0.00,Feet,East,JAMES ROBERTSON PKWY,,,,0.00,N,Not at Intersection, ,Non-Junction,None,,,         ,Cecelia,Brown,Clear,Front to Rear,no,no,no,yes,no,False
102984357,METROPOLITAN NASHVILLE POLICE DEPT,20210281920,Davidson,Nashville,5/21/2021 12:16:00 PM,2,1,0,36.155010,-86.627110,STEWARTS FERRY PKE,,,,0.00,,,I40 E EXT RAMP,,,,0.00,Y,OTHER,N,Entrance/Exit Ramp Related,None,,,         ,Michael,Dance,Clear,Angle,no,no,no,no,yes,False
102984382,VANDERBILT UNIVERSITY POLICE,2021-00051110,Davidson,Nashville,5/21/2021 12:37:00 PM,2,0,0,36.142320,-86.801490,MEDICAL CENTER DR,,,,467.00,Feet,West,21ST AVS,,,,0.00,N,Not at Intersection, ,,None,,,         ,Dontrell,Weakley,,,no,no,no,yes,no,Campus
102984416,METROPOLITAN NASHVILLE POLICE DEPT,20210281952,Davidson,Nashville,5/21/2021 12:33:00 PM,2,0,0,36.145800,-86.741690,I 40,,,,0.00,,,,,,,212.20,N,Not at Intersection, ,,None,,,         ,Michael,Dance,,,no,no,no,no,no,False
102984420,METROPOLITAN NASHVILLE POLICE DEPT,20210281935,Davidson,Nashville,5/21/2021 12:20:00 PM,2,0,0,36.181910,-86.607490,OLD HICKORY BLVD,,,,192.00,Feet,East,ANDREW JACKSON WAY,,,,0.00,N,Not at Intersection, ,Non-Junction,None,,,         ,Michael,Brooks,Clear,"Sideswipe, Same Direction",no,no,no,no,no,False
102984426,METROPOLITAN NASHVILLE POLICE DEPT,20210281932,Davidson,Nashville,5/21/2021 12:04:00 PM,2,0,0,36.153240,-86.843540,ALABAMA AV,,,,1.00,Feet,West,47TH AVN,,,,0.00,N,Not at Intersection,N,Non-Junction,None,,,         ,Ronald,Bright,Clear,Front to Rear,no,no,no,no,yes,False
102984427,METROPOLITAN NASHVILLE POLICE DEPT,20210282031,Davidson,Not in City Limit,5/21/2021 1:20:00 PM,2,1,0,36.263360,-86.709670,STATE RT 45,,,,609.00,Feet,East,GALLATIN PKEN,,,,0.00,N,Not at Intersection,N,Non-Junction,None,,,         ,Brian,Otto,Clear,Angle,no,no,no,no,no,False
102984439,METROPOLITAN NASHVILLE POLICE DEPT,20210281912,Davidson,Nashville,5/21/2021 12:08:00 PM,2,1,0,36.140190,-86.879170,CHARLOTTE PKE,,,,23.00,Feet,East,RUSSLEO DR,,,,0.00,N,Not at Intersection,N,Non-Junction,None,,,         ,Andrew,Anoskey,Clear,Angle,no,no,no,no,no,False
102984466,METROPOLITAN NASHVILLE POLICE DEPT,20210282094,Davidson,Nashville,5/21/2021 1:07:00 PM,2,0,0,36.148880,-86.782410,I 40,,,,0.00,,,,,,,209.70,N,Not at Intersection,N,Non-Junction,None,,,         ,Michael,Dance,Clear,Front to Rear,no,no,no,no,yes,False
102984469,METROPOLITAN NASHVILLE POLICE DEPT,20210282039,Davidson,Not in City Limit,5/21/2021 1:26:00 PM,2,1,0,36.276850,-86.798420,I24 W ENT RAMP,,,,0.00,,,I 24,,,,0.00,Y,T-Intersection,N,Entrance/Exit Ramp Related,None,,,         ,Jerre,Fly,Clear,Angle,no,no,no,no,yes,False
102984548,METROPOLITAN NASHVILLE POLICE DEPT,20210282078,Davidson,Nashville,5/21/2021 1:42:00 PM,2,0,0,36.082260,-86.711760,HARDING PL,,,,403.00,Feet,West,RICHBRIAR CIR,,,,0.00,N,Not at Intersection,N,Non-Junction,None,,,         ,Thomas,Vasquez,Clear,Front to Rear,no,no,no,no,no,False
102984584,WILLIAMSON CO SHERIFFS OFFICE,2112930,Davidson,Nashville,5/21/2021 1:28:00 PM,2,0,0,36.028880,-86.917130,SNEED RDW,,,,0.00,Feet,,VAUGHN RD,,,,0.00,Y,T-Intersection,N,Intersection,None,,,         ,Ethan,Lankford,Clear,Front to Rear,no,no,no,no,no,False
102984604,METROPOLITAN NASHVILLE POLICE DEPT,20210282226,Davidson,Nashville,5/21/2021 3:31:00 PM,1,1,0,36.060070,-86.679670,I 24,,,,0.00,,,,,,,57.85,N,Not at Intersection,N,Non-Junction,None,,,         ,Joseph,Hurst,Clear,Not Collision with Motor Vehicle in Transport,no,no,no,no,no,False
102984616,METROPOLITAN NASHVILLE POLICE DEPT,20210282141,Davidson,Nashville,5/21/2021 2:46:00 PM,2,0,0,36.203380,-86.776840,I 65,,,,0.00,,,,,,,87.10,N,Not at Intersection, ,Non-Junction,None,,,         ,Christopher,Augustin,Clear,Front to Rear,no,no,no,no,no,False
102984628,METROPOLITAN NASHVILLE POLICE DEPT,20210282263,Davidson,Nashville,5/21/2021 3:45:00 PM,2,0,0,36.157620,-86.806760,CLIFTON AV,,,,0.00,Feet,West,21ST AVN,,,,0.00,N,Not at Intersection, ,,None,,,         ,Jacob,Krispin,,,no,no,no,no,no,False
102984651,METROPOLITAN NASHVILLE POLICE DEPT,20210282317,Davidson,Nashville,5/21/2021 2:25:00 PM,2,0,0,36.071880,-86.636190,MURFREESBORO PKE,,,,4.00,Feet,North,BELL RD,,,,0.00,N,Not at Intersection,N,Non-Junction,None,,,         ,Garrett,Reingardt,Clear,Front to Rear,no,no,no,no,no,False
102984652,METROPOLITAN NASHVILLE POLICE DEPT,20210282239,Davidson,Nashville,5/21/2021 3:37:00 PM,2,0,0,36.172980,-86.792620,JEFFERSON ST,,,,67.00,Feet,West,9TH AVN,,,,0.00,N,Not at Intersection,N,Non-Junction,None,,,         ,Lucas,Thomas,Clear,Front to Rear,no,no,no,no,no,False
102984654,METROPOLITAN NASHVILLE POLICE DEPT,20210282242,Davidson,Nashville,5/21/2021 3:36:00 PM,2,0,0,36.071230,-86.684190,ANTIOCH PKE,,,,0.00,,,HAYSTACK LN,,,,0.00,Y,T-Intersection,N,Intersection,Construction Zone,Lane Shift-Crossover,Advanced Warning Area,         ,Megan,Arnett,Clear,Angle,no,no,no,no,no,False
102984655,GOODLETTSVILLE POLICE DEPT,21-13466,Davidson,Goodlettsville,5/21/2021 4:11:00 PM,1,1,0,36.312250,-86.701420,I 65,,,,0.00,,,,,,,96.20,N,Not at Intersection,N,Non-Junction,None,,,         ,Rico,Jones,Clear,Not Collision with Motor Vehicle in Transport,no,no,no,no,no,False
102984676,METROPOLITAN NASHVILLE POLICE DEPT,20210282363,Davidson,Nashville,5/21/2021 4:48:00 PM,2,0,0,36.205890,-86.768610,E TRINITY LN,,,,0.00,,,DICKERSON PKE,,,,0.00,Y,Four-Way,N,Intersection,None,,,         ,Marc,Kozen,Clear,Rear to Rear,no,no,no,no,yes,False
102984685,METROPOLITAN NASHVILLE POLICE DEPT,20210282199,Davidson,Nashville,5/21/2021 3:10:00 PM,3,2,0,36.079060,-86.695620,I 24,,,,0.00,,,,,,,56.30,N,Not at Intersection,N,Non-Junction,None,,,         ,Steven,Bowler,Clear,Front to Rear,no,no,no,no,no,False
102984687,METROPOLITAN NASHVILLE POLICE DEPT,20210282372,Davidson,Nashville,5/21/2021 4:59:00 PM,2,0,0,36.047230,-86.656360,BELL RD,,,,0.00,,,,,,,0.00,,Not at Intersection,N,Non-Junction,None,,,         ,Joseph,Hurst,Clear,Front to Rear,no,no,no,no,no,False
102984688,METROPOLITAN NASHVILLE POLICE DEPT,20210282447,Davidson,Antioch,5/21/2021 4:44:00 PM,2,0,0,36.043250,-86.605930,HOBSON PKE,,,,235.00,Feet,East,MURFREESBORO PKE,,,,0.00,N,Not at Intersection,N,Non-Junction,None,,,         ,Garrett,Reingardt,Clear,Front to Rear,no,no,no,no,yes,False
102984693,METROPOLITAN NASHVILLE POLICE DEPT,20210282235,Davidson,Goodlettsville,5/21/2021 3:36:00 PM,3,0,0,36.302750,-86.691850,RIVERGATE MARKETPLACE PVTDR,,,,0.00,,,GALLATIN PKEN,,,,0.00,Y,Four-Way, ,Intersection,None,,,         ,Christopher,Littles,Clear,"Sideswipe, Same Direction",no,no,no,no,yes,False
102984694,METROPOLITAN NASHVILLE POLICE DEPT,20210282278,Davidson,Not in City Limit,5/21/2021 4:03:00 PM,2,0,0,36.264120,-86.725150,OLD HICKORY BLVDW,,,,0.00,,,BEVERLY DR,,,,0.00,Y,T-Intersection,N,Intersection,None,,,         ,Christopher,Littles,Clear,HeadOn,no,no,no,no,no,False
102984695,METROPOLITAN NASHVILLE POLICE DEPT,20210282401,Davidson,Not in City Limit,5/21/2021 4:55:00 PM,1,0,0,36.277190,-86.797510,WESTCAP RD,,,,368.00,Feet,West,HICKORY HILLS BLVD,,,,0.00,N,Not at Intersection,N,Non-Junction,None,,,         ,Christopher,Littles,Clear,Not Collision with Motor Vehicle in Transport,no,no,no,no,yes,False
102984701,VANDERBILT UNIVERSITY POLICE,20210282248,Davidson,Nashville,5/21/2021 3:43:00 PM,2,0,0,36.137570,-86.800760,WEDGEWOOD AV,,,,0.00,,,BLAKEMORE AV,,,,0.00,Y,Four-Way, ,Non-Junction,None,,,         ,V,Greene,Clear,"Sideswipe, Same Direction",no,no,no,no,no,Campus
102984710,METROPOLITAN NASHVILLE POLICE DEPT,20210282361,Davidson,Nashville,5/21/2021 4:45:00 PM,2,1,0,36.172590,-86.762800,S 6TH ST,,,,0.00,,,WOODLAND ST,,,,0.00,Y,Four-Way,N,Intersection,None,,,         ,Kevin,Clausius,Clear,Angle,no,no,no,no,no,False
102984711,METROPOLITAN NASHVILLE POLICE DEPT,20210282316,Davidson,Nashville,5/21/2021 4:25:00 PM,2,0,0,36.144190,-86.744110,FESSLERS LN,,,,171.00,Feet,South,ELM HILL PKE,,,,0.00,N,Not at Intersection, ,Non-Junction,None,,,         ,Steven,Bowler,Clear,Angle,no,no,no,no,no,False
102984713,METROPOLITAN NASHVILLE POLICE DEPT,20210282436,Davidson,Nashville,5/21/2021 5:35:00 PM,2,1,0,36.086770,-86.694900,HARDING PL,,,,313.00,Feet,East,METROPLEX DR,,,,0.00,N,Not at Intersection,N,Non-Junction,None,,,         ,Taylor,Blackwelder,Clear,Angle,no,no,no,no,no,False
102984715,METROPOLITAN NASHVILLE POLICE DEPT,20210282284,Davidson,Nashville,5/21/2021 3:15:00 PM,2,0,0,36.039960,-86.753120,OLD HICKORY BLVD,,,,248.00,Feet,West,CHADWICK LN,,,,0.00,N,Not at Intersection, ,,None,,,         ,David,Rehm,,,no,no,no,no,no,False
102984718,METROPOLITAN NASHVILLE POLICE DEPT,20210282508,Davidson,Nashville,5/21/2021 6:00:00 PM,2,0,0,36.074670,-86.920960,OLD HICKORY BLVD,,,,70.00,Feet,North,HIGHWAY 70S,,,,0.00,N,Not at Intersection, ,Non-Junction,None,,,         ,Ryan,Papp,Clear,Angle,no,no,no,no,no,False
102984721,METROPOLITAN NASHVILLE POLICE DEPT,20210282458,Davidson,Nashville,5/21/2021 12:00:00 AM,1,0,0,36.123540,-86.709950,WINTHORNE DR,,,,148.00,Feet,East,BOWWOOD DR,,,,0.00,N,Not at Intersection,N,Non-Junction,None,,,         ,John,Braun,Clear,Not Collision with Motor Vehicle in Transport,no,no,no,no,no,False
102984722,METROPOLITAN NASHVILLE POLICE DEPT,20210282377,Davidson,Nashville,5/21/2021 4:46:00 PM,2,0,0,36.139600,-86.701090,KAREN DR,,,,0.00,Feet,,DABBS AV,,,,0.00,Y,Four-Way, ,Intersection,None,,,         ,Dontaveous,Eubanks,Clear,Angle,no,no,no,no,no,False
102984725,METROPOLITAN NASHVILLE POLICE DEPT,20210282457,Davidson,Nashville,5/21/2021 5:43:00 PM,2,0,0,36.098570,-86.772060,FRANKLIN PKE,,,,67.00,Feet,South,NORWOOD DR,,,,0.00,N,Not at Intersection,N,Non-Junction,None,,,         ,Douglas,Sykes,Clear,"Sideswipe, Same Direction",no,no,no,no,yes,False
102984726,METROPOLITAN NASHVILLE POLICE DEPT,20210282471,Davidson,Nashville,5/21/2021 12:00:00 AM,2,0,0,36.159520,-86.783350,9TH AVN,,,,127.00,Feet,South,COMMERCE ST,,,,0.00,N,Not at Intersection,N,Non-Junction,None,,,         ,Nicholas,Kiraly,Clear,Front to Rear,no,no,no,no,yes,False
102984737,METROPOLITAN NASHVILLE POLICE DEPT,20210282484,Davidson,Nashville,5/21/2021 6:01:00 PM,3,1,0,36.143170,-86.685430,I 40,,,,0.00,,,,,,,215.55,N,Not at Intersection,N,Non-Junction,None,,,         ,Joseph,Simon,Clear,Front to Rear,no,no,no,no,no,False
102984740,METROPOLITAN NASHVILLE POLICE DEPT,20210282386,Davidson,Nashville,5/21/2021 5:00:00 PM,2,0,0,36.076660,-86.640830,MURFREESBORO PKE,,,,254.00,Feet,East,LAKEVILLA DR,,,,0.00,N,Not at Intersection,N,Non-Junction,None,,,         ,Steven,Bowler,Clear,Angle,no,no,no,no,no,False
102984742,METROPOLITAN NASHVILLE POLICE DEPT,20210282583,Davidson,Nashville,5/21/2021 6:36:00 PM,2,0,0,36.064760,-86.684540,I 24,,,,0.00,,,,,,,57.40,N,Not at Intersection,N,Non-Junction,None,,,         ,Garrett,Reingardt,Clear,"Sideswipe, Same Direction",no,no,no,no,yes,False
102984751,METROPOLITAN NASHVILLE POLICE DEPT,20210282437,Davidson,Not in City Limit,5/21/2021 5:30:00 PM,2,0,0,36.078220,-86.949730,HIGHWAY 70S,,,,449.00,Feet,East,BELLEVUE CTR PVTDR,,,,0.00,N,Not at Intersection, ,Non-Junction,None,,,         ,Michael,Sipos,Clear,"Sideswipe, Same Direction",no,no,no,yes,yes,False
102984760,METROPOLITAN NASHVILLE POLICE DEPT,20210282422,Davidson,Not in City Limit,5/21/2021 12:00:00 AM,2,0,0,36.258600,-86.738280,I 65,,,,0.00,,,,,,,91.85,N,Not at Intersection, ,Non-Junction,None,,,         ,Zachary,Smith,Clear,"Sideswipe, Same Direction",no,no,no,no,no,False
102984766,METROPOLITAN NASHVILLE POLICE DEPT,20210282405,Davidson,Nashville,5/21/2021 5:02:00 PM,2,0,0,36.222810,-86.725820,GREENLAND AV,,,,0.00,,,GALLATIN PKE,,,,0.00,Y,T-Intersection, ,,None,,,         ,Zachary,Aldrich,,,no,no,no,no,no,False
102984767,METROPOLITAN NASHVILLE POLICE DEPT,20210282575,Davidson,Antioch,5/21/2021 5:45:00 PM,2,0,0,36.017210,-86.623900,I 24,,,,0.00,,,,,,,62.30,N,Not at Intersection,N,Non-Junction,None,,,         ,Brandon,Simpkins,Clear,Front to Rear,no,no,no,no,yes,False
102984821,METROPOLITAN NASHVILLE POLICE DEPT,20210282702,Davidson,Nashville,5/21/2021 8:22:00 PM,2,1,0,36.071230,-86.684190,ANTIOCH PKE,,,,0.00,,,HAYSTACK LN,,,,0.00,Y,T-Intersection,N,Intersection-Related,None,,,         ,Joseph,Hurst,Clear,Angle,no,no,no,no,no,False
102984832,METROPOLITAN NASHVILLE POLICE DEPT,20210282162,Davidson,Nashville,5/21/2021 11:21:00 AM,3,0,0,36.085710,-86.699750,I 24,,,,0.00,,,,,,,55.75,N,Not at Intersection,N,Non-Junction,None,,,         ,Robert,Higgins,Clear,Angle,no,no,no,no,no,False
102984833,METROPOLITAN NASHVILLE POLICE DEPT,20210282127,Davidson,Nashville,5/21/2021 9:49:00 AM,2,0,0,36.067910,-86.687820,I 24,,,,0.00,,,,,,,57.15,N,Not at Intersection,N,Non-Junction,None,,,         ,Robert,Higgins,Clear,"Sideswipe, Same Direction",no,no,no,no,yes,False