master_record_number,agency,agency_tracking_number,county,city,collision_date,vehicles_involved,number_injured,number_dead,latitude,longitude,roadway_name,roadway_suffix,roadway_number,roadway_local_id,distance_from_reference,miles-feet_indicator,direction_from_reference,intersection_road_name,intersection_road_name_suffix,intersection_road_number,intersection_local_id,mile_marker,intersection_indicator,intersect_type,interchange_related_indicator,relation_to_junction,work_zone_type,construction_maintenance_zone,construction_maintenance_zone_location,fatal_case_number,officer_first_name,officer_last_name,weather_condition(s),manner_of_crash,pedestrian,bicycle,scooter,parking,hitrun,mou
102984834,METROPOLITAN NASHVILLE POLICE DEPT,20210282435,Davidson,Nashville,5/21/2021 5:32:00 PM,3,1,0,36.062030,-86.681710,I 24,,,,0.00,,,,,,,57.70,N,Not at Intersection,N,Non-Junction,None,,,         ,Robert,Higgins,Clear,Front to Rear,no,no,no,no,no,False
102984838,METROPOLITAN NASHVILLE POLICE DEPT,20210282604,Davidson,Nashville,5/21/2021 7:17:00 PM,2,1,0,36.200780,-86.722830,MARSDEN AV,,,,0.00,,,RIVERSIDE DR,,,,0.00,Y,T-Intersection,N,Intersection,None,,,         ,Cooper,HIll,Clear,Angle,no,no,no,no,no,False
102984877,METROPOLITAN NASHVILLE POLICE DEPT,20210282744,Davidson,Nashville,5/21/2021 7:04:00 PM,2,0,0,36.183820,-86.748370,EASTLAND AV,,,,0.00,,,GALLATIN AV,,,,0.00,Y,T-Intersection, ,Non-Junction,None,,,         ,Marc,Kozen,Clear,"Sideswipe, Opposite Direction",no,no,no,no,no,False
102984881,METROPOLITAN NASHVILLE POLICE DEPT,20210282662,Davidson,Nashville,5/21/2021 7:50:00 PM,2,0,0,36.045680,-86.658350,BELL RD,,,,47.00,Feet,East,I24 W EXT RAMP,,,,0.00,N,Not at Intersection,N,Non-Junction,None,,,         ,Gabriel,Hamilton,Clear,Front to Rear,no,no,no,no,yes,False
102984884,METROPOLITAN NASHVILLE POLICE DEPT,20210282746,Davidson,Nashville,5/21/2021 8:53:00 PM,2,0,0,36.044940,-86.664780,BELL RD,,,,964.00,Feet,West,CANE RIDGE RD,,,,0.00,N,Not at Intersection,N,Non-Junction,None,,,         ,Robert,Higgins,Clear,HeadOn,no,no,no,no,no,False
102984887,METROPOLITAN NASHVILLE POLICE DEPT,20210282758,Davidson,Nashville,5/21/2021 8:59:00 PM,2,1,0,36.045600,-86.658470,I24 W EXT RAMP,,,,0.00,,,I 24,,,,0.00,Y,Four-Way,N,Intersection,None,,,         ,Megan,Arnett,Clear,Angle,no,no,no,no,no,False
102984894,METROPOLITAN NASHVILLE POLICE DEPT,20210282538,Davidson,Nashville,5/21/2021 6:30:00 PM,3,0,0,36.215400,-86.588510,TULIP GROVE RD,,,,0.00,,,LEBANON PKE,,,,0.00,Y,Four-Way, ,Intersection,None,,,         ,Christian,Vanders,,Front to Rear,no,no,no,no,no,False
102984897,METROPOLITAN NASHVILLE POLICE DEPT,20210282780,Davidson,Nashville,5/21/2021 8:55:00 PM,2,0,0,36.142110,-86.884690,I 40,,,,0.00,,,,,,,202.20,N,Not at Intersection, ,,None,,,         ,Robert,Crow,,,no,no,no,no,no,False
102984973,METROPOLITAN NASHVILLE POLICE DEPT,20210282895,Davidson,Nashville,5/21/2021 10:46:00 PM,2,0,0,36.134240,-86.776370,I65 S ENT RAMP,,,,0.00,Feet,,I65 S EXT RAMP,,,,0.00,Y,Four-Way,N,Intersection,None,,,         ,Kelsey,Hicks,Clear,Angle,no,no,no,no,yes,False
102985022,METROPOLITAN NASHVILLE POLICE DEPT,20210283093,Davidson,Nashville,5/22/2021 12:55:00 AM,1,0,0,36.252190,-86.739810,I 65,,,,0.00,,,,,,,91.40,N,Not at Intersection, ,Non-Junction,None,,,         ,Jonathon,Sheppard,Clear,Not Collision with Motor Vehicle in Transport,no,no,no,no,no,False
102985029,METROPOLITAN NASHVILLE POLICE DEPT,20210283045,Davidson,Nashville,5/22/2021 12:05:00 AM,2,0,0,36.164030,-86.786240,CHARLOTTE AV,,,,0.00,,,ROSA L PARKS BLVD,,,,0.00,Y,T-Intersection,N,Intersection,None,,,         ,Nathaniel,Jones,Clear,Angle,no,no,no,no,no,False
102985032,METROPOLITAN NASHVILLE POLICE DEPT,20210283036,Davidson,Nashville,5/22/2021 12:15:00 AM,2,0,0,36.082420,-86.697670,I 24,,,,0.00,,,,,,,56.00,N,Not at Intersection,N,Non-Junction,None,,,         ,Jose,Oliveros,Clear,Front to Rear,no,no,no,no,no,False
102985036,METROPOLITAN NASHVILLE POLICE DEPT,20210283026,Davidson,Nashville,5/22/2021 12:05:00 AM,2,0,0,36.168330,-86.814590,I 40,,,,0.00,,,,,,,206.85,N,Not at Intersection,N,Non-Junction,None,,,         ,Christopher,Royer,Clear,Front to Rear,no,no,no,no,no,False
102985037,METROPOLITAN NASHVILLE POLICE DEPT,20210283192,Davidson,Nashville,5/22/2021 12:00:00 AM,1,0,0,36.088370,-86.702080,I24 E EXT RAMP,,,,0.00,Feet,East,I 24,,,,0.00,N,Not at Intersection,N,Non-Junction,None,,,         ,Ashley,Kappenmacher,Clear,Unknown,no,no,no,no,yes,False
102985047,METROPOLITAN NASHVILLE POLICE DEPT,20210283162,Davidson,Nashville,5/22/2021 1:49:00 AM,1,0,0,36.067070,-86.690710,APACHE TRL,,,,97.00,Feet,East,HICKORY LAKE APTS PVTDR,,,,0.00,N,Not at Intersection,N,Non-Junction,None,,,         ,Jose,Oliveros,Clear,Not Collision with Motor Vehicle in Transport,no,no,no,no,yes,False
102985056,METROPOLITAN NASHVILLE POLICE DEPT,20210282996,Davidson,Nashville,5/21/2021 11:53:00 PM,3,2,0,36.103230,-86.666480,MURFREESBORO PKE,,,,0.00,,,FAIRCLOTH LN,,,,0.00,Y,T-Intersection,Y,Intersection,None,,,         ,Bridget,Griepentrog,Clear,Angle,no,no,no,no,no,False
102985060,METROPOLITAN NASHVILLE POLICE DEPT,20210283298,Davidson,Antioch,5/22/2021 3:59:00 AM,1,0,0,36.050190,-86.607310,PIN HOOK RD,,,,345.00,Feet,West,GROVEDALE TRC,,,,0.00,N,Not at Intersection,N,Non-Junction,None,,,         ,Holly,Davis,Clear,Not Collision with Motor Vehicle in Transport,no,no,no,yes,yes,False
102985122,METROPOLITAN NASHVILLE POLICE DEPT,20210283335,Davidson,Nashville,5/22/2021 12:00:00 AM,2,0,0,36.187920,-86.798480,DOMINICAN DR,,,,0.00,,,ROSA L PARKS BLVD,,,,0.00,Y,Four-Way,N,Intersection-Related,None,,,         ,Jacob,Ross,Clear,Angle,no,no,no,no,no,False
102985133,METROPOLITAN NASHVILLE POLICE DEPT,20210283239,Davidson,Nashville,5/22/2021 2:07:00 AM,3,0,0,36.165530,-86.778570,3RD AVN,,,,0.00,,,UNION ST,,,,0.00,Y,Four-Way,N,Intersection,None,,,         ,Nathaniel,Jones,Clear,Front to Rear,no,no,no,no,yes,False
102985162,METROPOLITAN NASHVILLE POLICE DEPT,20210283370,Davidson,Nashville,5/22/2021 6:08:00 AM,2,0,0,36.171340,-86.799180,JEFFERSON ST,,,,8.00,Feet,East,12TH AVN,,,,0.00,N,Not at Intersection,N,Non-Junction,None,,,         ,Christopher,Royer,Clear,Angle,no,no,no,no,no,False
102985187,METROPOLITAN NASHVILLE POLICE DEPT,20210283387,Davidson,Nashville,5/22/2021 6:40:00 AM,2,0,0,36.064790,-86.628480,HAMILTON CHURCH RD,,,,0.00,Feet,,MURFREESBORO PKE,,,,0.00,Y,Four-Way,N,Intersection-Related,None,,,         ,Sandra,Fly,Clear,Not Collision with Motor Vehicle in Transport,no,no,no,no,no,False
102985220,METROPOLITAN NASHVILLE POLICE DEPT,20210283476,Davidson,Nashville,5/22/2021 7:32:00 AM,2,1,0,36.084410,-86.698930,I 24,,,,0.00,,,,,,,55.85,N,Not at Intersection,N,Non-Junction,None,,,         ,Marcus,Darden,Clear,Front to Rear,no,no,no,no,no,False
102985238,METROPOLITAN NASHVILLE POLICE DEPT,20210283452,Davidson,Not in City Limit,5/22/2021 12:00:00 AM,1,0,0,36.169610,-86.945480,RIVER ROAD PKE,,,,0.79,Miles,North,LAKEVIEW DR,,,,0.00,N,Not at Intersection,N,Non-Junction,None,,,         ,Jack,Crouch,Unknown,Not Collision with Motor Vehicle in Transport,no,no,no,no,yes,False
102985239,METROPOLITAN NASHVILLE POLICE DEPT,20210283529,Davidson,Nashville,5/22/2021 9:31:00 AM,2,1,0,36.106540,-86.764560,POWELL AV,,,,0.00,Feet,,POWELL PL,,,,0.00,Y,Four-Way,Y,Intersection-Related,None,,,         ,Devin,Mabry,Clear,HeadOn,no,no,no,no,no,False
102985269,METROPOLITAN NASHVILLE POLICE DEPT,20210283467,Davidson,Nashville,5/22/2021 8:00:00 AM,2,2,0,36.090330,-86.626500,SMITH SPRINGS RD,,,,0.00,Feet,,BELL RD,,,,0.00,Y,Four-Way,Y,Intersection-Related,None,,,         ,Aimee,Ortiz,Clear,HeadOn,no,no,no,no,no,False
102985283,METROPOLITAN NASHVILLE POLICE DEPT,20210282107,Davidson,Nashville,5/21/2021 2:00:00 PM,2,0,0,36.168410,-86.813620,I40 E EXT RAMP,,,,0.00,Feet,East,I 40,,,,0.00,N,Not at Intersection, ,Entrance/Exit Ramp Related,None,,,         ,David,Kmosko,Clear,Front to Rear,no,no,no,no,no,False
102985292,METROPOLITAN NASHVILLE POLICE DEPT,20210283567,Davidson,Not in City Limit,5/22/2021 10:09:00 AM,2,1,0,36.306380,-86.686470,GALLATIN PKEN,,,,562.00,Feet,East,NORTHSIDE DR,,,,0.00,N,Not at Intersection,N,Non-Junction,None,,,         ,Joshua,Murray,Clear,Angle,no,no,no,yes,no,False
102985312,METROPOLITAN NASHVILLE POLICE DEPT,20210283578,Davidson,Nashville,5/22/2021 10:24:00 AM,2,0,0,36.043470,-86.661640,CANE RIDGE RD,,,,0.00,,,CANEWOOD DR,,,,0.00,Y,Four-Way,N,Intersection,None,,,         ,Lee,Davis,Clear,Angle,no,no,no,no,no,False
102985313,METROPOLITAN NASHVILLE POLICE DEPT,20210283540,Davidson,Nashville,5/22/2021 9:25:00 AM,2,0,0,36.169870,-86.607010,CENTRAL PKE EXIT RAMP,,,,0.00,,,I 40,,,,0.00,Y,OTHER, ,,None,,,         ,Michael,Brooks,,,no,no,no,no,no,False
102985331,METROPOLITAN NASHVILLE POLICE DEPT,20210283406,Davidson,Madison,5/22/2021 6:00:00 AM,3,0,0,36.278120,-86.734380,I 65,,,,0.00,,,,,,,93.20,N,Not at Intersection,N,Non-Junction,None,,,         ,Ricki,Armstrong,Clear,Front to Rear,no,no,no,no,yes,False
102985377,METROPOLITAN NASHVILLE POLICE DEPT,20210283570,Davidson,Nashville,5/22/2021 10:12:00 AM,2,2,0,36.039280,-86.672650,BELL TRACE DR,,,,0.00,Feet,,HICKORY PARK DR,,,,0.00,Y,T-Intersection,Y,Intersection-Related,None,,,         ,Zachary,Akers,Clear,Angle,no,no,no,no,no,False
102985391,METROPOLITAN NASHVILLE POLICE DEPT,20210283649,Davidson,Nashville,5/22/2021 11:41:00 AM,2,1,0,36.072240,-86.691720,I 24,,,,0.00,,,,,,,56.80,N,Not at Intersection,N,Non-Junction,None,,,         ,Marcus,Darden,Clear,"Sideswipe, Same Direction",no,no,no,no,no,False
102985404,METROPOLITAN NASHVILLE POLICE DEPT,20210283679,Davidson,Nashville,5/22/2021 11:56:00 AM,2,0,0,36.156150,-86.791050,GRUNDY ST,,,,80.00,Feet,East,15TH AVN,,,,0.00,N,Not at Intersection,N,Non-Junction,None,,,         ,Kimberly,Annson,Clear,"Sideswipe, Same Direction",no,no,no,no,yes,False
102985411,METROPOLITAN NASHVILLE POLICE DEPT,20210283539,Davidson,Nashville,5/22/2021 9:40:00 AM,2,0,0,36.045040,-86.661520,CANE RIDGE RD,,,,100.00,Feet,North,BELL RD,,,,0.00,N,Not at Intersection,N,Non-Junction,None,,,         ,Ivan,Vega,Clear,"Sideswipe, Opposite Direction",no,no,no,yes,yes,False
102985417,Metro Park Police,2021-0283650,Davidson,Nashville,5/22/2021 11:20:00 AM,2,0,0,36.059700,-86.874220,CHICKERING RD,,,,0.65,Miles,North,OLD HICKORY BLVD,,,,0.00,N,Not at Intersection,N,Unknown,None,,,         ,Curtis,"Avant, Jr.",Clear,Unknown,no,no,no,yes,no,False
102985418,METROPOLITAN NASHVILLE POLICE DEPT,20210283601,Davidson,Nashville,5/22/2021 10:51:00 AM,1,5,0,36.229800,-86.828440,BOYD DR,,,,0.00,,,,,,,0.00,,,N,Non-Junction,None,,,         ,Tyler,Adcock,Clear,Not Collision with Motor Vehicle in Transport,yes,no,no,yes,no,False
102985437,METROPOLITAN NASHVILLE POLICE DEPT,20210283642,Davidson,Nashville,5/22/2021 11:37:00 AM,2,0,0,36.133760,-86.759060,CRAIGHEAD ST,,,,99.00,Feet,South,NOLENSVILLE PKE,,,,0.00,N,Not at Intersection,N,Non-Junction,None,,,         ,Nicholas,Smith,Clear,Angle,no,no,no,no,no,False
102985451,METROPOLITAN NASHVILLE POLICE DEPT,20210283674,Davidson,Goodlettsville,5/22/2021 12:00:00 PM,3,0,0,36.381980,-86.753060,SPRINGFIELD HWY,,,,190.00,Feet,South,HAPPY VALLEY RD,,,,0.00,N,Not at Intersection,N,Non-Junction,None,,,         ,Ricki,Armstrong,Clear,"Sideswipe, Same Direction",no,no,no,no,yes,False
102985497,METROPOLITAN NASHVILLE POLICE DEPT,20210283756,Davidson,Nashville,5/22/2021 1:38:00 PM,2,0,0,36.204610,-86.749000,E TRINITY LN,,,,178.00,Feet,West,AMBROSE AV,,,,0.00,N,Not at Intersection, ,Non-Junction,None,,,         ,Matthew,Herod,Clear,Angle,no,no,no,no,no,False
102985510,METROPOLITAN NASHVILLE POLICE DEPT,20210283811,Davidson,Nashville,5/22/2021 2:30:00 PM,1,0,0,36.154410,-86.737860,LEBANON PKE,,,,0.00,,,,,,,0.00,,,N,Non-Junction,None,,,         ,Christopher,Beery,Clear,Not Collision with Motor Vehicle in Transport,no,no,no,no,no,False
102985532,METROPOLITAN NASHVILLE POLICE DEPT,20210283708,Davidson,Nashville,5/22/2021 12:45:00 PM,3,2,0,36.227280,-86.778890,I 24,,,,0.00,,,,,,,44.65,N,Not at Intersection,N,Non-Junction,None,,,         ,Alquavious,McDaniel,Clear,Front to Rear,no,no,no,no,no,False
102985533,METROPOLITAN NASHVILLE POLICE DEPT,20210283799,Davidson,Not in City Limit,5/22/2021 2:09:00 PM,2,0,0,35.998290,-86.691880,NOLENSVILLE PKE,,,,621.00,Feet,East,CONCORD HILLS DR,,,,0.00,N,Not at Intersection, ,Non-Junction,None,,,         ,Steven,Powers,Clear,Front to Rear,no,no,no,no,no,False
102985565,METROPOLITAN NASHVILLE POLICE DEPT,20210283859,Davidson,Nashville,5/22/2021 3:30:00 PM,2,0,0,36.071500,-86.664320,UNA ANTIOCH PKE,,,,15.00,Feet,South,APOLLO DR,,,,0.00,N,Not at Intersection, ,Non-Junction,None,,,         ,Taylor,Blackwelder,Clear,Angle,no,no,no,no,yes,False
102985575,METROPOLITAN NASHVILLE POLICE DEPT,2021282815,Davidson,Nashville,5/21/2021 9:36:00 PM,2,1,0,36.070150,-86.634280,MURFREESBORO PKE,,,,841.00,Feet,South,BELL RD,,,,0.00,N,Not at Intersection,N,Non-Junction,None,,,         ,John,McDonnell,Clear,"Sideswipe, Same Direction",no,no,no,no,yes,False
102985581,METROPOLITAN NASHVILLE POLICE DEPT,20210283834,Davidson,Not in City Limit,5/22/2021 3:13:00 PM,1,1,0,36.278820,-86.773730,OLD HICKORY BLVD,,,,125.00,Feet,East,GRANDVILLE BLVD,,,,0.00,N,Not at Intersection,N,Non-Junction,None,,,         ,Forrest,Punke,Clear,Not Collision with Motor Vehicle in Transport,yes,no,no,no,no,False
102985583,METROPOLITAN NASHVILLE POLICE DEPT,20210283810,Davidson,Nashville,5/22/2021 2:25:00 PM,2,0,0,36.081110,-86.726810,NOLENSVILLE PKE,,,,565.00,Feet,North,HARDING PL,,,,0.00,N,Not at Intersection, ,Non-Junction,None,,,         ,Savannah,Starbuck,Clear,Angle,no,no,no,no,no,False
102985584,METROPOLITAN NASHVILLE POLICE DEPT,20210283837,Davidson,Nashville,5/22/2021 3:12:00 PM,2,0,0,36.178270,-86.772200,DICKERSON PKE,,,,0.00,,,MERIDIAN ST,,,,0.00,Y,T-Intersection,N,Non-Junction,None,,,         ,Adam,Warren,Clear,Angle,no,no,no,no,no,False
102985592,METROPOLITAN NASHVILLE POLICE DEPT,20210283876,Davidson,Nashville,5/22/2021 2:26:00 PM,2,0,0,36.207830,-86.776310,I 65,,,,0.00,,,,,,,87.40,N,Not at Intersection,N,Non-Junction,None,,,         ,Mary,Hall,Clear,Front to Rear,no,no,no,no,yes,False
102985594,METROPOLITAN NASHVILLE POLICE DEPT,20210283890,Davidson,Nashville,5/22/2021 3:40:00 PM,2,0,0,36.209090,-86.776150,I 65,,,,0.00,,,,,,,87.55,N,Not at Intersection,N,Non-Junction,None,,,         ,Rachel,Susee,Clear,Front to Rear,no,no,no,no,yes,False
102985622,METROPOLITAN NASHVILLE POLICE DEPT,20210283920,Davidson,Nashville,5/22/2021 4:17:00 PM,2,2,0,36.237140,-86.759270,I 65,,,,0.00,,,,,,,89.85,N,Not at Intersection,Y,Entrance/Exit Ramp Related,None,,,         ,Cooper,HIll,Clear,Front to Rear,no,no,no,no,no,False
102985630,METROPOLITAN NASHVILLE POLICE DEPT,20210283940,Davidson,Nashville,5/22/2021 4:34:00 PM,2,0,0,36.152230,-86.753410,I 40,,,,0.00,,,,,,,211.40,N,Not at Intersection, ,Non-Junction,None,,,         ,Bridget,Griepentrog,Clear,Front to Rear,no,no,no,no,no,False
102985631,METROPOLITAN NASHVILLE POLICE DEPT,20210283871,Davidson,Not in City Limit,5/22/2021 3:25:00 PM,2,0,0,36.262820,-86.680970,STATE RT 45,,,,0.00,,,RIO VISTA DR,,,,0.00,Y,Four-Way, ,Intersection-Related,None,,,         ,Derek,Sibley,Clear,Front to Rear,no,no,no,no,no,False
102985635,METROPOLITAN NASHVILLE POLICE DEPT,20210188710,Davidson,Nashville,5/22/2021 3:15:00 PM,2,0,0,36.150510,-86.695590,ELM HILL PKE,,,,476.00,Feet,East,WANDA DR,,,,0.00,N,Not at Intersection,N,Non-Junction,None,,,         ,Donovan,Coble,Clear,Angle,no,no,no,no,no,False
102985650,METROPOLITAN NASHVILLE POLICE DEPT,20210283965,Davidson,Nashville,5/22/2021 4:50:00 PM,3,0,0,36.142630,-86.707910,I 40,,,,0.00,,,,,,,214.30,N,Not at Intersection,N,Non-Junction,None,,,         ,Christopher,Beery,Clear,Angle,no,no,no,no,no,False
102985658,METROPOLITAN NASHVILLE POLICE DEPT,20210284011,Davidson,Nashville,5/22/2021 5:05:00 PM,2,0,0,36.080290,-86.726550,NOLENSVILLE PKE,,,,261.00,Feet,North,HARDING PL,,,,0.00,N,Not at Intersection,N,Non-Junction,None,,,         ,Brady,Reynolds,Clear,Front to Rear,no,no,no,no,yes,False
102985659,METROPOLITAN NASHVILLE POLICE DEPT,20210244179,Davidson,Nashville,5/1/2021 10:41:00 PM,2,1,0,36.067670,-86.687580,I 24,,,,0.00,,,,,,,57.15,N,Not at Intersection,N,Non-Junction,None,,,         ,Mary,Robinson,,Angle,no,no,no,no,no,False
102985660,METROPOLITAN NASHVILLE POLICE DEPT,20210283895,Davidson,Nashville,5/22/2021 12:00:00 AM,2,0,0,36.130890,-86.898410,I 40,,,,0.00,,,,,,,201.10,N,Not at Intersection,N,Non-Junction,None,,,         ,Maria,Reynolds,Clear,Front to Rear,no,no,no,no,no,False
102985661,METROPOLITAN NASHVILLE POLICE DEPT,20210283779,Davidson,Nashville,5/22/2021 12:00:00 AM,2,0,0,36.151930,-86.857700,I40 E EXT RAMP,,,,0.00,,,I 40,,,,0.00,Y,Four-Way, ,Non-Junction,None,,,         ,Maria,Reynolds,Clear,Front to Rear,no,no,no,no,no,False
102985662,METROPOLITAN NASHVILLE POLICE DEPT,20210283866,Davidson,Nashville,5/22/2021 12:00:00 AM,2,1,0,36.136380,-86.893540,CABOT DR,,,,454.00,Feet,South,UPTON LN,,,,0.00,N,Not at Intersection,N,Non-Junction,None,,,         ,Maria,Reynolds,Clear,Angle,no,no,no,no,no,False
102985664,METROPOLITAN NASHVILLE POLICE DEPT,20210283820,Davidson,Nashville,5/22/2021 12:00:00 AM,1,0,0,36.049600,-86.673170,BLUE HOLE RD,,,,424.00,Feet,South,TIMBERLAKE CIR,,,,0.00,N,Not at Intersection,N,Non-Junction,None,,,         ,Luis,Pena,Other,Not Collision with Motor Vehicle in Transport,no,no,no,yes,yes,False
102985668,METROPOLITAN NASHVILLE POLICE DEPT,20210284026,Davidson,Nashville,5/22/2021 5:30:00 PM,2,1,0,36.076340,-86.725320,NOLENSVILLE PKE,,,,283.00,Feet,South,WALLACE RD,,,,0.00,N,Not at Intersection,N,Non-Junction,None,,,         ,Savannah,Starbuck,Clear,Angle,no,no,no,no,no,False
102985678,METROPOLITAN NASHVILLE POLICE DEPT,20210283949,Davidson,Nashville,5/22/2021 3:30:00 PM,2,0,0,36.150340,-86.690750,BRILEY PKWYN,,,,424.00,Feet,South,BRILEY PKWYS,,,,0.00,N,Not at Intersection,N,Non-Junction,None,,,         ,Christopher,Beery,Clear,"Sideswipe, Same Direction",no,no,no,no,no,False
102985679,METROPOLITAN NASHVILLE POLICE DEPT,20210284023,Davidson,Nashville,5/22/2021 3:15:00 PM,2,1,0,36.045370,-86.713260,OLD HICKORY BLVD,,,,0.00,,,NOLENSVILLE PKE,,,,0.00,Y,Four-Way,N,Intersection,None,,,         ,John,McDonnell,Clear,Front to Rear,no,no,no,no,no,False
102985681,THP District 3 - Nashville,321032765,Davidson,Nashville,5/18/2021 5:45:00 PM,2,0,0,36.157730,-86.760420,I 24,,,,0.00,,,,,,,49.60,N,Not at Intersection, ,Non-Junction,None,,,         ,Louis,Walker,Clear,"Sideswipe, Same Direction",no,no,no,no,no,False
102985690,METROPOLITAN NASHVILLE POLICE DEPT,20210284039,Davidson,Nashville,5/22/2021 5:09:00 PM,2,0,0,36.143550,-86.702210,I 40,,,,0.00,,,,,,,214.60,N,Not at Intersection, ,Non-Junction,None,,,         ,Joshua,Zambrano-Vera,Clear,"Sideswipe, Same Direction",no,no,no,no,no,False
102985691,METROPOLITAN NASHVILLE POLICE DEPT,20210284108,Davidson,Nashville,5/22/2021 3:56:00 PM,2,0,0,36.215530,-86.692170,BRILEY PKWYN,,,,197.00,Feet,South,BRILEY PKWY N EXT RAMP,,,,0.00,N,Not at Intersection,N,Non-Junction,None,,,         ,Evan,Grace,Clear,"Sideswipe, Same Direction",no,no,no,no,yes,False
102985692,METROPOLITAN NASHVILLE POLICE DEPT,20210283983,Davidson,Nashville,5/22/2021 5:00:00 PM,3,2,0,36.046580,-86.713410,NOLENSVILLE PKE,,,,445.00,Feet,North,OLD HICKORY BLVD,,,,0.00,N,Not at Intersection,N,Non-Junction,None,,,         ,John,McDonnell,Clear,Front to Rear,no,no,no,no,no,False
102985699,METROPOLITAN NASHVILLE POLICE DEPT,20210283919,Davidson,Not in City Limit,5/22/2021 4:05:00 PM,2,0,0,36.268770,-86.755940,DICKERSON PKE,,,,168.00,Feet,North,BELL GRIMES LN,,,,0.00,N,Not at Intersection,N,Non-Junction,None,,,         ,Brandon,Lopez,Clear,Angle,no,no,no,no,yes,False
102985724,METROPOLITAN NASHVILLE POLICE DEPT,20210284239,Davidson,Nashville,5/22/2021 7:38:00 PM,2,1,0,36.087250,-86.648890,MURFREESBORO PKE,,,,139.00,Feet,North,NASHBORO BLVD,,,,0.00,N,Not at Intersection,N,Non-Junction,None,,,         ,Jonathan,Watch,Clear,Unknown,no,no,no,no,yes,False
102985725,THP District 3 - Nashville,321032967,Davidson,Nashville,5/19/2021 3:45:00 PM,2,0,0,36.155190,-86.788980,I 40,,,,0.00,,,,,,,209.20,N,Not at Intersection, ,Entrance/Exit Ramp Related,None,,,         ,Louis,Walker,Clear,"Sideswipe, Same Direction",no,no,no,no,no,False
102985726,METROPOLITAN NASHVILLE POLICE DEPT,20210284155,Davidson,Not in City Limit,5/22/2021 6:45:00 PM,1,0,0,36.098320,-86.936020,I 40,,,,0.00,,,,,,,198.00,N,Not at Intersection,N,Non-Junction,None,,,         ,Robert,Crow,Cloudy,Not Collision with Motor Vehicle in Transport,no,no,no,no,no,False
102985728,METROPOLITAN NASHVILLE POLICE DEPT,20210284124,Davidson,Nashville,5/22/2021 12:00:00 AM,2,2,0,36.074840,-86.919800,HIGHWAY 70S,,,,55.00,Feet,East,BELLE FOREST SHOPPING CENTER P,,,,0.00,N,Not at Intersection,N,Non-Junction,None,,,         ,Maria,Reynolds,Clear,Angle,no,no,no,no,no,False
102985759,METROPOLITAN NASHVILLE POLICE DEPT,20210284175,Davidson,Nashville,5/22/2021 6:59:00 PM,2,0,0,36.099090,-86.710420,I 24,,,,0.00,,,,,,,54.65,N,Not at Intersection,N,Non-Junction,None,,,         ,Austin,Binner,Clear,Angle,no,no,no,no,no,False
102985760,METROPOLITAN NASHVILLE POLICE DEPT,20210284243,Davidson,Nashville,5/22/2021 7:30:00 PM,2,2,0,36.099730,-86.871410,HARDING PKE,,,,0.00,,,HIGHWAY 100,,,,0.00,Y,T-Intersection,N,Intersection,None,,,         ,Matthew,Turppa,Clear,Angle,no,no,no,no,no,False
102985762,METROPOLITAN NASHVILLE POLICE DEPT,20210278093,Davidson,Nashville,5/19/2021 4:25:00 PM,2,0,0,36.121550,-86.807400,HILLSBORO PKE,,,,0.00,,,I440 E ENT RAMP,,,,0.00,Y,Four-Way,N,Intersection,None,,,         ,Matthew,Turppa,Clear,Front to Rear,no,no,no,no,no,False
102985763,METROPOLITAN NASHVILLE POLICE DEPT,20210284250,Davidson,Nashville,5/22/2021 7:40:00 PM,1,1,0,36.223930,-86.845830,PUTNAM DR,,,,460.00,Feet,West,PHIPPS DR,,,,0.00,N,Not at Intersection,N,Non-Junction,None,,,         ,Scarlett,Collins,Clear,Not Collision with Motor Vehicle in Transport,yes,no,no,no,no,False
102985764,METROPOLITAN NASHVILLE POLICE DEPT,20210284207,Davidson,Nashville,5/22/2021 7:13:00 PM,2,0,0,36.151460,-86.792960,MUSIC SQW,,,,196.00,Feet,South,DIVISION ST,,,,0.00,N,Not at Intersection, ,Non-Junction,None,,,         ,Travis,Pemberton,Clear,"Sideswipe, Same Direction",no,no,no,no,no,False
102985781,METROPOLITAN NASHVILLE POLICE DEPT,20210284206,Davidson,Nashville,5/22/2021 7:11:00 PM,1,0,0,36.046630,-86.713410,NOLENSVILLE PKE,,,,464.00,Feet,North,OLD HICKORY BLVD,,,,0.00,N,Not at Intersection, ,Non-Junction,None,,,         ,Steven,Powers,Clear,Not Collision with Motor Vehicle in Transport,no,no,no,yes,no,False
102985785,METROPOLITAN NASHVILLE POLICE DEPT,20210284293,Davidson,Nashville,5/22/2021 7:29:00 PM,2,0,0,36.045120,-86.659900,I24 E EXT RAMP,,,,0.00,,,I 24,,,,0.00,Y,T-Intersection,N,Entrance/Exit Ramp Related,None,,,         ,Joseph,Hurst,Clear,Front to Rear,no,no,no,no,yes,False