master_record_number,agency,agency_tracking_number,county,city,collision_date,vehicles_involved,number_injured,number_dead,latitude,longitude,roadway_name,roadway_suffix,roadway_number,roadway_local_id,distance_from_reference,miles-feet_indicator,direction_from_reference,intersection_road_name,intersection_road_name_suffix,intersection_road_number,intersection_local_id,mile_marker,intersection_indicator,intersect_type,interchange_related_indicator,relation_to_junction,work_zone_type,construction_maintenance_zone,construction_maintenance_zone_location,fatal_case_number,officer_first_name,officer_last_name,weather_condition(s),manner_of_crash,pedestrian,bicycle,scooter,parking,hitrun,mou
102985806,METROPOLITAN NASHVILLE POLICE DEPT,20210284291,Davidson,Nashville,5/22/2021 6:40:00 PM,2,0,0,36.113820,-86.743240,FOSTER AV,,,,60.00,Feet,South,FOSTER CT,,,,0.00,N,Not at Intersection,N,Non-Junction,None,,,         ,Timothy,Ward,Clear,Angle,no,no,no,yes,yes,False
102985807,METROPOLITAN NASHVILLE POLICE DEPT,20210284323,Davidson,Nashville,5/22/2021 8:37:00 PM,1,1,0,36.161450,-86.776170,BROADWAY,,,,67.00,Feet,West,3RD AVN,,,,0.00,N,Not at Intersection,N,Non-Junction,None,,,         ,Michael,Moss,Clear,Not Collision with Motor Vehicle in Transport,yes,no,no,no,no,False
102985810,METROPOLITAN NASHVILLE POLICE DEPT,20210284362,Davidson,Nashville,5/22/2021 8:38:00 PM,3,0,0,36.108150,-86.743800,NOLENSVILLE PKE,,,,216.00,Feet,North,TIMMONS ST,,,,0.00,N,Not at Intersection,N,Non-Junction,None,,,         ,Austin,Binner,Clear,Front to Rear,no,no,no,no,no,False
102985811,METROPOLITAN NASHVILLE POLICE DEPT,20210284306,Davidson,Nashville,5/22/2021 6:00:00 PM,1,0,0,36.052620,-86.649470,WILLOW POINTE PVTDR,,,,199.00,Feet,West,HICKORY HOLLOW TER,,,,0.00,N,Not at Intersection,N,Non-Junction,None,,,         ,Steven,Bowler,Clear,Not Collision with Motor Vehicle in Transport,no,no,no,yes,yes,False
102985819,METROPOLITAN NASHVILLE POLICE DEPT,20210284263,Davidson,Nashville,5/22/2021 7:48:00 PM,1,1,0,36.163110,-86.819400,I40 E ENT RAMP,,,,0.00,Feet,East,I 40,,,,0.00,N,Not at Intersection,N,Non-Junction,None,,,         ,Lucas,Thomas,Clear,Not Collision with Motor Vehicle in Transport,no,no,no,no,no,False
102985836,METROPOLITAN NASHVILLE POLICE DEPT,20210284329,Davidson,Nashville,5/22/2021 8:35:00 PM,2,0,0,36.228150,-86.697600,BRILEY PKWYS,,,,1448.00,Feet,South,MUSIC VALLEY DR,,,,0.00,N,Not at Intersection,N,Non-Junction,None,,,         ,Christopher,Beery,,Not Collision with Motor Vehicle in Transport,no,no,no,no,no,False
102985850,METROPOLITAN NASHVILLE POLICE DEPT,20210284238,Davidson,Not in City Limit,5/22/2021 7:36:00 PM,1,1,0,36.324650,-86.870330,I 24,,,,0.00,,,,,,,34.80,N,Not at Intersection,N,Non-Junction,None,,,         ,Mary,Hall,Clear,Not Collision with Motor Vehicle in Transport,no,no,no,no,no,False
102985851,METROPOLITAN NASHVILLE POLICE DEPT,20210284386,Davidson,Nashville,5/22/2021 12:00:00 AM,2,0,0,36.241960,-86.757080,DICKERSON PKE,,,,0.00,Feet,East,DICKERSON PKE ENT RAMP,,,,0.00,N,Not at Intersection,N,Non-Junction,None,,,         ,Zachary,Smith,Clear,Front to Rear,no,no,no,no,no,False
102985853,METROPOLITAN NASHVILLE POLICE DEPT,20210284465,Davidson,Nashville,5/22/2021 10:08:00 PM,1,1,0,36.196390,-86.742400,GALLATIN AV,,,,109.00,Feet,South,CAHAL AV,,,,0.00,N,Not at Intersection,N,Non-Junction,None,,,         ,Zachary,Aldrich,Clear,Not Collision with Motor Vehicle in Transport,no,no,no,no,no,False
102985860,METROPOLITAN NASHVILLE POLICE DEPT,20210284462,Davidson,Not in City Limit,5/22/2021 10:00:00 PM,1,0,0,36.078870,-87.021710,NEWSOM STATION RD,,,,233.00,Feet,East,MCCRORY LN,,,,0.00,N,Not at Intersection,N,Non-Junction,None,,,         ,Robert,Crow,Clear,Not Collision with Motor Vehicle in Transport,no,no,no,yes,yes,False
102985861,METROPOLITAN NASHVILLE POLICE DEPT,20210283960,Davidson,Nashville,5/22/2021 12:00:00 AM,2,0,0,36.073190,-86.629330,OVERCREEK DR,,,,102.00,Feet,South,TWIN CIRCLE DR,,,,0.00,N,Not at Intersection,N,Non-Junction,None,,,         ,John,McDonnell,Clear,Unknown,no,no,no,no,yes,False
102985862,METROPOLITAN NASHVILLE POLICE DEPT,20210284384,Davidson,Whites Creek,5/22/2021 8:50:00 PM,2,0,0,36.257530,-86.776870,BELLE ARBOR DR,,,,0.00,Feet,East,BRICK CHURCH PKE,,,,0.00,N,Not at Intersection, ,Non-Junction,None,,,         ,Alexander,Hartle,Clear,HeadOn,no,no,no,no,yes,False
102985874,METROPOLITAN NASHVILLE POLICE DEPT,20210284518,Davidson,Nashville,5/22/2021 10:10:00 PM,2,0,0,36.155860,-86.789180,BROADWAY,,,,17.00,Feet,East,I40 W EXT RAMP,,,,0.00,N,Not at Intersection,N,Non-Junction,None,,,         ,Michael,Hodges,Clear,"Sideswipe, Same Direction",no,no,no,no,yes,False
102985892,METROPOLITAN NASHVILLE POLICE DEPT,20210284543,Davidson,Nashville,5/22/2021 11:00:00 PM,2,0,0,36.154350,-86.741040,LEBANON PKE,,,,75.00,Feet,West,LANNOM AV,,,,0.00,N,Not at Intersection, ,Non-Junction,None,,,         ,Daniel,Fuentes,Clear,Unknown,no,no,no,yes,yes,False
102985901,METROPOLITAN NASHVILLE POLICE DEPT,20210284535,Davidson,Not in City Limit,5/22/2021 9:30:00 PM,2,0,0,36.281910,-86.707640,GALLATIN PKEN,,,,115.00,Feet,South,WELWORTH ST,,,,0.00,N,Not at Intersection, ,Non-Junction,None,,,         ,Zachary,Lang,Clear,"Sideswipe, Same Direction",no,no,no,no,no,False
102985915,METROPOLITAN NASHVILLE POLICE DEPT,20210284549,Davidson,Nashville,5/22/2021 11:10:00 PM,2,1,0,36.229380,-86.759280,BROADMOOR DR,,,,0.00,Feet,East,DICKERSON PKE,,,,0.00,N,Not at Intersection,N,Non-Junction,None,,,         ,Spencer,Arroyo,Clear,Angle,no,no,no,no,no,False
102985918,METROPOLITAN NASHVILLE POLICE DEPT,20210284567,Davidson,Nashville,5/22/2021 11:07:00 PM,2,0,0,36.156470,-86.787750,BROADWAY,,,,87.00,Feet,West,12TH AVS,,,,0.00,N,Not at Intersection,N,Non-Junction,None,,,         ,Kelly,Turcios,Clear,"Sideswipe, Same Direction",no,no,no,no,no,False
102985921,METROPOLITAN NASHVILLE POLICE DEPT,20210284579,Davidson,Nashville,5/22/2021 11:27:00 PM,2,1,0,36.194270,-86.745060,STROUSE AV,,,,9.00,Feet,East,TREVECCA AV,,,,0.00,N,Not at Intersection,Y,Non-Junction,None,,,         ,Peter,Kinsey,Clear,Angle,no,no,no,no,no,False
102985931,METROPOLITAN NASHVILLE POLICE DEPT,20210284547,Davidson,Nashville,5/22/2021 8:00:00 PM,5,0,0,36.149570,-86.762370,CHARLES E DAVIS BLVD,,,,156.00,Feet,North,J C NAPIER CT,,,,0.00,N,Not at Intersection,N,Non-Junction,None,,,         ,Dallas,Johnson,Clear,"Sideswipe, Same Direction",no,no,no,no,yes,False
102985939,METROPOLITAN NASHVILLE POLICE DEPT,20210284743,Davidson,Nashville,5/23/2021 1:29:00 AM,1,0,0,36.099770,-86.661170,MURFREESBORO PKE,,,,678.00,Feet,West,HARDING PL,,,,0.00,N,Not at Intersection,N,Non-Junction,None,,,         ,Corey,Ethridge,Clear,Not Collision with Motor Vehicle in Transport,no,no,no,no,yes,False
102985941,METROPOLITAN NASHVILLE POLICE DEPT,20210284695,Davidson,Nashville,5/23/2021 12:48:00 AM,2,1,0,36.249190,-86.734460,DUE WEST AVW,,,,0.00,,,S GRAYCROFT AV,,,,0.00,Y,Four-Way,N,Intersection-Related,None,,,         ,Jonathon,Sheppard,Clear,Angle,no,no,no,no,no,False
102985943,METROPOLITAN NASHVILLE POLICE DEPT,20210284551,Davidson,Not in City Limit,5/22/2021 11:10:00 PM,2,1,0,36.078000,-86.995160,I 40,,,,0.00,,,,,,,193.90,N,Not at Intersection,N,Non-Junction,None,,,         ,Billy,Price,Clear,Front to Rear,no,no,no,no,no,False
102985950,METROPOLITAN NASHVILLE POLICE DEPT,20210284468,Davidson,Not in City Limit,5/22/2021 9:10:00 PM,2,0,0,36.266510,-86.707120,DUPONT AV,,,,379.00,Feet,North,BIXLER AV,,,,0.00,N,Not at Intersection,N,Non-Junction,None,,,         ,Justan,Vance,Clear,Angle,no,no,no,no,yes,False
102985959,METROPOLITAN NASHVILLE POLICE DEPT,20210284779,Davidson,Nashville,5/23/2021 1:30:00 AM,1,0,0,36.153110,-86.775140,LAFAYETTE ST,,,,124.00,Feet,East,6TH AVS,,,,0.00,N,Not at Intersection,N,Non-Junction,None,,,         ,John,Jones,Clear,Not Collision with Motor Vehicle in Transport,no,no,no,no,no,False
102985977,METROPOLITAN NASHVILLE POLICE DEPT,20210284750,Davidson,Nashville,5/23/2021 12:01:00 AM,2,0,0,36.159260,-86.615090,BELL RD,,,,1587.00,Feet,South,DODSON CHAPEL RD,,,,0.00,N,Not at Intersection, ,Non-Junction,None,,,         ,Roger,Luther,,"Sideswipe, Same Direction",no,no,no,yes,yes,False
102985980,METROPOLITAN NASHVILLE POLICE DEPT,20210284709,Davidson,Nashville,5/23/2021 1:05:00 AM,3,1,0,36.085170,-86.728460,NOLENSVILLE PKE,,,,146.00,Feet,North,PARAGON MILLS RD,,,,0.00,N,Not at Intersection,N,Non-Junction,None,,,         ,Jonathan,Handley,Clear,"Sideswipe, Opposite Direction",no,no,no,no,yes,False
102985993,METROPOLITAN NASHVILLE POLICE DEPT,20210284821,Davidson,Nashville,5/23/2021 2:30:00 AM,2,1,0,36.202600,-86.776850,I 65,,,,0.00,,,,,,,86.95,N,Not at Intersection,N,Non-Junction,None,,,         ,Brian,DeMarce,Clear,"Sideswipe, Same Direction",no,no,no,no,no,False
102985996,METROPOLITAN NASHVILLE POLICE DEPT,20210284850,Davidson,Nashville,5/23/2021 2:58:00 AM,1,1,0,36.242150,-86.747890,I65 N ENT RAMP,,,,0.00,Feet,East,I 65,,,,0.00,N,Not at Intersection,N,Entrance/Exit Ramp Related,None,,,         ,Jonathon,Sheppard,Clear,Not Collision with Motor Vehicle in Transport,no,no,no,no,no,False
102986003,METROPOLITAN NASHVILLE POLICE DEPT,20210284766,Davidson,Not in City Limit,5/23/2021 1:46:00 AM,1,0,0,36.096670,-86.936770,I 40,,,,0.00,,,,,,,197.90,N,Not at Intersection,N,Non-Junction,None,,,         ,Christopher,Alceus,Clear,Not Collision with Motor Vehicle in Transport,no,no,no,no,no,False
102986006,METROPOLITAN NASHVILLE POLICE DEPT,20210284871,Davidson,Nashville,5/23/2021 3:15:00 AM,1,1,0,36.151780,-86.795630,BROADWAY,,,,143.00,Feet,South,18TH AVS,,,,0.00,N,Not at Intersection,N,Non-Junction,None,,,         ,Michael,Hodges,Clear,Not Collision with Motor Vehicle in Transport,yes,no,no,no,yes,False
102986013,METROPOLITAN NASHVILLE POLICE DEPT,20210284894,Davidson,Nashville,5/23/2021 3:48:00 AM,2,0,0,36.155660,-86.796220,CHURCH ST,,,,110.00,Feet,West,17TH AVE N,,,,0.00,N,Not at Intersection,N,Non-Junction,None,,,         ,James,Wells Jr.,Clear,Angle,no,no,no,no,yes,False
102986032,METROPOLITAN NASHVILLE POLICE DEPT,20210284594,Davidson,Nashville,5/22/2021 11:30:00 PM,2,0,0,36.159380,-86.780990,BROADWAY,,,,0.00,,,7TH AVS,,,,0.00,Y,Four-Way,N,Intersection,None,,,         ,Nathaniel,Jones,Clear,Front to Rear,no,no,no,no,yes,False
102986065,METROPOLITAN NASHVILLE POLICE DEPT,20210284710,Davidson,Nashville,5/23/2021 1:07:00 AM,2,1,0,36.155430,-86.787080,MCGAVOCK ST,,,,91.00,Feet,West,12TH AVS,,,,0.00,N,Not at Intersection,Y,Non-Junction,None,,,         ,Ebony,Brown,Clear,Angle,no,no,no,no,no,False
102986094,METROPOLITAN NASHVILLE POLICE DEPT,20210284928,Davidson,Nashville,5/23/2021 4:30:00 AM,2,1,0,36.237230,-86.758980,I 65,,,,0.00,,,,,,,89.90,N,Not at Intersection,N,Non-Junction,None,,,         ,Spencer,Arroyo,Clear,"Sideswipe, Same Direction",no,no,no,no,no,False
102986102,METROPOLITAN NASHVILLE POLICE DEPT,20210284999,Davidson,Nashville,5/23/2021 6:08:00 AM,2,0,0,36.148600,-86.746090,I 40,,,,0.00,,,,,,,211.85,N,Not at Intersection, ,Non-Junction,None,,,         ,Daniel,Fuentes,,"Sideswipe, Same Direction",no,no,no,no,no,False
102986109,METROPOLITAN NASHVILLE POLICE DEPT,20210284944,Davidson,Nashville,5/23/2021 4:44:00 AM,2,1,0,36.237070,-86.759540,I 65,,,,0.00,,,,,,,89.85,N,Not at Intersection,N,Non-Junction,None,,,         ,Kristopher,Sutton,Clear,Front to Rear,no,no,no,no,no,False
102986121,METROPOLITAN NASHVILLE POLICE DEPT,20210285001,Davidson,Nashville,5/23/2021 6:07:00 AM,2,2,0,36.167140,-86.787130,JAMES ROBERTSON PKWY,,,,0.00,Feet,,ROSA L PARKS BLVD,,,,0.00,Y,Four-Way,N,Intersection,None,,,         ,Damon,Hutcheson,Clear,Angle,no,no,no,no,no,False
102986157,METROPOLITAN NASHVILLE POLICE DEPT,20210284702,Davidson,Nashville,5/23/2021 1:00:00 AM,2,5,0,36.163390,-86.803820,DR D B TODD JR BLVD,,,,190.00,Feet,South,18TH AVN,,,,0.00,N,Not at Intersection,N,Non-Junction,None,,,         ,Lawrence,Whited,Clear,Angle,no,no,no,no,no,False
102986170,METROPOLITAN NASHVILLE POLICE DEPT,2021-0285123,Davidson,Nashville,5/23/2021 8:15:00 AM,2,0,0,36.198660,-86.620080,LEBANON PKE,,,,97.00,Feet,North,OLD HICKORY BLVD,,,,0.00,N,Not at Intersection, ,Non-Junction,None,,,         ,Calvin,Graham,,Front to Rear,no,no,no,no,no,False
102986186,METROPOLITAN NASHVILLE POLICE DEPT,20210285133,Davidson,Nashville,5/23/2021 8:52:00 AM,2,1,0,36.146970,-86.808360,25TH AVS,,,,0.00,,,WEST END AV,,,,0.00,Y,Four-Way,N,Intersection-Related,None,,,         ,Kimberly,Annson,Clear,Angle,no,no,no,no,yes,Campus
102986215,METROPOLITAN NASHVILLE POLICE DEPT,20210285035,Davidson,Madison,5/23/2021 1:45:00 AM,2,0,0,36.270080,-86.717050,HERITAGE VIEW BLVD,,,,72.00,Feet,South,LIBERTY HILL DR,,,,0.00,N,Not at Intersection,N,Non-Junction,None,,,         ,Michael,McCord,Unknown,Not Collision with Motor Vehicle in Transport,no,no,no,yes,yes,False
102986218,METROPOLITAN NASHVILLE POLICE DEPT,20210285195,Davidson,Nashville,5/23/2021 9:50:00 AM,2,0,0,36.058770,-86.678320,I 24,,,,0.00,,,,,,,58.00,N,Not at Intersection,Y,Non-Junction,None,,,         ,Ivan,Vega,Clear,Angle,no,no,no,no,no,False
102986269,METROPOLITAN NASHVILLE POLICE DEPT,2021-0285322,Davidson,Nashville,5/23/2021 12:10:00 PM,1,0,0,36.176220,-86.605520,I40 E EXT RAMP,,,,0.00,Feet,East,I40 W ENT RAMP,,,,0.00,N,Not at Intersection, ,Non-Junction,None,,,         ,Calvin,Graham,Clear,Not Collision with Motor Vehicle in Transport,no,no,no,no,no,False
102986340,METROPOLITAN NASHVILLE POLICE DEPT,20210285362,Davidson,Not in City Limit,5/23/2021 12:54:00 PM,2,0,0,36.315030,-86.832510,I 24,,,,0.00,,,,,,,37.20,N,Not at Intersection,N,Non-Junction,None,,,         ,Ryan,Worstall,Clear,Angle,no,no,no,no,yes,False
102986363,METROPOLITAN NASHVILLE POLICE DEPT,20210285290,Davidson,Nashville,5/23/2021 11:25:00 AM,2,2,0,36.183820,-86.748370,EASTLAND AV,,,,0.00,,,GALLATIN AV,,,,0.00,Y,OTHER,N,Non-Junction,None,,,         ,Jerrod,Kalinsky,Clear,Front to Rear,no,no,no,no,no,False
102986375,METROPOLITAN NASHVILLE POLICE DEPT,20210285370,Davidson,Nashville,5/23/2021 12:40:00 PM,2,0,0,36.148420,-86.745460,I 40,,,,0.00,,,,,,,211.90,N,Not at Intersection,N,Non-Junction,None,,,         ,Ryan,Sherry,Clear,"Sideswipe, Same Direction",no,no,no,no,yes,False
102986409,METROPOLITAN NASHVILLE POLICE DEPT,20210285380,Davidson,Nashville,5/23/2021 1:14:00 PM,2,2,0,36.139560,-86.700750,KAREN DR,,,,0.00,,,ENVIOUS LN,,,,0.00,Y,T-Intersection,N,Intersection,None,,,         ,John,Chambers,Cloudy,Angle,no,no,no,no,no,False
102986469,METROPOLITAN NASHVILLE POLICE DEPT,20210285403,Davidson,Nashville,5/23/2021 1:36:00 PM,2,0,0,36.161650,-86.783920,ROSA L PARKS AV,,,,0.00,,,ROSA L PARKS BLVD,,,,0.00,Y,OTHER, ,,None,,,         ,Harold,Wells,,,no,no,no,no,no,False
102986495,METROPOLITAN NASHVILLE POLICE DEPT,20210285413,Davidson,Nashville,5/23/2021 1:50:00 PM,2,0,0,36.224220,-86.774540,I 65,,,,0.00,,,,,,,88.55,N,Not at Intersection, ,Non-Junction,None,,,         ,Dakota,Davis,Clear,"Sideswipe, Same Direction",no,no,no,no,yes,False
102986497,METROPOLITAN NASHVILLE POLICE DEPT,20210285446,Davidson,Nashville,5/23/2021 2:40:00 PM,2,1,0,36.218920,-86.859150,ENCHANTED CIR,,,,234.00,Feet,North,GOLDEN HILL DR,,,,0.00,N,Not at Intersection,N,Non-Junction,None,,,         ,Alec,Pellissier,Clear,Angle,no,no,no,no,no,False
102986509,METROPOLITAN NASHVILLE POLICE DEPT,20210285478,Davidson,Nashville,5/23/2021 2:13:00 PM,2,0,0,36.184950,-86.773680,DICKERSON PKE,,,,193.00,Feet,North,HANCOCK ST,,,,0.00,N,Not at Intersection,N,Non-Junction,None,,,         ,Randy,Puckett,Clear,Angle,no,no,no,no,no,False
102986510,METROPOLITAN NASHVILLE POLICE DEPT,20210285483,Davidson,Nashville,5/23/2021 2:48:00 PM,2,1,0,36.152070,-86.768830,2ND AVS,,,,116.00,Feet,South,LINDSLEY AV,,,,0.00,N,Not at Intersection,N,Non-Junction,None,,,         ,Nicholas,Kiraly,Clear,"Sideswipe, Same Direction",no,no,no,no,no,False
102986534,METROPOLITAN NASHVILLE POLICE DEPT,20210285451,Davidson,Nashville,5/23/2021 1:50:00 PM,2,0,0,36.045590,-86.713290,NOLENSVILLE PKE,,,,81.00,Feet,North,OLD HICKORY BLVD,,,,0.00,N,Not at Intersection, ,,None,,,         ,Luis,Pena,,,no,no,no,no,no,False
102986540,METROPOLITAN NASHVILLE POLICE DEPT,20210285538,Davidson,Nashville,5/23/2021 3:43:00 PM,3,2,0,36.063030,-86.677490,ANTIOCH PKE,,,,862.00,Feet,South,MILL CREEK BLUE HOLE GRNWY,,,,0.00,N,Not at Intersection,N,Non-Junction,None,,,         ,Joseph,Hurst,Clear,Front to Rear,no,no,no,no,no,False
102986553,METROPOLITAN NASHVILLE POLICE DEPT,20210285552,Davidson,Nashville,5/23/2021 3:50:00 PM,1,0,0,36.140060,-86.723740,I 40,,,,0.00,,,,,,,213.50,N,Not at Intersection,N,Entrance/Exit Ramp Related,None,,,         ,Joshua,Zambrano-Vera,Clear,Not Collision with Motor Vehicle in Transport,no,no,no,no,no,False
102986560,METROPOLITAN NASHVILLE POLICE DEPT,20210285530,Davidson,Nashville,5/23/2021 3:45:00 PM,2,0,0,36.172450,-86.769140,I 24,,,,0.00,,,,,,,48.30,N,Not at Intersection,N,Non-Junction,None,,,         ,Michael,Foster,Clear,Front to Rear,no,no,no,no,no,False
102986561,THP District 3 - Nashville,321032584,Davidson,Nashville,5/17/2021 8:22:00 PM,2,0,0,36.082580,-86.698000,I 24,,,,0.00,,,,,,,56.00,N,Not at Intersection,N,Non-Junction,Construction Zone,Laneclosure,Activity Area,         ,De'Wunya,Topps,Clear,Front to Rear,no,no,no,no,no,False
102986570,METROPOLITAN NASHVILLE POLICE DEPT,20210285477,Davidson,Not in City Limit,5/23/2021 12:00:00 AM,2,0,0,36.264150,-86.691470,STATE RT 45,,,,0.00,,,MCARTHUR DR,,,,0.00,Y,Four-Way,N,Non-Junction,None,,,         ,Amanda,Topping,Clear,Angle,no,no,no,no,no,False
102986579,METROPOLITAN NASHVILLE POLICE DEPT,20210285459,Davidson,Lakewood,5/23/2021 2:42:00 PM,3,0,0,36.239120,-86.630470,OLD HICKORY BLVD,,,,182.00,Feet,West,LAKESHORE DR,,,,0.00,N,Not at Intersection,N,Non-Junction,None,,,         ,Cheri,Cox,Clear,"Sideswipe, Same Direction",no,no,no,no,no,False
102986584,METROPOLITAN NASHVILLE POLICE DEPT,20210285634,Davidson,Nashville,5/23/2021 4:45:00 PM,2,0,0,36.069630,-86.694260,HAYWOOD LN,,,,102.00,Feet,West,EZELL RD,,,,0.00,N,Not at Intersection,N,Non-Junction,None,,,         ,Steven,Bowler,Clear,Front to Rear,no,no,no,no,yes,False
102986602,METROPOLITAN NASHVILLE POLICE DEPT,20210285620,Davidson,Nashville,5/23/2021 4:00:00 PM,2,0,0,36.152790,-86.796450,WEST END AV,,,,155.00,Feet,West,18TH AVS,,,,0.00,N,Not at Intersection, ,Non-Junction,None,,,         ,Dakota,Davis,Clear,"Sideswipe, Same Direction",no,no,no,no,no,False
102986612,METROPOLITAN NASHVILLE POLICE DEPT,20210285665,Davidson,Nashville,5/23/2021 5:00:00 PM,1,1,0,36.148680,-86.775240,I40 E ENT RAMP,,,,0.00,Feet,East,I 40,,,,0.00,N,Not at Intersection,N,Non-Junction,Construction Zone,,,         ,Dakota,Davis,Clear,Not Collision with Motor Vehicle in Transport,no,no,no,no,no,False
102986652,METROPOLITAN NASHVILLE POLICE DEPT,20210285644,Davidson,Nashville,5/23/2021 4:40:00 PM,2,0,0,36.146537,-86.799476,21ST,AVE,,400,1.00,Feet,North,,,,,400.00,N,Not at Intersection,N,OtherLocation,None,,,         ,William,Hamblen,Clear,"Sideswipe, Opposite Direction",no,no,no,yes,yes,Campus
102986669,GOODLETTSVILLE POLICE DEPT,21-13616,Davidson,Goodlettsville,5/23/2021 2:08:00 AM,1,0,0,36.320600,-86.701380,CONFERENCE DR,,,,371.00,Feet,South,MUSIC CITY CENTER PVTDR,,,,0.00,N,Not at Intersection,N,Non-Junction,None,,,         ,William,Campbell,Clear,Not Collision with Motor Vehicle in Transport,no,no,no,no,yes,False
102986679,METROPOLITAN NASHVILLE POLICE DEPT,20210285674,Davidson,Nashville,5/23/2021 5:17:00 PM,4,4,0,36.045610,-86.719770,OLD HICKORY BLVD,,,,0.00,,,ZERMATT AV,,,,0.00,Y,T-Intersection,N,Intersection,None,,,         ,Damian,Confer,Clear,Angle,no,no,no,no,no,False
102986680,METROPOLITAN NASHVILLE POLICE DEPT,20210285679,Davidson,Not in City Limit,5/23/2021 5:23:00 PM,1,1,0,36.085030,-86.940740,SAWYER BROWN RD,,,,94.00,Feet,East,STALLION DR,,,,0.00,N,Not at Intersection,N,Non-Junction,None,,,         ,Adam,Reese,Clear,Not Collision with Motor Vehicle in Transport,no,no,no,no,no,False
102986681,METROPOLITAN NASHVILLE POLICE DEPT,20210285830,Davidson,Nashville,5/23/2021 7:44:00 PM,1,1,0,36.058720,-86.678560,I 24,,,,0.00,,,,,,,58.00,N,Not at Intersection,N,Non-Junction,None,,,         ,Wayne,Helm,Clear,Not Collision with Motor Vehicle in Transport,no,no,no,no,no,False
102986682,METROPOLITAN NASHVILLE POLICE DEPT,20210285804,Davidson,Nashville,5/23/2021 6:22:00 PM,2,0,0,36.190560,-86.808550,11TH AVN,,,,0.00,,,KELLOW ST,,,,0.00,Y,Y-Intersection,N,Non-Junction,None,,,         ,Michael,Foster,Clear,"Sideswipe, Same Direction",no,no,no,no,yes,False
102986690,METROPOLITAN NASHVILLE POLICE DEPT,20210285759,Davidson,Nashville,5/23/2021 6:40:00 PM,2,1,0,36.125500,-86.700290,GOODBAR DR,,,,0.00,Feet,West,KERMIT DR,,,,0.00,N,Not at Intersection,N,Non-Junction,None,,,         ,Crockett,Bruce,,Angle,no,no,no,no,no,False
102986692,METROPOLITAN NASHVILLE POLICE DEPT,20210285846,Davidson,Nashville,5/23/2021 7:02:00 PM,2,2,0,36.239090,-86.780840,BRICK CHURCH PKE,,,,0.00,Feet,West,BRILEY PKWY W ENT RAMP,,,,0.00,N,Not at Intersection,N,Entrance/Exit Ramp Related,None,,,         ,Mary,Hall,Clear,"Sideswipe, Same Direction",no,no,no,no,yes,False
102986702,METROPOLITAN NASHVILLE POLICE DEPT,20210285701,Davidson,Antioch,5/23/2021 12:00:00 AM,2,0,0,36.043990,-86.613960,MOUNTAIN SPRINGS RD,,,,658.00,Feet,South,KESTENBAUM CT,,,,0.00,N,Not at Intersection,N,Non-Junction,None,,,         ,Luis,Pena,Unknown,Unknown,no,no,no,yes,yes,False
102986725,METROPOLITAN NASHVILLE POLICE DEPT,20210285785,Davidson,Nashville,5/23/2021 7:10:00 PM,1,0,0,36.146720,-86.743760,FESSLERS LN,,,,0.00,,,RUNDLE AV,,,,0.00,Y,T-Intersection,N,Non-Junction,None,,,         ,Brandon,Chapman,,Not Collision with Motor Vehicle in Transport,no,no,no,no,no,False
102986748,METROPOLITAN NASHVILLE POLICE DEPT,20210285853,Davidson,Nashville,5/23/2021 8:13:00 PM,1,0,0,36.235560,-86.709380,BRILEY PKWYE,,,,324.00,Feet,East,MUSIC VALLEY DR,,,,0.00,N,Not at Intersection,N,Non-Junction,None,,,         ,Jason,Milyaro Lucas,Clear,Not Collision with Motor Vehicle in Transport,no,no,no,no,no,False
102986749,METROPOLITAN NASHVILLE POLICE DEPT,20210285742,Davidson,Not in City Limit,5/23/2021 6:15:00 PM,2,3,0,36.285440,-86.807110,I 24,,,,0.00,,,,,,,39.85,N,Not at Intersection,N,Non-Junction,None,,,         ,Keegan,Winchell,Clear,Front to Rear,no,no,no,no,no,False
102986753,METROPOLITAN NASHVILLE POLICE DEPT,20210285512,Davidson,Not in City Limit,5/23/2021 3:24:00 PM,2,0,0,36.267030,-86.757060,DARBYTOWN DR,,,,130.00,Feet,West,DICKERSON PKE,,,,0.00,N,Not at Intersection, ,Non-Junction,None,,,         ,Brandon,Lopez,Clear,Angle,no,no,no,no,no,False
102986783,METROPOLITAN NASHVILLE POLICE DEPT,20210285824,Davidson,Nashville,5/23/2021 7:35:00 PM,2,0,0,36.110440,-86.783270,WOODMONT BLVD,,,,110.00,Feet,East,GENERAL BATE DR,,,,0.00,N,Not at Intersection,N,Non-Junction,None,,,         ,Dakota,Davis,Clear,HeadOn,no,no,no,no,no,False