master_record_number,agency,agency_tracking_number,county,city,collision_date,vehicles_involved,number_injured,number_dead,latitude,longitude,roadway_name,roadway_suffix,roadway_number,roadway_local_id,distance_from_reference,miles-feet_indicator,direction_from_reference,intersection_road_name,intersection_road_name_suffix,intersection_road_number,intersection_local_id,mile_marker,intersection_indicator,intersect_type,interchange_related_indicator,relation_to_junction,work_zone_type,construction_maintenance_zone,construction_maintenance_zone_location,fatal_case_number,officer_first_name,officer_last_name,weather_condition(s),manner_of_crash,pedestrian,bicycle,scooter,parking,hitrun,mou
102988701,METROPOLITAN NASHVILLE POLICE DEPT,20210289648,Davidson,Nashville,5/25/2021 8:27:00 PM,3,0,0,36.131880,-86.895530,OLD CHARLOTTE PKE,,,,0.00,,,I40 E ENT RAMP,,,,0.00,Y,Four-Way,N,Intersection-Related,None,,,         ,Tristen,Mayfield,,Front to Rear,no,no,no,no,yes,False
102988746,METROPOLITAN NASHVILLE POLICE DEPT,20210289620,Davidson,Nashville,5/25/2021 8:13:00 PM,2,0,0,36.173220,-86.601470,CENTRAL PKE,,,,187.00,Feet,West,BURNING TREE DR,,,,0.00,N,Not at Intersection, ,Non-Junction,None,,,         ,Phillip,Burke,,"Sideswipe, Same Direction",no,no,no,no,no,False
102988769,METROPOLITAN NASHVILLE POLICE DEPT,20210289687,Davidson,Nashville,5/25/2021 9:00:00 PM,2,0,0,36.048310,-86.652020,HICKORY HOLLOW LN,,,,364.00,Feet,South,BELL RD,,,,0.00,N,Not at Intersection, ,Non-Junction,None,,,         ,Josh,Lauton,Clear,Angle,no,no,no,no,no,False
102988772,METROPOLITAN NASHVILLE POLICE DEPT,20210289669,Davidson,Nashville,5/25/2021 8:35:00 PM,2,0,0,36.082070,-86.761720,I65 N EXT RAMP,,,,0.00,,,SIDCO DR,,,,0.00,Y,Four-Way,N,Intersection-Related,None,,,         ,Thomas,Vasquez,Clear,"Sideswipe, Same Direction",no,no,no,no,no,False
102988773,METROPOLITAN NASHVILLE POLICE DEPT,20210289646,Davidson,Nashville,5/25/2021 8:28:00 PM,3,3,0,36.239340,-86.723760,GALLATIN PKES,,,,97.00,Feet,North,GALLATIN PKE,,,,0.00,N,Not at Intersection,N,Non-Junction,None,,,         ,Christopher,Littles,Clear,"Sideswipe, Same Direction",no,no,no,no,no,False
102988800,METROPOLITAN NASHVILLE POLICE DEPT,20210289573,Davidson,Nashville,5/25/2021 7:34:00 PM,1,0,0,36.114640,-86.729550,MASHBURN RD,,,,189.00,Feet,South,MASHBURN CT,,,,0.00,N,Not at Intersection,N,Non-Junction,None,,,         ,Beri,Scott,Clear,Not Collision with Motor Vehicle in Transport,no,no,no,no,yes,False
102988806,METROPOLITAN NASHVILLE POLICE DEPT,20210289766,Davidson,Nashville,5/25/2021 10:10:00 PM,2,0,0,36.074480,-86.638650,MURFREESBORO PKE,,,,0.00,,,RURAL HILL RD,,,,0.00,Y,OTHER,N,Intersection-Related,None,,,         ,Samuel,Fredericks,,"Sideswipe, Opposite Direction",no,no,no,no,yes,False
102988845,METROPOLITAN NASHVILLE POLICE DEPT,20210289912,Davidson,Not in City Limit,5/25/2021 10:45:00 PM,1,0,0,36.097100,-86.554380,HOBSON PKE,,,,226.00,Feet,South,COUCHVILLE PKE,,,,0.00,N,Not at Intersection, ,Non-Junction,None,,,         ,Douglas,Meringer,Clear,Not Collision with Motor Vehicle in Transport,no,no,no,no,no,False
102988870,METROPOLITAN NASHVILLE POLICE DEPT,20210289953,Davidson,Antioch,5/26/2021 12:59:00 AM,1,1,0,36.070430,-86.598950,FORRESTAL WAY,,,,121.00,Feet,South,SEASONS DR,,,,0.00,N,Not at Intersection,N,Non-Junction,None,,,         ,Douglas,Meringer,Clear,Not Collision with Motor Vehicle in Transport,no,no,no,no,no,False
102988872,METROPOLITAN NASHVILLE POLICE DEPT,20210289775,Davidson,Not in City Limit,5/25/2021 10:50:00 PM,3,0,0,36.076810,-86.984530,I 40,,,,0.00,,,,,,,194.55,N,Not at Intersection,N,Non-Junction,None,,,         ,Theodore,Meskers,Clear,"Sideswipe, Same Direction",no,no,no,no,yes,False
102988886,METROPOLITAN NASHVILLE POLICE DEPT,20210289998,Davidson,Nashville,5/26/2021 12:53:00 AM,1,0,0,36.221760,-86.825930,LYTLE DR,,,,240.00,Feet,West,MEADOW HILL DR,,,,0.00,N,Not at Intersection,N,Non-Junction,None,,,         ,Joel,Bennett,Clear,Not Collision with Motor Vehicle in Transport,no,no,no,yes,yes,False
102988887,BELLE MEADE POLICE DEPT,21-0108,Davidson,Belle Meade,5/25/2021 8:56:00 PM,4,2,0,36.112270,-86.863820,HARDING PKE,,,,445.00,Feet,South,JACKSON BLVD,,,,0.00,N,Not at Intersection,N,Non-Junction,None,,,         ,Keith,Samol,Clear,"Sideswipe, Opposite Direction",no,no,no,no,no,False
102988901,METROPOLITAN NASHVILLE POLICE DEPT,20210290077,Davidson,Nashville,5/26/2021 12:00:00 AM,1,0,0,36.231510,-86.791460,EWING DR,,,,294.00,Feet,East,GWYNNWOOD DR,,,,0.00,N,Not at Intersection,N,Non-Junction,None,,,         ,Joseph,Gawlowski,Clear,Not Collision with Motor Vehicle in Transport,no,no,no,no,yes,False
102988916,METROPOLITAN NASHVILLE POLICE DEPT,20210290175,Davidson,Nashville,5/26/2021 5:00:00 AM,2,0,0,36.190600,-86.753120,ELLINGTON PKWYN,,,,0.00,,,ELLINGTON PKWY N EXT RAMP,,,,0.00,Y,OTHER,N,Entrance/Exit Ramp Related,None,,,         ,Dillon,Hunt,Clear,"Sideswipe, Same Direction",no,no,no,no,yes,False
102988934,METROPOLITAN NASHVILLE POLICE DEPT,20210290183,Davidson,Nashville,5/26/2021 5:18:00 AM,2,0,0,36.153630,-86.753610,HERMITAGE AV,,,,0.00,,,DECATUR AV,,,,0.00,Y,T-Intersection,Y,Intersection,None,,,         ,Amy,Hirschmann,Clear,Angle,no,no,no,no,yes,False
102988945,METROPOLITAN NASHVILLE POLICE DEPT,20210290231,Davidson,Nashville,5/26/2021 6:00:00 AM,2,1,0,36.191810,-86.784000,I 65,,,,0.00,,,,,,,86.10,N,Not at Intersection,N,Non-Junction,None,,,         ,David,Crisman,Clear,Front to Rear,no,no,no,no,no,False
102988958,METROPOLITAN NASHVILLE POLICE DEPT,20210289467,Davidson,Nashville,5/25/2021 6:30:00 PM,2,0,0,36.175490,-86.783750,2ND AVN,,,,82.00,Feet,North,JEFFERSON ST,,,,0.00,N,Not at Intersection, ,,None,,,         ,Gary,Sneed,,,no,no,no,yes,no,False
102988976,METROPOLITAN NASHVILLE POLICE DEPT,20210290279,Davidson,Nashville,5/26/2021 6:22:00 AM,2,0,0,36.081780,-86.713260,HARDING PL,,,,123.00,Feet,East,WHISPERING OAKS PL,,,,0.00,N,Not at Intersection, ,Non-Junction,None,,,         ,Joe,Hooper,Clear,"Sideswipe, Same Direction",no,no,no,no,no,False
102988981,METROPOLITAN NASHVILLE POLICE DEPT,20210290334,Davidson,Nashville,5/26/2021 7:30:00 AM,2,0,0,36.075180,-86.759110,TROUSDALE DR,,,,100.00,Feet,North,BLACKMAN RD,,,,0.00,N,Not at Intersection, ,Non-Junction,None,,,         ,Earl,Davis,Clear,Front to Rear,no,no,no,no,no,False
102988984,METROPOLITAN NASHVILLE POLICE DEPT,20210269976,Davidson,Nashville,5/15/2021 2:00:00 AM,2,0,0,36.152010,-86.786660,I 40,,,,0.00,,,,,,,209.45,N,Not at Intersection,N,Non-Junction,None,,,         ,Kevin,Coleman,Clear,Not Collision with Motor Vehicle in Transport,no,no,no,no,yes,False
102988985,METROPOLITAN NASHVILLE POLICE DEPT,20210290323,Davidson,Nashville,5/26/2021 7:23:00 AM,2,0,0,36.086870,-86.696130,HARDING PL,,,,50.00,Feet,West,METROPLEX DR,,,,0.00,N,Not at Intersection, ,Non-Junction,None,,,         ,Lee,Davis,Clear,Angle,no,no,no,no,no,False
102988996,METROPOLITAN NASHVILLE POLICE DEPT,20210290332,Davidson,Nashville,5/26/2021 6:57:00 AM,2,0,0,36.069320,-86.689230,I 24,,,,0.00,,,,,,,57.00,N,Not at Intersection, ,Non-Junction,None,,,         ,Tyler,Lewis,Clear,Front to Rear,no,no,no,no,no,False
102989007,METROPOLITAN NASHVILLE POLICE DEPT,20210269770,Davidson,Nashville,5/15/2021 2:02:00 AM,2,4,1,36.152980,-86.787350,I 40,,,,0.00,,,,,,,209.35,N,Not at Intersection,N,Non-Junction,None,,,         ,Kevin,Coleman,Clear,"Sideswipe, Same Direction",yes,no,no,no,no,False
102989015,METROPOLITAN NASHVILLE POLICE DEPT,20210290532,Davidson,Nashville,5/26/2021 9:15:00 AM,2,0,0,36.163170,-86.780190,5TH AVN,,,,0.00,,,CHURCH ST,,,,0.00,Y,Four-Way, ,Intersection,None,,,         ,Wesley,Young,Clear,Front to Rear,no,no,no,no,no,False
102989017,METROPOLITAN NASHVILLE POLICE DEPT,20210290471,Davidson,Nashville,5/26/2021 8:43:00 AM,3,3,0,36.096440,-86.656060,SMITH SPRINGS RD,,,,0.00,,,MURFREESBORO PKE,,,,0.00,Y,Four-Way,N,Intersection,None,,,         ,Michael,Dance,Cloudy,Front to Rear,no,no,no,no,yes,False
102989051,METROPOLITAN NASHVILLE POLICE DEPT,20210290526,Davidson,Nashville,5/26/2021 9:10:00 AM,2,0,0,36.064830,-86.628520,MURFREESBORO PKE,,,,17.00,Feet,North,HAMILTON CHURCH RD,,,,0.00,N,Not at Intersection, ,,None,,,         ,Steven,Williams,,,no,no,no,no,no,False
102989061,METROPOLITAN NASHVILLE POLICE DEPT,20210290535,Davidson,Nashville,5/25/2021 12:30:00 AM,2,0,0,36.176180,-86.747290,S 13TH ST,,,,82.00,Feet,North,HOLLY ST,,,,0.00,N,Not at Intersection,N,Non-Junction,None,,,         ,William,Clemons,Clear,Unknown,no,no,no,no,yes,False
102989069,METROPOLITAN NASHVILLE POLICE DEPT,20210290564,Davidson,Nashville,5/26/2021 9:36:00 AM,2,0,0,36.179500,-86.606030,OLD HICKORY BLVD,,,,0.00,,,I40 W ENT RAMP,,,,0.00,Y,OTHER, ,Entrance/Exit Ramp Related,None,,,         ,Michael,Brooks,Cloudy,Not Collision with Motor Vehicle in Transport,no,no,no,no,no,False
102989071,METROPOLITAN NASHVILLE POLICE DEPT,20210290594,Davidson,Not in City Limit,5/26/2021 9:55:00 AM,3,3,0,36.272780,-86.710160,GALLATIN PKEN,,,,0.00,Feet,,NESBITT LN,,,,0.00,Y,T-Intersection,N,Intersection,None,,,         ,Michelle,Steidl,Cloudy,Angle,no,no,no,no,no,False
102989073,METROPOLITAN NASHVILLE POLICE DEPT,20210290598,Davidson,Nashville,5/26/2021 9:38:00 AM,2,0,0,36.152210,-86.625620,BLACKWOOD DR,,,,166.00,Feet,West,STEWARTS FERRY PKE,,,,0.00,N,Not at Intersection,N,Non-Junction,None,,,         ,Michael,Brooks,Cloudy,Angle,no,no,no,no,yes,False
102989080,METROPOLITAN NASHVILLE POLICE DEPT,20210290667,Davidson,Not in City Limit,5/26/2021 10:30:00 AM,2,1,0,36.273380,-86.708260,ANDERSON LN,,,,439.00,Feet,East,PIERCE RD,,,,0.00,N,Not at Intersection,N,Non-Junction,None,,,         ,Michelle,Steidl,Cloudy,HeadOn,no,no,no,no,no,False
102989104,METROPOLITAN NASHVILLE POLICE DEPT,20210288870,Davidson,Nashville,5/25/2021 12:30:00 PM,2,0,0,36.109690,-86.671460,KNAPP BLVD,,,,0.00,,,DONELSON PKE,,,,0.00,Y,T-Intersection,N,Intersection,None,,,         ,Donald,Davidson,Clear,Front to Rear,no,no,no,no,no,False
102989107,METROPOLITAN NASHVILLE POLICE DEPT,20210290825,Davidson,Nashville,5/26/2021 12:10:00 PM,1,1,0,36.084470,-86.894840,HARDING PKE,,,,144.00,Feet,South,BROOKMONT TER,,,,0.00,N,Not at Intersection,N,Non-Junction,None,,,         ,Wesley,Tilley,Cloudy,Not Collision with Motor Vehicle in Transport,no,no,no,no,no,False
102989111,GOODLETTSVILLE POLICE DEPT,21-13915,Davidson,Goodlettsville,5/26/2021 11:40:00 AM,2,2,0,36.301360,-86.710340,I 65,,,,0.00,,,,,,,95.30,N,Not at Intersection,N,Non-Junction,None,,,         ,Rico,Jones,Clear,Angle,no,no,no,no,no,False
102989127,METROPOLITAN NASHVILLE POLICE DEPT,20210290778,Davidson,Nashville,5/25/2021 10:27:00 AM,1,0,0,36.179430,-86.809050,16TH AVN,,,,248.00,Feet,South,BUCHANAN ST,,,,0.00,N,Not at Intersection,N,Non-Junction,None,,,         ,Dylan,Cetin,Clear,Not Collision with Motor Vehicle in Transport,no,no,no,no,yes,False
102989128,METROPOLITAN NASHVILLE POLICE DEPT,20210290798,Davidson,Nashville,5/26/2021 12:00:00 PM,2,0,0,36.155040,-86.797520,CHURCH ST,,,,0.00,,,18TH AVN,,,,0.00,Y,Four-Way,N,Intersection,None,,,         ,Earl,Davis,Cloudy,"Sideswipe, Same Direction",no,no,no,no,yes,False
102989129,METROPOLITAN NASHVILLE POLICE DEPT,20210290835,Davidson,Nashville,5/26/2021 12:24:00 PM,2,0,0,36.187840,-86.629860,LEBANON PKE,,,,217.00,Feet,West,HICKORY HILL LN,,,,0.00,N,Not at Intersection,N,Non-Junction,None,,,         ,Michael,Brooks,Cloudy,Front to Rear,no,no,no,no,no,False
102989146,METROPOLITAN NASHVILLE POLICE DEPT,20210290865,Davidson,Nashville,5/26/2021 12:44:00 PM,3,1,0,36.147700,-86.757760,FAIRFIELD AV,,,,113.00,Feet,South,WINFREY ST,,,,0.00,N,Not at Intersection,N,"Driveway, Alley Access, etc",None,,,         ,Michael,Dance,Cloudy,Angle,no,no,no,no,no,False
102989152,METROPOLITAN NASHVILLE POLICE DEPT,20210271085,Davidson,Nashville,5/15/2021 11:00:00 PM,2,0,1,36.193380,-86.753290,DOUGLAS AV,,,,0.00,,,ELLINGTON PKWY S EXT RAMP,,,,0.00,Y,Four-Way,Y,Intersection,None,,,         ,Kevin,Coleman,Clear,Angle,no,no,no,no,no,False
102989190,METROPOLITAN NASHVILLE POLICE DEPT,20210290862,Davidson,Nashville,5/26/2021 12:40:00 PM,2,3,0,36.126430,-86.711590,EAST THOMPSON LN,,,,178.00,Feet,West,MURFREESBORO PKE,,,,0.00,N,Not at Intersection,N,Non-Junction,None,,,         ,Charles,Wakefield,Clear,HeadOn,no,no,no,no,no,False
102989200,METROPOLITAN NASHVILLE POLICE DEPT,20210281288,Davidson,Nashville,5/21/2021 2:44:00 AM,3,1,0,36.237770,-86.757180,I 65,,,,0.00,,,,,,,90.00,N,Not at Intersection,N,Non-Junction,None,,,         ,Donald,Davidson,Clear,Angle,no,no,no,no,no,False
102989202,METROPOLITAN NASHVILLE POLICE DEPT,20210290847,Davidson,Nashville,5/26/2021 12:32:00 PM,2,1,0,36.158810,-86.798160,CHARLOTTE AV,,,,0.00,,,17TH AVN,,,,0.00,Y,Four-Way,N,Intersection-Related,None,,,         ,Earl,Davis,Cloudy,Front to Rear,no,no,no,no,no,False
102989207,METROPOLITAN NASHVILLE POLICE DEPT,20210290624,Davidson,Nashville,5/26/2021 9:59:00 AM,2,1,0,36.074550,-86.920720,HIGHWAY 70S,,,,69.00,Feet,East,OLD HICKORY BLVD,,,,0.00,N,Not at Intersection,N,Non-Junction,None,,,         ,Michael,Pyle,Cloudy,Front to Rear,no,no,no,no,no,False
102989212,METROPOLITAN NASHVILLE POLICE DEPT,20210270268,Davidson,Nashville,5/15/2021 12:40:00 PM,4,0,0,36.052700,-86.620880,MT VIEW RD,,,,697.00,Feet,East,MT VIEW CIR,,,,0.00,N,Not at Intersection, ,Non-Junction,None,,,         ,Harrison,Nearn,Clear,Front to Rear,no,no,no,no,no,False
102989213,METROPOLITAN NASHVILLE POLICE DEPT,20210276728,Davidson,Nashville,5/19/2021 12:39:00 AM,1,0,1,36.133850,-86.722300,MURFREESBORO PKE,,,,100.00,Feet,East,PLUS PARK BLVD,,,,0.00,N,Not at Intersection,N,Non-Junction,None,,,         ,Donald,Davidson,Clear,Not Collision with Motor Vehicle in Transport,yes,no,no,no,no,False
102989236,METROPOLITAN NASHVILLE POLICE DEPT,20210290668,Davidson,Nashville,5/26/2021 10:38:00 AM,2,0,0,36.044790,-86.661840,BELL RD,,,,91.00,Feet,West,CANE RIDGE RD,,,,0.00,N,Not at Intersection,N,Non-Junction,None,,,         ,Joe,Hooper,Clear,Front to Rear,no,no,no,no,no,False
102989256,METROPOLITAN NASHVILLE POLICE DEPT,20210290877,Davidson,Nashville,5/26/2021 12:38:00 PM,2,0,0,36.030790,-86.712570,NOLENSVILLE PKE,,,,83.00,Feet,South,KINHAWK DR,,,,0.00,N,Not at Intersection, ,Non-Junction,None,,,         ,Gregory,Dixon,Cloudy,Front to Rear,no,no,no,no,no,False
102989262,METROPOLITAN NASHVILLE POLICE DEPT,20210290947,Davidson,Nashville,5/26/2021 1:25:00 PM,2,0,0,36.152190,-86.842450,CHARLOTTE AV,,,,65.00,Feet,West,46TH AVN,,,,0.00,N,Not at Intersection, ,Non-Junction,None,,,         ,Peyton,Wheatley,Rain,Front to Rear,no,no,no,no,no,False
102989279,METROPOLITAN NASHVILLE POLICE DEPT,20210290945,Davidson,Nashville,5/26/2021 1:23:00 PM,3,2,0,36.059240,-86.716250,NOLENSVILLE PKE,,,,30.00,Feet,North,TUSCULUM RD,,,,0.00,N,Not at Intersection,N,Non-Junction,None,,,         ,Earl,Davis,Cloudy,Front to Rear,no,no,no,no,yes,False
102989283,METROPOLITAN NASHVILLE POLICE DEPT,20210272279,Davidson,Nashville,5/16/2021 5:16:00 PM,1,2,0,36.154760,-86.831180,I 40,,,,0.00,,,,,,,205.45,N,Not at Intersection,N,Non-Junction,None,,,         ,Kevin,Coleman,Clear,Not Collision with Motor Vehicle in Transport,no,no,no,no,no,False
102989294,METROPOLITAN NASHVILLE POLICE DEPT,20210291006,Davidson,Madison,5/26/2021 2:10:00 PM,2,1,0,36.271650,-86.689610,MYATT DR,,,,169.00,Feet,South,ANDERSON LN,,,,0.00,N,Not at Intersection,N,Non-Junction,None,,,         ,Michelle,Steidl,Rain,Angle,no,no,no,no,no,False
102989322,GOODLETTSVILLE POLICE DEPT,21-13929,Davidson,Goodlettsville,5/26/2021 2:25:00 PM,2,0,0,36.305910,-86.693820,CONFERENCE DR,,,,0.00,,,RIVERGATE MALL PVTDR,,,,0.00,Y,T-Intersection, ,Intersection-Related,None,,,         ,Rico,Jones,Rain,Angle,no,no,no,no,no,False
102989324,METROPOLITAN NASHVILLE POLICE DEPT,20210290993,Davidson,Not in City Limit,5/26/2021 1:59:00 PM,2,1,0,36.097630,-86.553980,COUCHVILLE PKE,,,,0.00,,,HOBSON PKE,,,,0.00,Y,T-Intersection,N,Non-Junction,None,,,         ,Steven,Williams,Cloudy,Front to Rear,no,no,no,no,no,False
102989339,METROPOLITAN NASHVILLE POLICE DEPT,20210291051,Davidson,Nashville,5/26/2021 2:12:00 PM,2,0,0,36.229320,-86.758630,BROADMOOR DR,,,,193.00,Feet,East,DICKERSON PKE,,,,0.00,N,Not at Intersection,N,Non-Junction,None,,,         ,Randy,Puckett,Rain,Angle,no,no,no,no,no,False
102989344,METROPOLITAN NASHVILLE POLICE DEPT,20210291043,Davidson,Nashville,5/26/2021 1:47:00 PM,2,0,0,36.141470,-86.793500,16TH AVS,,,,270.00,Feet,North,HORTON AV,,,,0.00,N,Not at Intersection, ,Non-Junction,None,,,         ,Sekou,Samassi,Rain,Angle,no,no,no,no,no,False
102989351,METROPOLITAN NASHVILLE POLICE DEPT,20210289727,Davidson,Nashville,5/25/2021 9:42:00 PM,2,1,0,36.137570,-86.800760,WEDGEWOOD AV,,,,0.00,,,BLAKEMORE AV,,,,0.00,Y,Four-Way,N,Intersection,None,,,         ,Travis,Pemberton,Clear,Angle,no,no,no,no,no,Campus
102989362,METROPOLITAN NASHVILLE POLICE DEPT,20210291090,Davidson,Nashville,5/26/2021 2:55:00 PM,2,0,0,36.137000,-86.726760,I 24,,,,0.00,,,,,,,52.30,N,Not at Intersection,N,Non-Junction,None,,,         ,Reagan,Heath,Rain,"Sideswipe, Same Direction",no,no,no,no,yes,False
102989373,METROPOLITAN NASHVILLE POLICE DEPT,20210288989,Davidson,Nashville,5/21/2021 2:35:00 AM,1,1,0,36.237820,-86.757040,I 65,,,,0.00,,,,,,,90.00,N,Not at Intersection,N,Non-Junction,None,,,         ,Donald,Davidson,Clear,Not Collision with Motor Vehicle in Transport,no,no,no,no,no,False
102989401,METROPOLITAN NASHVILLE POLICE DEPT,20210291132,Davidson,Nashville,5/26/2021 3:06:00 PM,3,1,0,36.080040,-86.720100,RECOVERY RD,,,,366.00,Feet,North,HARDING PL,,,,0.00,N,Not at Intersection,N,Non-Junction,None,,,         ,Joseph,Hurst,Clear,Not Collision with Motor Vehicle in Transport,no,no,no,no,no,False
102989408,METROPOLITAN NASHVILLE POLICE DEPT,20210291029,Davidson,Nashville,5/26/2021 2:40:00 PM,2,0,0,36.190300,-86.612960,OLD LEBANON DIRT RD,,,,0.00,,,WEBER RD,,,,0.00,Y,OTHER,N,Intersection,None,,,         ,Zaire,Murray,Rain,Angle,no,no,no,no,no,False
102989409,METROPOLITAN NASHVILLE POLICE DEPT,20210291042,Davidson,Nashville,5/26/2021 2:10:00 PM,3,0,0,36.173600,-86.763310,MAIN ST,,,,20.00,Feet,East,S 6TH ST,,,,0.00,N,Not at Intersection, ,Non-Junction,None,,,         ,Kelsey,Hemminger,Clear,Front to Rear,no,no,no,no,no,False
102989416,METROPOLITAN NASHVILLE POLICE DEPT,20210291194,Davidson,Not in City Limit,5/26/2021 3:55:00 PM,2,0,0,36.263070,-86.711920,STATE RT 45,,,,0.00,,,OLD HICKORY BLVDW,,,,0.00,Y,Four-Way, ,Intersection,None,,,         ,Christopher,Littles,Cloudy,"Sideswipe, Same Direction",no,no,no,no,no,False
102989419,METROPOLITAN NASHVILLE POLICE DEPT,20210291122,Davidson,Nashville,5/26/2021 3:10:00 PM,3,1,0,36.167530,-86.765530,I 24,,,,0.00,,,,,,,48.90,N,Not at Intersection,N,Non-Junction,None,,,         ,Brent,Morris,Rain,Front to Rear,no,no,no,no,no,False
102989435,METROPOLITAN NASHVILLE POLICE DEPT,20210291169,Davidson,Nashville,5/26/2021 3:47:00 PM,2,3,0,36.143370,-86.703330,I 40,,,,0.00,,,,,,,214.55,N,Not at Intersection,N,Non-Junction,None,,,         ,Joseph,Simon,Rain,Front to Rear,no,no,no,no,no,False
102989468,METROPOLITAN NASHVILLE POLICE DEPT,20210291246,Davidson,Nashville,5/26/2021 3:45:00 PM,1,0,0,36.081420,-86.698750,LINBAR DR,,,,942.00,Feet,West,I24 E ENT RAMP,,,,0.00,N,Not at Intersection,N,Non-Junction,None,,,         ,Eric,Laury,Rain,Not Collision with Motor Vehicle in Transport,no,no,no,no,yes,False
102989469,METROPOLITAN NASHVILLE POLICE DEPT,20210291241,Davidson,Nashville,5/26/2021 4:28:00 PM,1,0,0,36.190790,-86.774810,WHITES CREEK PKE,,,,505.00,Feet,South,LOTTA AV,,,,0.00,N,Not at Intersection,N,Non-Junction,None,,,         ,Randy,Puckett,Rain,Not Collision with Motor Vehicle in Transport,no,no,no,no,no,False
102989486,METROPOLITAN NASHVILLE POLICE DEPT,20210289117,Davidson,Nashville,5/25/2021 3:12:00 PM,3,1,0,36.170400,-86.768450,INTERSTATE DR,,,,0.00,,,WOODLAND ST,,,,0.00,Y,Four-Way,N,Intersection,None,,,         ,Russell,Freeman,Clear,Angle,no,no,no,no,no,False
102989491,METROPOLITAN NASHVILLE POLICE DEPT,20210291115,Davidson,Madison,5/26/2021 3:13:00 PM,2,1,0,36.271090,-86.710370,ROOSEVELT AV,,,,0.00,,,GALLATIN PKEN,,,,0.00,Y,T-Intersection,N,Intersection,None,,,         ,Bradley,Campbell,Rain,Angle,no,no,no,no,no,False
102989492,METROPOLITAN NASHVILLE POLICE DEPT,20210291035,Davidson,Nashville,5/26/2021 2:41:00 PM,2,1,0,36.043060,-86.655390,I 24,,,,0.00,,,,,,,59.65,N,Not at Intersection,N,Non-Junction,None,,,         ,Beri,Scott,"Cloudy, Rain",Angle,no,no,no,no,no,False
102989499,METROPOLITAN NASHVILLE POLICE DEPT,20210291037,Davidson,Nashville,5/26/2021 2:25:00 PM,2,0,0,36.200950,-86.739940,GALLATIN PKE,,,,0.00,,,BURCHWOOD AV,,,,0.00,Y,T-Intersection, ,,None,,,         ,Zachary,Aldrich,,,no,no,no,no,no,False
102989503,METROPOLITAN NASHVILLE POLICE DEPT,20210291323,Davidson,Antioch,5/26/2021 5:16:00 PM,2,0,0,36.035260,-86.604310,OLD HICKORY BLVD,,,,1508.00,Feet,South,MURFREESBORO PKE,,,,0.00,N,Not at Intersection,N,Non-Junction,None,,,         ,Brandon,Simpkins,Rain,HeadOn,no,no,no,no,no,False
102989510,METROPOLITAN NASHVILLE POLICE DEPT,20210291252,Davidson,Nashville,5/26/2021 4:30:00 PM,1,1,0,36.169260,-86.600800,OLD HICKORY BLVD,,,,119.00,Feet,South,I40 E ENT RAMP,,,,0.00,N,Not at Intersection,N,Non-Junction,None,,,         ,Destiny,Zunic,Rain,Not Collision with Motor Vehicle in Transport,no,no,no,no,no,False
102989515,METROPOLITAN NASHVILLE POLICE DEPT,20210291377,Davidson,Nashville,5/26/2021 4:53:00 PM,2,0,0,36.073460,-86.692180,I 24,,,,0.00,,,,,,,56.70,N,Not at Intersection,N,Non-Junction,None,,,         ,Joseph,Hurst,Rain,Angle,no,no,no,no,yes,False
102989517,METROPOLITAN NASHVILLE POLICE DEPT,20210291131,Davidson,Nashville,5/26/2021 3:00:00 PM,2,0,0,36.047400,-86.662310,I 24,,,,0.00,,,,,,,59.20,N,Not at Intersection, ,Non-Junction,None,,,         ,Steven,Begley,"Cloudy, Rain","Sideswipe, Same Direction",no,no,no,no,no,False
102989519,METROPOLITAN NASHVILLE POLICE DEPT,20210291096,Davidson,Nashville,5/26/2021 3:07:00 PM,2,2,0,36.165150,-86.783520,CHARLOTTE AV,,,,125.00,Feet,West,6TH AVN,,,,0.00,N,Not at Intersection,N,Non-Junction,None,,,         ,Russell,Freeman,"Cloudy, Rain",Front to Rear,no,no,no,no,yes,False
102989527,METROPOLITAN NASHVILLE POLICE DEPT,20210291301,Davidson,Not in City Limit,5/26/2021 4:58:00 PM,2,0,0,36.266530,-86.690110,N DUPONT AV,,,,0.00,,,MYATT DR,,,,0.00,Y,Four-Way,N,Intersection,None,,,         ,Christopher,Littles,Cloudy,Angle,no,no,no,no,yes,False
102989528,METROPOLITAN NASHVILLE POLICE DEPT,20210291300,Davidson,Goodlettsville,5/26/2021 5:00:00 PM,2,0,0,36.304710,-86.688980,NORTHSIDE FESTIVAL PVTDR,,,,0.00,,,LIBERTY LN,,,,0.00,Y,Four-Way, ,Intersection,None,,,         ,Christopher,Littles,Cloudy,Angle,no,no,no,no,no,False
102989530,METROPOLITAN NASHVILLE POLICE DEPT,20210291399,Davidson,Nashville,5/26/2021 5:48:00 PM,2,0,0,36.134250,-86.774730,I65 N EXT RAMP,,,,0.00,,,I 65,,,,0.00,Y,OTHER, ,Intersection,None,,,         ,Douglas,Sykes,Rain,Front to Rear,no,no,no,no,no,False