master_record_number,agency,agency_tracking_number,county,city,collision_date,vehicles_involved,number_injured,number_dead,latitude,longitude,roadway_name,roadway_suffix,roadway_number,roadway_local_id,distance_from_reference,miles-feet_indicator,direction_from_reference,intersection_road_name,intersection_road_name_suffix,intersection_road_number,intersection_local_id,mile_marker,intersection_indicator,intersect_type,interchange_related_indicator,relation_to_junction,work_zone_type,construction_maintenance_zone,construction_maintenance_zone_location,fatal_case_number,officer_first_name,officer_last_name,weather_condition(s),manner_of_crash,pedestrian,bicycle,scooter,parking,hitrun,mou
102990131,METROPOLITAN NASHVILLE POLICE DEPT,20210292811,Davidson,Nashville,5/27/2021 10:00:00 AM,2,0,0,36.083790,-86.698380,I24 W EXT RAMP,,,,0.00,Feet,East,I 24,,,,0.00,N,Not at Intersection,Y,Entrance/Exit Ramp Related,None,,,         ,Rachael,Robinson,Clear,Front to Rear,no,no,no,no,no,False
102990132,METROPOLITAN NASHVILLE POLICE DEPT,20210293058,Davidson,Nashville,5/27/2021 12:29:00 PM,2,0,0,36.079440,-86.644530,MURFREESBORO PKE,,,,100.00,Feet,East,EDGE O LAKE DR,,,,0.00,N,Not at Intersection, ,Non-Junction,None,,,         ,Eric,Burford,Clear,Front to Rear,no,no,no,no,no,False
102990141,METROPOLITAN NASHVILLE POLICE DEPT,20210293049,Davidson,Nashville,5/27/2021 12:21:00 PM,2,0,0,36.154360,-86.788440,I 40,,,,0.00,,,,,,,209.25,N,Not at Intersection,N,Non-Junction,None,,,         ,Earl,Davis,Clear,Front to Rear,no,no,no,no,no,False
102990165,METROPOLITAN NASHVILLE POLICE DEPT,20210293053,Davidson,Nashville,5/27/2021 12:24:00 PM,2,0,0,36.079500,-86.644590,EDGE O LAKE DR,,,,4.00,Feet,North,MURFREESBORO PKE,,,,0.00,N,Not at Intersection,N,Non-Junction,None,,,         ,Michael,Hones,Clear,Front to Rear,no,no,no,no,no,False
102990174,METROPOLITAN NASHVILLE POLICE DEPT,20210293129,Davidson,Nashville,5/27/2021 1:07:00 PM,2,0,0,36.140950,-86.717980,I 40,,,,0.00,,,,,,,213.75,N,Not at Intersection,N,Non-Junction,None,,,         ,Michael,Dance,Clear,Front to Rear,no,no,no,no,no,False
102990202,METROPOLITAN NASHVILLE POLICE DEPT,20210293136,Davidson,Nashville,5/27/2021 12:48:00 PM,2,0,0,36.136640,-86.801100,BELCOURT AV,,,,69.00,Feet,West,21ST AVS,,,,0.00,N,Not at Intersection, ,Non-Junction,None,,,         ,William,Caillouette,Clear,"Sideswipe, Same Direction",no,no,no,no,no,Campus
102990207,METROPOLITAN NASHVILLE POLICE DEPT,20210293162,Davidson,Nashville,5/27/2021 12:33:00 PM,4,0,0,36.157930,-86.791610,14TH AVN,,,,0.00,,,CHURCH ST,,,,0.00,Y,Four-Way,N,Intersection,None,,,         ,Earl,Davis,Cloudy,Other,no,no,no,no,yes,False
102990218,METROPOLITAN NASHVILLE POLICE DEPT,20210293114,Davidson,Nashville,5/27/2021 12:15:00 PM,2,0,0,36.134470,-86.825560,WEST END AV,,,,60.00,Feet,West,BOWLING AV,,,,0.00,N,Not at Intersection,N,Non-Junction,None,,,         ,Bradley,Pope,Clear,Angle,no,no,no,no,yes,False
102990223,METROPOLITAN NASHVILLE POLICE DEPT,20210293132,Davidson,Nashville,5/27/2021 12:00:00 AM,2,0,0,36.179850,-86.800480,I 65,,,,0.00,,,,,,,85.00,N,Not at Intersection,N,Non-Junction,None,,,         ,Julie,Nabors,Clear,"Sideswipe, Same Direction",no,no,no,no,no,False
102990243,METROPOLITAN NASHVILLE POLICE DEPT,20210293199,Davidson,Nashville,5/27/2021 12:00:00 AM,1,1,0,36.151450,-86.784290,12TH AVS,,,,162.00,Feet,South,11TH AVS,,,,0.00,N,Not at Intersection,N,Non-Junction,None,,,         ,James,Thornton,Clear,Not Collision with Motor Vehicle in Transport,yes,no,no,no,yes,False
102990258,METROPOLITAN NASHVILLE POLICE DEPT,20210292996,Davidson,Nashville,5/27/2021 11:49:00 AM,4,1,0,36.075550,-86.639660,MURFREESBORO PKE,,,,491.00,Feet,North,RURAL HILL RD,,,,0.00,N,Not at Intersection,N,Non-Junction,None,,,         ,Michael,Brooks,Clear,"Sideswipe, Opposite Direction",no,no,no,no,no,False
102990259,METROPOLITAN NASHVILLE POLICE DEPT,20210293120,Davidson,Nashville,5/27/2021 1:04:00 PM,2,0,0,36.153020,-86.857210,I40 W EXT RAMP,,,,0.00,Feet,East,I 40,,,,0.00,N,Not at Intersection, ,Entrance/Exit Ramp Related,None,,,         ,Jack,Crouch,Cloudy,"Sideswipe, Same Direction",no,no,no,no,yes,False
102990271,METROPOLITAN NASHVILLE POLICE DEPT,20210293025,Davidson,Not in City Limit,5/27/2021 12:07:00 PM,2,1,0,36.267520,-86.747090,OLD HICKORY BLVDW,,,,252.00,Feet,West,KEMPER DRN,,,,0.00,N,Not at Intersection,N,Non-Junction,None,,,         ,Michael,McCord,Clear,Front to Rear,no,no,no,no,yes,False
102990277,METROPOLITAN NASHVILLE POLICE DEPT,20210293052,Davidson,Nashville,5/27/2021 12:22:00 PM,3,0,0,36.188820,-86.792820,I 65,,,,0.00,,,,,,,85.55,N,Not at Intersection,N,Non-Junction,None,,,         ,Harold,Wells,Clear,Unknown,no,no,no,no,no,False
102990278,GOODLETTSVILLE POLICE DEPT,21-14042,Davidson,Goodlettsville,5/27/2021 1:49:00 PM,2,1,0,36.298140,-86.723020,DRY CREEK LN,,,,0.00,,,DICKERSON PKES,,,,0.00,Y,Four-Way,N,Intersection,None,,,         ,Rico,Jones,Clear,Angle,no,no,no,no,no,False
102990302,METROPOLITAN NASHVILLE POLICE DEPT,20210293215,Davidson,Nashville,5/27/2021 12:00:00 PM,2,0,0,36.136850,-86.800400,BELCOURT AVE,,,,133.00,Feet,East,US HWY 431,,,,0.00,N,Not at Intersection,N,Non-Junction,None,,,         ,Bobby,Ehman,Clear,"Sideswipe, Same Direction",no,no,no,no,yes,False
102990325,METROPOLITAN NASHVILLE POLICE DEPT,20210293192,Davidson,Nashville,5/27/2021 1:31:00 PM,2,1,0,36.181610,-86.752410,MANSFIELD ST,,,,158.00,Feet,West,BAILEY ST,,,,0.00,N,Not at Intersection,N,Non-Junction,None,,,         ,Doyle,Price,Cloudy,Front to Rear,no,no,no,no,no,False
102990379,METROPOLITAN NASHVILLE POLICE DEPT,20210293291,Davidson,Nashville,5/27/2021 12:00:00 AM,1,0,0,36.256030,-86.786990,I 24,,,,0.00,,,,,,,42.15,N,Not at Intersection,N,Non-Junction,None,,,         ,Melvin,Taylor,Clear,Not Collision with Motor Vehicle in Transport,no,no,no,no,no,False
102990423,METROPOLITAN NASHVILLE POLICE DEPT,20210293296,Davidson,Nashville,5/27/2021 2:57:00 PM,3,3,0,36.112250,-86.687490,MURFREESBORO PKE,,,,506.00,Feet,East,AIR FREIGHT BLVD,,,,0.00,N,Not at Intersection,N,Non-Junction,None,,,         ,Nadine,Klemenz,Cloudy,Front to Rear,no,no,no,no,no,False
102990424,METROPOLITAN NASHVILLE POLICE DEPT,20210293237,Davidson,Nashville,5/27/2021 2:13:00 PM,2,1,0,36.166130,-86.817600,I 40,,,,0.00,,,,,,,206.60,N,Not at Intersection,N,Non-Junction,None,,,         ,Daniel,Kallman,Clear,Front to Rear,no,no,no,no,no,False
102990427,METROPOLITAN NASHVILLE POLICE DEPT,20210293347,Davidson,Nashville,5/27/2021 3:35:00 PM,2,0,0,36.128720,-86.853230,WHITE BRIDGE PKE,,,,19.00,Feet,West,LIONS HEAD VILLAGE PVTDR,,,,0.00,N,Not at Intersection, ,Non-Junction,None,,,         ,Ryan,Papp,Clear,Angle,no,no,no,no,no,False
102990442,METROPOLITAN NASHVILLE POLICE DEPT,20210293380,Davidson,Nashville,5/27/2021 3:40:00 PM,2,1,0,36.143770,-86.734090,ELM HILL PKE,,,,1074.00,Feet,West,OLD TREE CT,,,,0.00,N,Not at Intersection,N,Non-Junction,None,,,         ,Reagan,Heath,Clear,Angle,no,no,no,no,no,False
102990473,METROPOLITAN NASHVILLE POLICE DEPT,20210293301,Davidson,Nashville,5/27/2021 2:43:00 PM,2,0,0,36.087740,-86.607190,SMITH SPRINGS RD,,,,0.00,,,ANDERSON RD,,,,0.00,Y,Four-Way, ,Intersection,None,,,         ,Phillip,Burke,Clear,Angle,no,no,no,no,no,False
102990479,METROPOLITAN NASHVILLE POLICE DEPT,20210293420,Davidson,Nashville,5/27/2021 3:25:00 PM,2,0,0,36.167260,-86.795600,I 40,,,,0.00,,,,,,,208.25,N,Not at Intersection, ,Non-Junction,None,,,         ,Daniel,Tomlinson,Clear,Front to Rear,no,no,no,no,yes,False
102990486,METROPOLITAN NASHVILLE POLICE DEPT,20210293411,Davidson,Nashville,5/27/2021 4:02:00 PM,2,0,0,36.192640,-86.800830,ROSA L PARKS BLVD,,,,318.00,Feet,East,ATHENS WAY,,,,0.00,N,Not at Intersection, ,Non-Junction,None,,,         ,Melvin,Taylor,Clear,"Sideswipe, Same Direction",no,no,no,no,no,False
102990492,METROPOLITAN NASHVILLE POLICE DEPT,20210293525,Davidson,Nashville,5/27/2021 5:00:00 PM,2,0,0,36.143380,-86.822710,I 440,,,,0.00,,,,,,,1.00,N,Not at Intersection, ,,None,,,         ,Matthew,Turppa,,,no,no,no,no,no,False
102990500,METROPOLITAN NASHVILLE POLICE DEPT,20210293551,Davidson,Nashville,5/27/2021 4:52:00 PM,1,0,0,36.152860,-86.783730,11TH AVS,,,,0.00,,,PINE ST,,,,0.00,Y,OTHER, ,,None,,,         ,Trevor,Taylor,,,yes,no,no,no,no,False
102990508,METROPOLITAN NASHVILLE POLICE DEPT,20210293265,Davidson,Nashville,5/27/2021 2:47:00 PM,2,0,0,36.064410,-86.717190,NOLENSVILLE PKE,,,,556.00,Feet,North,FAIRLANE DR,,,,0.00,N,Not at Intersection,N,Non-Junction,None,,,         ,Beri,Scott,Clear,"Sideswipe, Same Direction",no,no,no,no,no,False
102990510,METROPOLITAN NASHVILLE POLICE DEPT,20210293355,Davidson,Nashville,5/27/2021 3:10:00 PM,2,0,0,36.208930,-86.777900,BRICK CHURCH PKE,,,,50.00,Feet,South,AVONDALE CIR,,,,0.00,N,Not at Intersection, ,Non-Junction,None,,,         ,Chase,Harriman,Clear,Angle,no,no,no,no,no,False
102990524,METROPOLITAN NASHVILLE POLICE DEPT,20210293516,Davidson,Nashville,5/27/2021 4:51:00 PM,3,0,0,36.124720,-86.736520,I 440,,,,0.00,,,,,,,7.00,N,Not at Intersection, ,Non-Junction,None,,,         ,Taylor,Blackwelder,Clear,"Sideswipe, Same Direction",no,no,no,no,yes,False
102990529,METROPOLITAN NASHVILLE POLICE DEPT,20210293403,Davidson,Nashville,5/27/2021 3:54:00 PM,3,2,0,36.192970,-86.801830,ROSA L PARKS BLVD,,,,0.00,Feet,,ATHENS WAY,,,,0.00,Y,Four-Way,N,Intersection,None,,,         ,Michael,Suagua,Clear,Front to Rear,no,no,no,no,no,False
102990541,METROPOLITAN NASHVILLE POLICE DEPT,20210293676,Davidson,Nashville,5/27/2021 3:35:00 PM,2,0,0,36.153200,-86.842260,46TH AVN,,,,36.00,Feet,South,I40 E ENT RAMP,,,,0.00,N,Not at Intersection, ,,None,,,         ,Jared,Dick,,,no,no,no,no,no,False
102990565,METROPOLITAN NASHVILLE POLICE DEPT,20210293705,Davidson,Not in City Limit,5/27/2021 6:14:00 PM,2,0,0,36.264210,-86.734900,OLD HICKORY BLVDW,,,,85.00,Feet,East,BOYDS HILLTOP DR,,,,0.00,N,Not at Intersection,N,Non-Junction,None,,,         ,Kyle,Eicholtz,Clear,Front to Rear,no,no,no,no,no,False
102990577,METROPOLITAN NASHVILLE POLICE DEPT,20210293414,Davidson,Nashville,5/27/2021 3:54:00 PM,1,1,0,36.215130,-86.600090,LEBANON PKE,,,,713.00,Feet,West,ANDREW JACKSON PKWY,,,,0.00,N,Not at Intersection,N,OtherLocation,None,,,         ,Destiny,Zunic,Clear,Not Collision with Motor Vehicle in Transport,yes,no,no,no,yes,False
102990580,METROPOLITAN NASHVILLE POLICE DEPT,20210293559,Davidson,Not in City Limit,5/27/2021 5:10:00 PM,3,3,0,36.284450,-86.706500,GALLATIN PKEN,,,,277.00,Feet,South,TENNYSON AV,,,,0.00,N,Not at Intersection,N,Non-Junction,None,,,         ,Derek,Sibley,Clear,"Sideswipe, Same Direction",no,no,no,no,no,False
102990585,METROPOLITAN NASHVILLE POLICE DEPT,20210293588,Davidson,Nashville,5/27/2021 5:00:00 PM,3,0,0,36.156700,-86.834370,40TH AVN,,,,142.00,Feet,South,CLIFTON AV,,,,0.00,N,Not at Intersection,N,Non-Junction,None,,,         ,Robert,Crow,Clear,Angle,no,no,no,no,yes,False
102990591,METROPOLITAN NASHVILLE POLICE DEPT,20210293621,Davidson,Nashville,5/27/2021 5:22:00 PM,3,1,0,36.191810,-86.780220,I24 E ENT RAMP,,,,0.00,Feet,East,I 65,,,,0.00,N,Not at Intersection,N,Non-Junction,None,,,         ,Nicholas,Kiraly,Clear,Front to Rear,no,no,no,no,yes,False
102990605,METROPOLITAN NASHVILLE POLICE DEPT,20210293726,Davidson,Nashville,5/27/2021 6:10:00 PM,2,0,0,36.160850,-86.773490,1ST AVS,,,,124.00,Feet,South,DOWNTOWN GRNWY,,,,0.00,N,Not at Intersection,N,Non-Junction,None,,,         ,Eric,Jackson,Clear,Front to Rear,no,no,no,no,yes,False
102990606,METROPOLITAN NASHVILLE POLICE DEPT,20210293770,Davidson,Nashville,5/27/2021 5:54:00 PM,2,0,0,36.154050,-86.858330,ROBERTSON AV,,,,0.00,,,MIDLAND AV,,,,0.00,Y,T-Intersection,N,Intersection-Related,None,,,         ,Matthew,Mrowiec,Clear,Front to Rear,no,no,no,no,yes,False
102990614,METROPOLITAN NASHVILLE POLICE DEPT,20210293735,Davidson,Nashville,5/27/2021 6:36:00 PM,2,0,0,36.132470,-86.719310,MURFREESBORO PKE,,,,0.00,,,WILHAGAN RD,,,,0.00,Y,T-Intersection,N,Intersection,None,,,         ,Andrew,Brazee,Clear,Front to Rear,no,no,no,no,no,False
102990629,METROPOLITAN NASHVILLE POLICE DEPT,20210293460,Davidson,Goodlettsville,5/27/2021 4:18:00 PM,2,0,0,36.299440,-86.712060,I 65,,,,0.00,,,,,,,95.10,N,Not at Intersection,N,Non-Junction,None,,,         ,Christopher,Littles,Clear,Front to Rear,no,no,no,no,yes,False
102990630,METROPOLITAN NASHVILLE POLICE DEPT,20210293531,Davidson,Not in City Limit,5/27/2021 4:55:00 PM,3,0,0,36.275050,-86.735420,I 65,,,,0.00,,,,,,,93.00,N,Not at Intersection,N,Non-Junction,None,,,         ,Christopher,Littles,Clear,Front to Rear,no,no,no,no,no,False
102990631,METROPOLITAN NASHVILLE POLICE DEPT,20210293701,Davidson,Not in City Limit,5/27/2021 4:57:00 PM,2,0,0,36.278280,-86.734310,I 65,,,,0.00,,,,,,,93.20,N,Not at Intersection, ,,None,,,         ,Christopher,Littles,,,no,no,no,no,no,False
102990632,METROPOLITAN NASHVILLE POLICE DEPT,20210293756,Davidson,Nashville,5/27/2021 6:00:00 PM,2,1,0,36.236300,-86.727380,BRILEY PKWYW,,,,0.00,,,BRILEY PKWY W ENT RAMP,,,,0.00,Y,Y-Intersection,N,Entrance/Exit Ramp Related,None,,,         ,Christopher,Littles,Clear,Angle,no,no,no,no,no,False
102990648,METROPOLITAN NASHVILLE POLICE DEPT,20210293972,Davidson,Nashville,5/27/2021 8:41:00 PM,1,1,0,36.191580,-86.827800,CLARKSVILLE PKE,,,,274.00,Feet,West,CLIFF DR,,,,0.00,N,Not at Intersection,N,Non-Junction,None,,,         ,Chad,Connors,Clear,Not Collision with Motor Vehicle in Transport,no,no,no,no,no,False
102990656,METROPOLITAN NASHVILLE POLICE DEPT,20210293515,Davidson,Nashville,5/27/2021 4:55:00 PM,2,0,0,36.221140,-86.804900,WHITES CREEK PKE,,,,0.00,,,REVELS DR,,,,0.00,Y,Four-Way,N,Intersection-Related,None,,,         ,Scarlett,Collins,Clear,Front to Rear,no,no,no,no,no,False
102990684,METROPOLITAN NASHVILLE POLICE DEPT,20210293641,Davidson,Lakewood,5/27/2021 5:31:00 PM,2,0,0,36.243510,-86.636140,FERRELL DR,,,,0.00,,,OLD HICKORY BLVD,,,,0.00,Y,T-Intersection,N,Non-Junction,None,,,         ,Ivan,Vega,Clear,HeadOn,no,no,no,no,yes,False
102990716,METROPOLITAN NASHVILLE POLICE DEPT,20210293789,Davidson,Nashville,5/27/2021 7:00:00 PM,2,0,0,36.189130,-86.627980,LEBANON PKE,,,,515.00,Feet,East,HICKORY HILL LN,,,,0.00,N,Not at Intersection, ,,None,,,         ,Zaire,Murray,,,no,no,no,no,no,False
102990717,METROPOLITAN NASHVILLE POLICE DEPT,20210293793,Davidson,Nashville,5/27/2021 6:40:00 PM,2,0,0,36.176630,-86.796200,9TH AVN,,,,127.00,Feet,East,CHEATHAM PL,,,,0.00,N,Not at Intersection,N,Non-Junction,None,,,         ,Maryanne,Bartello,Clear,"Sideswipe, Same Direction",no,no,no,no,yes,False
102990718,METROPOLITAN NASHVILLE POLICE DEPT,20210294021,Davidson,Nashville,5/27/2021 9:05:00 PM,1,0,0,36.182780,-86.799110,I 65,,,,0.00,,,,,,,85.20,N,Not at Intersection,N,Non-Junction,None,,,         ,Jackson,Sanders,Clear,Not Collision with Motor Vehicle in Transport,no,no,no,no,no,False
102990731,METROPOLITAN NASHVILLE POLICE DEPT,20210293719,Davidson,Nashville,5/27/2021 6:27:00 PM,1,1,0,36.202130,-86.739900,DOZIER PL,,,,155.00,Feet,West,GALLATIN PKE,,,,0.00,N,Not at Intersection,N,Non-Junction,None,,,         ,Zachary,Aldrich,Clear,Not Collision with Motor Vehicle in Transport,yes,no,no,no,yes,False
102990740,METROPOLITAN NASHVILLE POLICE DEPT,20210293561,Davidson,Nashville,5/27/2021 3:49:00 PM,2,0,0,36.217490,-86.846310,KINGS LN,,,,0.00,Feet,East,PHIPPS DR,,,,0.00,N,Not at Intersection, ,Non-Junction,None,,,         ,Michael,Intrieri,Clear,Angle,no,no,no,no,no,False
102990747,METROPOLITAN NASHVILLE POLICE DEPT,20210294088,Davidson,Nashville,5/27/2021 9:38:00 PM,2,0,0,36.153010,-86.857290,I40 W EXT RAMP,,,,0.00,Feet,East,I 40,,,,0.00,N,Not at Intersection, ,,None,,,         ,Jared,Dick,,,no,no,no,no,no,False
102990750,METROPOLITAN NASHVILLE POLICE DEPT,20210293939,Davidson,Not in City Limit,5/27/2021 8:25:00 PM,2,1,0,36.269310,-86.710520,WILEY ST,,,,25.00,Feet,East,GALLATIN PKEN,,,,0.00,N,Not at Intersection,N,Non-Junction,None,,,         ,DuJuan,Kendrick,Clear,"Sideswipe, Same Direction",no,no,no,no,yes,False
102990751,METROPOLITAN NASHVILLE POLICE DEPT,20210294041,Davidson,Nashville,5/27/2021 9:20:00 PM,2,1,0,36.073620,-86.692550,I 24,,,,0.00,,,,,,,56.65,N,Not at Intersection,N,Non-Junction,Construction Zone,Laneclosure,Transition Area,         ,Robert,Higgins,Clear,Front to Rear,no,no,no,no,no,False
102990758,METROPOLITAN NASHVILLE POLICE DEPT,20210294039,Davidson,Nashville,5/27/2021 9:19:00 PM,2,1,0,36.110940,-86.745220,NOLENSVILLE PKE,,,,0.00,,,THOMPSON LN,,,,0.00,Y,Four-Way,N,Intersection,None,,,         ,Travis,Pemberton,Clear,Angle,no,no,no,no,no,False
102990769,METROPOLITAN NASHVILLE POLICE DEPT,20210294074,Davidson,Nashville,5/27/2021 9:35:00 PM,2,1,0,36.181040,-86.800010,I 65,,,,0.00,,,,,,,85.10,N,Not at Intersection,N,Non-Junction,None,,,         ,Keegan,Winchell,Clear,Front to Rear,no,no,no,no,yes,False
102990806,METROPOLITAN NASHVILLE POLICE DEPT,20210294193,Davidson,Nashville,5/27/2021 10:20:00 PM,2,0,0,36.041580,-86.652820,I 24,,,,0.00,,,,,,,59.80,N,Not at Intersection,N,Non-Junction,None,,,         ,Lisa,Beck,Cloudy,Front to Rear,no,no,no,no,yes,False
102990809,METROPOLITAN NASHVILLE POLICE DEPT,20210294214,Davidson,Nashville,5/27/2021 12:00:00 AM,2,2,0,36.205890,-86.768610,E TRINITY LN,,,,0.00,,,DICKERSON PKE,,,,0.00,Y,Four-Way,Y,Intersection-Related,None,,,         ,Matthew,Jankiewicz,Clear,Angle,no,no,no,no,no,False
102990816,METROPOLITAN NASHVILLE POLICE DEPT,20210294182,Davidson,Nashville,5/27/2021 10:00:00 PM,2,0,0,36.071270,-86.636400,BELL RD,,,,228.00,Feet,South,MURFREESBORO PKE,,,,0.00,N,Not at Intersection, ,Non-Junction,None,,,         ,Garrett,Reingardt,Clear,Angle,no,no,no,no,no,False
102990817,METROPOLITAN NASHVILLE POLICE DEPT,20210294160,Davidson,Nashville,5/27/2021 9:28:00 PM,2,0,0,36.087870,-86.920730,OLD HICKORY BLVD,,,,0.00,,,WOODBURY FALLS DR,,,,0.00,Y,Four-Way,N,Intersection,None,,,         ,David,Moser,Clear,Front to Rear,no,no,no,no,no,False
102990822,METROPOLITAN NASHVILLE POLICE DEPT,20210294289,Davidson,Nashville,5/28/2021 12:00:00 AM,2,0,0,36.153710,-86.788180,I40 E ENT RAMP,,,,0.00,Feet,East,I 40,,,,0.00,N,Not at Intersection,N,Non-Junction,None,,,         ,Aaron,Brumley,Clear,Angle,no,no,no,no,no,False
102990828,METROPOLITAN NASHVILLE POLICE DEPT,20210294291,Davidson,Nashville,5/28/2021 12:20:00 AM,1,0,0,36.250560,-86.740920,I 65,,,,0.00,,,,,,,91.25,N,Not at Intersection, ,Non-Junction,None,,,         ,Derrick,Toney,Clear,Not Collision with Motor Vehicle in Transport,no,no,no,no,no,False
102990829,METROPOLITAN NASHVILLE POLICE DEPT,20210294364,Davidson,Nashville,5/28/2021 1:10:00 AM,1,0,0,36.097060,-86.709020,I 24,,,,0.00,,,,,,,54.80,N,Not at Intersection,N,Non-Junction,None,,,         ,Jonathan,Handley,Rain,Not Collision with Motor Vehicle in Transport,no,no,no,no,no,False
102990831,METROPOLITAN NASHVILLE POLICE DEPT,20210294068,Davidson,Nashville,5/27/2021 12:00:00 AM,3,0,0,36.069040,-86.681850,RICHARDS RD,,,,191.00,Feet,West,CUMMINGS PARK DR,,,,0.00,N,Not at Intersection,N,Non-Junction,None,,,         ,Eric,Laury,Clear,Rear to Side,no,no,no,yes,yes,False
102990832,METROPOLITAN NASHVILLE POLICE DEPT,20210294309,Davidson,Madison,5/28/2021 12:20:00 AM,2,0,0,36.309370,-86.673850,GALLATIN PKEN,,,,474.00,Feet,West,W MAIN ST,,,,0.00,N,Not at Intersection,N,Non-Junction,None,,,         ,William,Badger,,Angle,no,no,no,no,yes,False
102990838,METROPOLITAN NASHVILLE POLICE DEPT,20210294398,Davidson,Nashville,5/28/2021 12:37:00 AM,1,0,0,36.067230,-86.661670,UNA ANTIOCH PKE,,,,0.00,Feet,West,RICHARDS RD,,,,0.00,N,Not at Intersection,N,Non-Junction,None,,,         ,Alex,DiBernardo,Rain,Not Collision with Motor Vehicle in Transport,no,no,no,no,yes,False
102990843,METROPOLITAN NASHVILLE POLICE DEPT,20210294335,Davidson,Nashville,5/28/2021 12:51:00 AM,4,0,0,36.151400,-86.804040,ELLISTON PL,,,,139.00,Feet,South,22ND AVN,,,,0.00,N,Not at Intersection,N,Non-Junction,None,,,         ,Henry,Perez,Rain,HeadOn,no,no,no,no,no,Campus
102990844,METROPOLITAN NASHVILLE POLICE DEPT,20210294476,Davidson,Nashville,5/28/2021 2:20:00 AM,1,0,0,36.124190,-86.740880,I 440,,,,0.00,,,,,,,6.80,N,Not at Intersection,N,Non-Junction,None,,,         ,Jonathan,Handley,Rain,Not Collision with Motor Vehicle in Transport,no,no,no,no,no,False
102990846,METROPOLITAN NASHVILLE POLICE DEPT,20210294436,Davidson,Nashville,5/28/2021 2:00:00 AM,2,0,0,36.250860,-86.718630,MOVING CENTER CT,,,,82.00,Feet,West,GALLATIN PKES,,,,0.00,N,Not at Intersection,N,Non-Junction,None,,,         ,Reuben,Hewit,Rain,Angle,no,no,no,yes,yes,False
102990864,METROPOLITAN NASHVILLE POLICE DEPT,20210294427,Davidson,Nashville,5/28/2021 2:00:00 AM,1,1,0,36.144760,-86.740000,I 40,,,,0.00,,,,,,,212.30,N,Not at Intersection,N,Non-Junction,None,,,         ,Dallas,Johnson,Rain,Not Collision with Motor Vehicle in Transport,no,no,no,no,no,False
102990865,METROPOLITAN NASHVILLE POLICE DEPT,20210294185,Davidson,Nashville,5/27/2021 10:32:00 PM,2,0,0,36.160940,-86.777370,BROADWAY,,,,58.00,Feet,West,4TH AVN,,,,0.00,N,Not at Intersection, ,,None,,,         ,Kelcey,Bell,,,no,no,no,no,no,False
102990870,METROPOLITAN NASHVILLE POLICE DEPT,20210294523,Davidson,Nashville,5/28/2021 3:15:00 AM,2,0,0,36.206670,-86.778430,W TRINITY LN,,,,0.00,,,HAMPTON ST,,,,0.00,Y,T-Intersection,N,Intersection-Related,None,,,         ,Brian,DeMarce,Clear,Angle,no,no,no,no,yes,False
102990872,METROPOLITAN NASHVILLE POLICE DEPT,20210294482,Davidson,Nashville,5/28/2021 2:25:00 AM,1,0,0,36.167620,-86.869610,BRILEY PKWYS,,,,245.00,Feet,South,BRILEY PKWYN,,,,0.00,N,Not at Intersection,N,Non-Junction,None,,,         ,Jonathan,Phipps,Rain,Not Collision with Motor Vehicle in Transport,no,no,no,no,no,False
102990876,METROPOLITAN NASHVILLE POLICE DEPT,20210294505,Davidson,Nashville,5/28/2021 2:54:00 AM,1,0,0,36.089050,-86.891710,HARDING PKE,,,,171.00,Feet,South,BROOKMONT TER,,,,0.00,N,Not at Intersection,N,Non-Junction,None,,,         ,Christopher,Alceus,Clear,Not Collision with Motor Vehicle in Transport,no,no,no,no,no,False
102990886,METROPOLITAN NASHVILLE POLICE DEPT,20210294174,Davidson,Nashville,5/27/2021 12:00:00 AM,4,1,0,36.065140,-86.684940,I 24,,,,0.00,,,,,,,57.40,N,Not at Intersection,N,Non-Junction,Construction Zone,Work On Shoulder Or Median,Unknown,         ,Sefer,Kerim,Clear,Front to Rear,no,no,no,no,no,False
102990918,METROPOLITAN NASHVILLE POLICE DEPT,20210294528,Davidson,Not in City Limit,5/28/2021 12:00:00 AM,1,1,0,36.271970,-86.925970,GRAYS POINT RD,,,,169.00,Feet,West,LITTLE MARROWBONE RD,,,,0.00,N,Not at Intersection,N,Non-Junction,None,,,         ,Joseph,Gawlowski,Rain,Not Collision with Motor Vehicle in Transport,no,no,no,no,no,False
102990923,METROPOLITAN NASHVILLE POLICE DEPT,20210294050,Davidson,Nashville,5/27/2021 8:05:00 PM,2,1,0,36.193240,-86.623510,LEBANON PKE,,,,163.00,Feet,North,JUAREZ DR,,,,0.00,N,Not at Intersection,N,Non-Junction,None,,,         ,Nathan,Sizemore,Cloudy,Angle,no,no,no,no,no,False
102990962,METROPOLITAN NASHVILLE POLICE DEPT,20210293239,Davidson,Nashville,5/27/2021 2:31:00 PM,1,0,0,36.151790,-86.779250,8TH AVS,,,,0.00,,,GLEAVES ST,,,,0.00,Y,T-Intersection,N,Non-Junction,None,,,         ,Michael,Douglas,Clear,Not Collision with Motor Vehicle in Transport,no,no,no,no,no,False