master_record_number,agency,agency_tracking_number,county,city,collision_date,vehicles_involved,number_injured,number_dead,latitude,longitude,roadway_name,roadway_suffix,roadway_number,roadway_local_id,distance_from_reference,miles-feet_indicator,direction_from_reference,intersection_road_name,intersection_road_name_suffix,intersection_road_number,intersection_local_id,mile_marker,intersection_indicator,intersect_type,interchange_related_indicator,relation_to_junction,work_zone_type,construction_maintenance_zone,construction_maintenance_zone_location,fatal_case_number,officer_first_name,officer_last_name,weather_condition(s),manner_of_crash,pedestrian,bicycle,scooter,parking,hitrun,mou
102991792,METROPOLITAN NASHVILLE POLICE DEPT,20210296030,Davidson,Nashville,5/28/2021 10:00:00 PM,2,0,0,36.044660,-86.659490,I24 E ENT RAMP,,,,0.00,Feet,East,I 24,,,,0.00,N,Not at Intersection,N,Non-Junction,None,,,         ,Beri,Scott,Clear,Angle,no,no,no,no,no,False
102991798,METROPOLITAN NASHVILLE POLICE DEPT,20210295992,Davidson,Nashville,5/28/2021 12:00:00 AM,3,1,0,36.139000,-86.665800,DONELSON PKE,,,,0.00,,,I40 E ENT RAMP,,,,0.00,Y,OTHER,N,Non-Junction,None,,,         ,Adam,Gartner,Clear,HeadOn,no,no,no,no,no,False
102991801,METROPOLITAN NASHVILLE POLICE DEPT,20210296005,Davidson,Goodlettsville,5/28/2021 9:11:00 PM,2,0,0,36.296920,-86.699150,GALLATIN PKEN,,,,3.00,Feet,North,RIVERGATE PKWY,,,,0.00,N,Not at Intersection, ,Non-Junction,None,,,         ,Wesley,Carver,Rain,Angle,no,no,no,no,no,False
102991807,METROPOLITAN NASHVILLE POLICE DEPT,20210296021,Davidson,Nashville,5/28/2021 8:25:00 PM,2,0,0,36.181860,-86.607420,OLD HICKORY BLVD,,,,219.00,Feet,East,FRIST BLVD,,,,0.00,N,Not at Intersection, ,,None,,,         ,Phillip,Burke,,,no,no,no,no,no,False
102991821,METROPOLITAN NASHVILLE POLICE DEPT,20210296121,Davidson,Nashville,5/28/2021 10:32:00 PM,1,0,0,36.115890,-86.734360,WHITSETT RD,,,,348.00,Feet,South,HARTFORD DR,,,,0.00,N,Not at Intersection, ,Non-Junction,None,,,         ,Tavin,Emlund,"Cloudy, Rain",Not Collision with Motor Vehicle in Transport,no,no,no,no,yes,False
102991822,METROPOLITAN NASHVILLE POLICE DEPT,20210296139,Davidson,Nashville,5/28/2021 11:00:00 PM,2,0,0,36.204680,-86.749690,ELLINGTON PKWY N ENT RAMP,,,,0.00,,,E TRINITY LN,,,,0.00,Y,OTHER,Y,Intersection,None,,,         ,Jarrett,Ipox,Rain,Angle,no,no,no,no,yes,False
102991861,GOODLETTSVILLE POLICE DEPT,21-14149,Davidson,Goodlettsville,5/28/2021 10:42:00 PM,2,1,0,36.330940,-86.708390,I 65,,,,0.00,,,,,,,97.50,N,Not at Intersection,N,Non-Junction,None,,,         ,Jessica,Gistarb,Rain,"Sideswipe, Same Direction",no,no,no,no,no,False
102991881,METROPOLITAN NASHVILLE POLICE DEPT,20210296232,Davidson,Nashville,5/28/2021 11:50:00 PM,2,0,0,36.208640,-86.780850,AVONDALE CIR,,,,543.00,Feet,West,HAMPTON ST,,,,0.00,N,Not at Intersection, ,Non-Junction,None,,,         ,Blas,Hernandez,Cloudy,"Sideswipe, Same Direction",no,no,no,no,yes,False
102991914,METROPOLITAN NASHVILLE POLICE DEPT,20210296194,Davidson,Nashville,5/28/2021 9:03:00 PM,2,0,0,36.124490,-86.708250,MURFREESBORO PKE,,,,220.00,Feet,East,VULTEE BLVD,,,,0.00,N,Not at Intersection,N,Non-Junction,None,,,         ,Richard,Luellen,Clear,Angle,no,no,no,no,no,False
102991940,METROPOLITAN NASHVILLE POLICE DEPT,20210296404,Davidson,Nashville,5/29/2021 1:39:00 AM,2,0,0,36.088200,-86.701960,I24 E EXT RAMP,,,,0.00,Feet,East,I 24,,,,0.00,N,Not at Intersection,N,Non-Junction,None,,,         ,Clayton,Smith,Clear,"Sideswipe, Same Direction",no,no,no,no,yes,False
102991942,METROPOLITAN NASHVILLE POLICE DEPT,20210296161,Davidson,Goodlettsville,5/28/2021 11:27:00 PM,2,2,0,36.296910,-86.699160,MYATT DR,,,,0.00,,,GALLATIN PKEN,,,,0.00,Y,Four-Way,Y,Intersection-Related,None,,,         ,Justan,Vance,Cloudy,Angle,no,no,no,no,no,False
102991975,METROPOLITAN NASHVILLE POLICE DEPT,20210296327,Davidson,Goodlettsville,5/29/2021 12:53:00 AM,2,1,0,36.285990,-86.727770,I 65,,,,0.00,,,,,,,93.85,N,Not at Intersection,N,Non-Junction,None,,,         ,Justan,Vance,Cloudy,Front to Rear,no,no,no,no,no,False
102991987,METROPOLITAN NASHVILLE POLICE DEPT,20210296324,Davidson,Nashville,5/28/2021 11:38:00 PM,2,1,0,36.173590,-86.602150,CENTRAL PKE,,,,0.00,Feet,,OLD HICKORY BLVD,,,,0.00,Y,Four-Way,N,Intersection-Related,None,,,         ,Timothy,Kearney,Clear,Angle,no,no,no,no,no,False
102991997,METROPOLITAN NASHVILLE POLICE DEPT,20210296509,Davidson,Not in City Limit,5/29/2021 3:00:00 AM,1,1,0,36.311790,-86.860080,WHITES CREEK PKE,,,,1491.00,Feet,East,OLD CLARKSVILLE PKE,,,,0.00,N,Not at Intersection,N,Non-Junction,None,,,         ,Brian,DeMarce,Clear,Not Collision with Motor Vehicle in Transport,no,no,no,no,no,False
102992004,METROPOLITAN NASHVILLE POLICE DEPT,20210296538,Davidson,Not in City Limit,5/29/2021 3:25:00 AM,1,1,0,36.288840,-86.844940,WHITES CREEK PKE,,,,685.00,Feet,West,LAWS RD,,,,0.00,N,Not at Intersection,N,Non-Junction,None,,,         ,Blas,Hernandez,Cloudy,Not Collision with Motor Vehicle in Transport,no,no,no,no,no,False
102992006,METROPOLITAN NASHVILLE POLICE DEPT,20210296386,Davidson,Nashville,5/29/2021 3:08:00 AM,2,0,0,36.172480,-86.595110,CENTRAL PKE,,,,0.00,Feet,East,TULIP GROVE RD,,,,0.00,N,Not at Intersection, ,Non-Junction,None,,,         ,Ryan,Malone,,Angle,no,no,no,no,yes,False
102992007,METROPOLITAN NASHVILLE POLICE DEPT,20210296588,Davidson,Nashville,5/29/2021 3:00:00 AM,2,0,0,36.162190,-86.782480,CHURCH ST,,,,56.00,Feet,East,7TH AVN,,,,0.00,N,Not at Intersection, ,Non-Junction,None,,,         ,Maximillian,Goldberg,Clear,Front to Rear,no,no,no,no,no,False
102992014,METROPOLITAN NASHVILLE POLICE DEPT,20210296578,Davidson,Nashville,5/29/2021 12:00:00 AM,2,0,0,36.028750,-86.636750,I 24,,,,0.00,,,,,,,61.10,N,Not at Intersection,N,Non-Junction,None,,,         ,McKenzie,Harper,"Cloudy, Rain",Front to Rear,no,no,no,no,no,False
102992030,METROPOLITAN NASHVILLE POLICE DEPT,2021-0296549,Davidson,Nashville,5/29/2021 3:45:00 AM,2,0,0,36.153240,-86.687680,ELM HILL PKE,,,,0.00,,,ATRIUM WAY,,,,0.00,Y,Four-Way,N,Intersection,None,,,         ,Joshua,McGarvey,Cloudy,"Sideswipe, Same Direction",no,no,no,no,no,False
102992035,METROPOLITAN NASHVILLE POLICE DEPT,20210296523,Davidson,Nashville,5/29/2021 12:00:00 AM,1,0,0,36.182140,-86.608120,OLD HICKORY BLVD,,,,0.00,,East,ANDREW JACKSON WAY,,,,0.00,N,Not at Intersection,N,Entrance/Exit Ramp Related,None,,,         ,Timothy,Kearney,Unknown,Not Collision with Motor Vehicle in Transport,no,no,no,no,yes,False
102992037,METROPOLITAN NASHVILLE POLICE DEPT,20210296565,Davidson,Not in City Limit,5/29/2021 4:08:00 AM,1,0,0,36.125460,-86.927190,RIVER ROAD PKE,,,,1583.00,Feet,North,OLD CHARLOTTE PKE,,,,0.00,N,Not at Intersection,N,Non-Junction,None,,,         ,David,Moser,Rain,Not Collision with Motor Vehicle in Transport,no,no,no,no,no,False
102992053,METROPOLITAN NASHVILLE POLICE DEPT,20210296632,Davidson,Nashville,5/29/2021 5:07:00 AM,2,0,0,36.154890,-86.779150,8TH AVS,,,,0.00,,,KOREAN VETERANS BLVD,,,,0.00,Y,Roundabout, ,Intersection,None,,,         ,John,Jones,Clear,"Sideswipe, Same Direction",no,no,no,no,no,False
102992059,METROPOLITAN NASHVILLE POLICE DEPT,20210296664,Davidson,Nashville,5/29/2021 6:40:00 AM,2,0,0,36.088870,-86.693350,ANTIOCH PKE,,,,212.00,Feet,South,CANDY LN,,,,0.00,N,Not at Intersection, ,Non-Junction,None,,,         ,Sandra,Fly,Cloudy,"Sideswipe, Same Direction",no,no,no,no,no,False
102992070,METROPOLITAN NASHVILLE POLICE DEPT,20210295228,Davidson,Nashville,5/28/2021 1:30:00 PM,2,0,0,36.061830,-86.705630,PACKARD DR,,,,469.00,Feet,East,HICKORY GLADE DR,,,,0.00,N,Not at Intersection,N,Non-Junction,Work Zone,Laneclosure,Advanced Warning Area,         ,Tyler,Heckaman,Clear,Front to Rear,no,no,no,no,no,False
102992094,METROPOLITAN NASHVILLE POLICE DEPT,20210296713,Davidson,Nashville,5/29/2021 7:47:00 AM,1,0,0,36.232720,-86.824080,BRILEY PKWYE,,,,332.00,Feet,East,BRILEY PKWYW,,,,0.00,N,Not at Intersection,N,Non-Junction,None,,,         ,James,Wray,Cloudy,Not Collision with Motor Vehicle in Transport,no,no,no,no,no,False
102992145,GOODLETTSVILLE POLICE DEPT,21-14177,Davidson,Goodlettsville,5/29/2021 5:48:00 AM,2,0,0,36.324760,-86.702470,LONG HOLLOW PKE,,,,19.00,Feet,West,NORTHGATE DR,,,,0.00,N,Not at Intersection, ,Non-Junction,None,,,         ,Benny,Alexander,Cloudy,Angle,no,no,no,no,no,False
102992151,METROPOLITAN NASHVILLE POLICE DEPT,20210296852,Davidson,Nashville,5/29/2021 10:21:00 AM,2,0,0,36.206270,-86.773480,W TRINITY LN,,,,0.00,Feet,West,I65 N ENT RAMP,,,,0.00,N,Not at Intersection,N,Entrance/Exit Ramp Related,None,,,         ,Matthew,Cammarn,Cloudy,Front to Rear,no,no,no,no,no,False
102992155,METROPOLITAN NASHVILLE POLICE DEPT,20210296888,Davidson,Nashville,5/29/2021 12:00:00 AM,2,0,0,36.159630,-86.855190,KENTUCKY AV,,,,108.00,Feet,East,56TH AVN,,,,0.00,N,Not at Intersection, ,Non-Junction,None,,,         ,Douglas,Atwood,Unknown,Unknown,no,no,no,no,yes,False
102992157,METROPOLITAN NASHVILLE POLICE DEPT,20210296859,Davidson,Nashville,5/29/2021 12:00:00 AM,2,0,0,36.189520,-86.815340,24TH AVN,,,,359.00,Feet,West,DOWLAN ST,,,,0.00,N,Not at Intersection,N,Non-Junction,None,,,         ,Garren,Hoskins,Unknown,Front to Rear,no,no,no,no,yes,False
102992159,METROPOLITAN NASHVILLE POLICE DEPT,20210296856,Davidson,Nashville,5/29/2021 10:31:00 AM,1,1,0,36.135130,-86.783980,HILLSIDE AV,,,,145.00,Feet,North,WEDGEWOOD AV,,,,0.00,N,Not at Intersection,N,Non-Junction,None,,,         ,Nicholas,Smith,Cloudy,Not Collision with Motor Vehicle in Transport,no,no,no,no,no,False
102992199,METROPOLITAN NASHVILLE POLICE DEPT,20210296820,Davidson,Nashville,5/29/2021 9:42:00 AM,2,1,0,36.180070,-86.606020,OLD HICKORY BLVD,,,,542.00,Feet,North,I40 E EXT RAMP,,,,0.00,N,Not at Intersection,N,Non-Junction,Utility Zone,Laneclosure,Before First Warning Area,         ,John,Chambers,Cloudy,"Sideswipe, Same Direction",no,no,no,no,no,False
102992200,METROPOLITAN NASHVILLE POLICE DEPT,20210296892,Davidson,Nashville,5/29/2021 10:58:00 AM,2,0,0,36.082850,-86.646880,MURFREESBORO PKE,,,,59.00,Feet,North,SHUMATE LN,,,,0.00,N,Not at Intersection,N,Non-Junction,None,,,         ,Martin,Brown,Cloudy,Angle,no,no,no,no,yes,False
102992227,METROPOLITAN NASHVILLE POLICE DEPT,20210296843,Davidson,Nashville,5/29/2021 10:02:00 AM,2,0,0,36.151790,-86.779250,8TH AVS,,,,0.00,Feet,West,GLEAVES ST,,,,0.00,N,Not at Intersection,N,OtherLocation,None,,,         ,Hunter,Hodge,Clear,Front to Rear,no,no,no,no,no,False
102992273,GOODLETTSVILLE POLICE DEPT,21-14103,Davidson,Goodlettsville,5/28/2021 9:24:00 AM,2,0,0,36.324180,-86.709240,E CEDAR ST,,,,446.00,Feet,East,CHURCH ST,,,,0.00,N,Not at Intersection,N,Non-Junction,None,,,         ,William,Hunter,Rain,Front to Rear,no,no,no,no,no,False
102992289,METROPOLITAN NASHVILLE POLICE DEPT,20210296947,Davidson,Nashville,5/29/2021 12:00:00 AM,2,1,0,36.250780,-86.718450,GALLATIN PKES,,,,0.00,,,MOVING CENTER CT,,,,0.00,Y,T-Intersection,N,Non-Junction,None,,,         ,Wesley,Mcclelland,Cloudy,"Sideswipe, Opposite Direction",no,no,no,no,no,False
102992290,METROPOLITAN NASHVILLE POLICE DEPT,20210296937,Davidson,Nashville,5/29/2021 12:14:00 PM,2,0,0,36.153920,-86.787760,I40 W EXT RAMP,,,,0.00,,,I 40,,,,0.00,Y,Four-Way,N,Intersection,None,,,         ,Marvin,Williams,Cloudy,Angle,no,no,no,no,no,False
102992304,METROPOLITAN NASHVILLE POLICE DEPT,2021-0296914,Davidson,Nashville,5/29/2021 11:23:00 AM,2,1,0,36.089640,-86.688580,HARDING INDUSTRIAL DR,,,,21.00,Feet,North,HARDING PL,,,,0.00,N,Not at Intersection,N,Non-Junction,None,,,         ,Harrison,Nearn,Cloudy,Front to Rear,no,no,no,no,no,False
102992306,Metro Park Police,20210296973,Davidson,Nashville,5/29/2021 1:03:00 PM,1,0,0,36.164100,-86.769500,DAVIDSON STREET BIKE CNCTR,,,,0.00,,,SHELBY ST PEDESTRIAN BRIDGE GR,,,,0.00,Y,OTHER, ,,None,,,         ,Darrell,Howse,,,no,no,no,yes,no,False
102992318,METROPOLITAN NASHVILLE POLICE DEPT,20210296958,Davidson,Nashville,5/29/2021 12:45:00 PM,2,1,0,36.131430,-86.896660,CHARLOTTE PKE,,,,79.00,Feet,East,I40 E EXT RAMP,,,,0.00,N,Not at Intersection,N,Non-Junction,None,,,         ,Michael,Pyle,Cloudy,Front to Rear,no,no,no,no,no,False
102992321,METROPOLITAN NASHVILLE POLICE DEPT,20210296942,Davidson,Nashville,5/29/2021 11:29:00 AM,3,0,0,36.045650,-86.855020,OLD HICKORY BLVD,,,,43.00,Feet,East,CROMWELL DR,,,,0.00,N,Not at Intersection,N,Non-Junction,None,,,         ,Tony,Folad,Cloudy,Front to Rear,no,no,no,no,no,False
102992367,METROPOLITAN NASHVILLE POLICE DEPT,20210296988,Davidson,Nashville,5/29/2021 1:17:00 PM,2,2,0,36.174190,-86.604230,CENTRAL PKE,,,,0.00,,,SHURGARD WAY,,,,0.00,Y,Four-Way,N,Intersection,None,,,         ,John,Chambers,Cloudy,HeadOn,no,no,no,no,no,False
102992381,METROPOLITAN NASHVILLE POLICE DEPT,20210296986,Davidson,Nashville,5/29/2021 1:16:00 PM,2,3,0,36.240740,-86.757370,DICKERSON PKE,,,,0.00,,,BRILEY PKWY E EXT RAMP,,,,0.00,Y,T-Intersection,N,Intersection,None,,,         ,Michael,McCord,Cloudy,Angle,no,no,no,no,no,False
102992423,METROPOLITAN NASHVILLE POLICE DEPT,20210297032,Davidson,Nashville,5/29/2021 2:19:00 PM,1,1,0,36.350050,-86.727840,OLD SPRINGFIELD PKE,,,,1333.00,Feet,North,LICKTON PKE,,,,0.00,N,Not at Intersection,N,Non-Junction,None,,,         ,Ian,Wilson,Clear,Not Collision with Motor Vehicle in Transport,no,no,no,no,no,False
102992424,METROPOLITAN NASHVILLE POLICE DEPT,20210297014,Davidson,Nashville,5/29/2021 1:41:00 PM,3,1,0,36.238160,-86.782490,BRILEY PKWYE,,,,158.00,Feet,East,I24 W EXT RAMP,,,,0.00,N,Not at Intersection,N,Non-Junction,None,,,         ,Scott,Edwards,Cloudy,"Sideswipe, Same Direction",no,no,no,no,yes,False
102992460,METROPOLITAN NASHVILLE POLICE DEPT,20210297025,Davidson,Nashville,5/29/2021 2:00:00 PM,2,0,0,36.152480,-86.855620,I40 E ENT RAMP,,,,0.00,Feet,East,I 40,,,,0.00,N,Not at Intersection, ,,None,,,         ,Wesley,Tilley,,,no,no,no,no,no,False
102992468,METROPOLITAN NASHVILLE POLICE DEPT,20210297154,Davidson,Antioch,5/29/2021 4:05:00 PM,2,0,0,36.042390,-86.606150,MURFREESBORO PKE,,,,207.00,Feet,South,HOBSON PKE,,,,0.00,N,Not at Intersection, ,,None,,,         ,Brandon,Simpkins,,,no,no,no,no,no,False
102992481,METROPOLITAN NASHVILLE POLICE DEPT,20210297051,Davidson,Nashville,5/29/2021 2:45:00 PM,2,0,0,36.132650,-86.893400,CHARLOTTE PKE,,,,396.00,Feet,West,OLD CHARLOTTE PKE,,,,0.00,N,Not at Intersection, ,Non-Junction,None,,,         ,Tristen,Mayfield,Cloudy,"Sideswipe, Same Direction",no,no,no,no,no,False
102992545,METROPOLITAN NASHVILLE POLICE DEPT,20210297219,Davidson,Nashville,5/29/2021 4:10:00 PM,2,0,0,36.078620,-86.726050,US HWY 31 ALT,,,,72.00,Feet,South,RAMP,,,,0.00,N,Not at Intersection,N,Non-Junction,None,,,         ,Wayne,Helm,Cloudy,"Sideswipe, Same Direction",no,no,no,yes,yes,False
102992546,METROPOLITAN NASHVILLE POLICE DEPT,20210297055,Davidson,Nashville,5/29/2021 2:48:00 PM,1,1,0,36.056050,-86.686800,BART DR,,,,75.00,Feet,West,ALGONQUIN TRL,,,,0.00,N,Not at Intersection,N,Non-Junction,None,,,         ,Josh,Lauton,Cloudy,Not Collision with Motor Vehicle in Transport,no,no,no,no,no,False
102992548,METROPOLITAN NASHVILLE POLICE DEPT,20210297307,Davidson,Nashville,5/29/2021 4:55:00 PM,1,0,0,36.186600,-86.840700,COUNTY HOSPITAL RD,,,,1084.00,Feet,North,HYDES FERRY RD,,,,0.00,N,Not at Intersection,N,Non-Junction,None,,,         ,Alec,Pellissier,Cloudy,Not Collision with Motor Vehicle in Transport,no,no,no,no,yes,False
102992549,METROPOLITAN NASHVILLE POLICE DEPT,20210297191,Davidson,Nashville,5/28/2021 11:18:00 PM,3,0,0,36.209920,-86.778190,BRICK CHURCH PIKE,,,,331.00,Feet,North,AVONDALE CIR,,,,0.00,N,Not at Intersection,N,Non-Junction,None,,,         ,Gabriel,Centeno,Cloudy,"Sideswipe, Opposite Direction",no,no,no,no,yes,False
102992551,METROPOLITAN NASHVILLE POLICE DEPT,20210297211,Davidson,Nashville,5/29/2021 4:45:00 PM,1,1,0,36.151840,-86.791620,MUSIC SQE,,,,0.00,,,DIVISION ST,,,,0.00,Y,Traffic Circle,N,Intersection,None,,,         ,Wyatt,Blacker,Cloudy,Not Collision with Motor Vehicle in Transport,yes,no,no,no,yes,False
102992553,METROPOLITAN NASHVILLE POLICE DEPT,20210297237,Davidson,Nashville,5/29/2021 5:05:00 PM,2,1,0,36.130390,-86.801960,21ST AVS,,,,0.00,,,BLAIR BLVD,,,,0.00,Y,Four-Way,N,Intersection,None,,,         ,Steven,Powers,Cloudy,Angle,no,no,no,no,no,False
102992558,METROPOLITAN NASHVILLE POLICE DEPT,20210297204,Davidson,Nashville,5/29/2021 4:40:00 PM,2,1,0,36.070510,-86.636680,BELL RD,,,,517.00,Feet,South,MURFREESBORO PKE,,,,0.00,N,Not at Intersection,N,Non-Junction,None,,,         ,Dalton,Crum,Clear,Angle,no,no,no,no,no,False
102992578,METROPOLITAN NASHVILLE POLICE DEPT,20210297385,Davidson,Nashville,5/29/2021 6:20:00 PM,2,0,0,36.183350,-86.748570,GALLATIN AV,,,,0.00,Feet,,W EASTLAND AV,,,,0.00,Y,T-Intersection,N,Intersection,None,,,         ,Justen,Ogle,Cloudy,"Sideswipe, Same Direction",no,no,no,no,yes,False
102992579,METROPOLITAN NASHVILLE POLICE DEPT,20210297362,Davidson,Nashville,5/29/2021 6:39:00 PM,2,1,0,36.152250,-86.625070,STEWARTS FERRY PKE,,,,3.00,Feet,North,BELL RD,,,,0.00,N,Not at Intersection,N,Non-Junction,None,,,         ,Evan,Grace,Cloudy,"Sideswipe, Opposite Direction",no,no,no,no,no,False
102992587,METROPOLITAN NASHVILLE POLICE DEPT,20210297386,Davidson,Nashville,5/29/2021 6:54:00 PM,3,2,0,36.069140,-86.689350,I 24,,,,0.00,,,,,,,57.00,N,Not at Intersection,N,Non-Junction,None,,,         ,Wayne,Helm,Cloudy,Front to Rear,no,no,no,no,yes,False
102992588,METROPOLITAN NASHVILLE POLICE DEPT,20210297368,Davidson,Goodlettsville,5/29/2021 12:00:00 AM,2,1,0,36.296910,-86.699160,MYATT DR,,,,0.00,,,GALLATIN PKEN,,,,0.00,Y,Four-Way,Y,Intersection,None,,,         ,Thomas,Denenea,Cloudy,Front to Rear,no,no,no,no,yes,False
102992589,METROPOLITAN NASHVILLE POLICE DEPT,20210297450,Davidson,Nashville,5/29/2021 6:33:00 PM,2,0,0,36.175730,-86.757110,S 9TH ST,,,,91.00,Feet,South,MAIN ST,,,,0.00,N,Not at Intersection,N,Non-Junction,None,,,         ,Adam,Warren,Clear,Angle,no,no,no,yes,yes,False
102992598,METROPOLITAN NASHVILLE POLICE DEPT,20210297471,Davidson,Nashville,5/29/2021 7:50:00 PM,2,0,0,36.157110,-86.803610,CHARLOTTE AV,,,,0.00,,,20TH AVN,,,,0.00,Y,T-Intersection, ,,None,,,         ,Anna,Clayton,,,no,no,no,no,no,False
102992643,METROPOLITAN NASHVILLE POLICE DEPT,20210297408,Davidson,Nashville,5/29/2021 5:30:00 PM,2,0,0,36.160660,-86.778900,OPRY PL,,,,0.00,,,,,,,0.00,,, ,Non-Junction,None,,,         ,Joel,Cottrill,Other,"Sideswipe, Opposite Direction",no,no,no,yes,yes,False
102992659,METROPOLITAN NASHVILLE POLICE DEPT,20210297158,Davidson,Not in City Limit,5/29/2021 12:00:00 AM,2,2,0,36.261240,-86.712530,GALLATIN PKES,,,,0.00,Feet,East,MAPLE ST,,,,0.00,N,Not at Intersection,N,Non-Junction,None,,,         ,Zachary,Smith,Cloudy,Front to Rear,no,no,no,no,yes,False
102992676,METROPOLITAN NASHVILLE POLICE DEPT,2021029707,Davidson,Nashville,5/29/2021 3:06:00 PM,3,1,0,36.085620,-86.648000,MURFREESBORO PKE,,,,0.00,,,,,,,0.00,,,N,Non-Junction,None,,,         ,Phillip,Burke,Clear,Front to Rear,no,no,no,no,no,False
102992686,METROPOLITAN NASHVILLE POLICE DEPT,20210297167,Davidson,Nashville,5/29/2021 4:10:00 PM,2,1,0,36.202420,-86.739150,GALLATIN PKE,,,,0.00,,,LITTON AV,,,,0.00,Y,T-Intersection,N,Intersection-Related,None,,,         ,Flynn,Ireland,Cloudy,"Sideswipe, Opposite Direction",no,no,no,no,yes,False
102992730,METROPOLITAN NASHVILLE POLICE DEPT,20210297548,Davidson,Nashville,5/29/2021 8:40:00 PM,2,0,0,36.160660,-86.785950,CHURCH ST,,,,31.00,Feet,East,10TH AVN,,,,0.00,N,Not at Intersection,N,Non-Junction,None,,,         ,Brent,Morris,Clear,Angle,no,no,no,no,no,False
102992742,METROPOLITAN NASHVILLE POLICE DEPT,20210297472,Davidson,Nashville,5/29/2021 7:51:00 PM,2,1,0,36.106210,-86.673060,MURFREESBORO PKE,,,,0.00,,,DONELSON PKE,,,,0.00,Y,Four-Way,N,Intersection,None,,,         ,Rami,Rouhi,,Angle,no,no,no,no,no,False
102992743,METROPOLITAN NASHVILLE POLICE DEPT,20210297189,Davidson,Nashville,5/29/2021 3:45:00 PM,2,0,0,36.210170,-86.839140,CLARKSVILLE PKE,,,,307.00,Feet,South,NORTHSIDE STATION PVTDR,,,,0.00,N,Not at Intersection, ,Non-Junction,None,,,         ,Michael,Intrieri,Clear,"Sideswipe, Same Direction",no,no,no,yes,yes,False
102992757,METROPOLITAN NASHVILLE POLICE DEPT,20210297550,Davidson,Nashville,5/29/2021 8:47:00 PM,4,3,0,36.154110,-86.836910,I 40,,,,0.00,,,,,,,205.10,N,Not at Intersection,N,Non-Junction,None,,,         ,Andrew,McCarron,Clear,Angle,no,no,no,no,yes,False
102992761,METROPOLITAN NASHVILLE POLICE DEPT,20210297467,Davidson,Nashville,5/29/2021 12:00:00 AM,2,0,0,36.158520,-86.823770,32ND AVN,,,,26.00,Feet,South,TORBETT ST,,,,0.00,N,Not at Intersection,N,Non-Junction,None,,,         ,Scarlett,Collins,Cloudy,"Sideswipe, Same Direction",no,no,no,no,yes,False
102992765,METROPOLITAN NASHVILLE POLICE DEPT,20210297175,Davidson,Nashville,5/29/2021 3:43:00 PM,1,0,0,36.199170,-86.737330,BRONTE AVE,,,,216.00,Feet,North,DELMAS AVE,,,,0.00,N,Not at Intersection,N,Non-Junction,None,,,         ,Zachary,Aldrich,Clear,Not Collision with Motor Vehicle in Transport,no,no,no,no,yes,False
102992769,METROPOLITAN NASHVILLE POLICE DEPT,20210297672,Davidson,Nashville,5/29/2021 12:00:00 AM,2,2,0,36.110940,-86.745220,NOLENSVILLE PKE,,,,0.00,,,THOMPSON LN,,,,0.00,Y,Four-Way,N,Intersection,None,,,         ,Darci,Stechman,,HeadOn,no,no,no,no,no,False
102992776,METROPOLITAN NASHVILLE POLICE DEPT,20210297713,Davidson,Nashville,5/29/2021 10:08:00 PM,1,0,0,36.127200,-86.706940,THOMPSON PL,,,,90.00,Feet,East,PATRICIA DR,,,,0.00,N,Not at Intersection,N,Non-Junction,None,,,         ,Richard,Luellen,Clear,Not Collision with Motor Vehicle in Transport,no,no,no,no,yes,False
102992779,METROPOLITAN NASHVILLE POLICE DEPT,20210297715,Davidson,Nashville,5/29/2021 10:55:00 PM,1,1,0,36.256030,-86.712800,NEELYS BEND RD,,,,0.00,Feet,East,ARGLE AV,,,,0.00,N,Not at Intersection,N,Non-Junction,None,,,         ,Justan,Vance,Clear,Not Collision with Motor Vehicle in Transport,no,no,no,no,no,False
102992825,METROPOLITAN NASHVILLE POLICE DEPT,20210297673,Davidson,Nashville,5/29/2021 10:45:00 PM,2,0,0,36.156570,-86.787470,12TH AVE S,,,,0.00,,,US HWY 70,,,,0.00,Y,Four-Way, ,Intersection,None,,,         ,Corteze,Armstrong,Clear,Angle,no,no,no,no,no,False
102992836,METROPOLITAN NASHVILLE POLICE DEPT,20210297682,Davidson,Nashville,5/29/2021 10:15:00 PM,2,2,0,36.069810,-86.686160,HAYWOOD LN,,,,165.00,Feet,West,BAKERTOWN RD,,,,0.00,N,Not at Intersection,N,Non-Junction,None,,,         ,Thomas,Broatch,Cloudy,HeadOn,no,no,no,no,no,False
102992851,METROPOLITAN NASHVILLE POLICE DEPT,20210297741,Davidson,Nashville,5/29/2021 9:28:00 PM,2,0,0,36.072670,-86.662390,RADER RIDGE RD,,,,0.00,,,COUNTRYSIDE DR,,,,0.00,Y,T-Intersection,N,Intersection,None,,,         ,Tavin,Emlund,Clear,Angle,no,no,no,no,no,False
102992855,THP District 3 - Nashville,321035204,Davidson,Nashville,5/27/2021 4:14:00 PM,2,0,0,36.092880,-86.705360,I 24,,,,0.00,,,,,,,55.15,N,Not at Intersection, ,,None,,,         ,Shawn,Boyd,,,no,no,no,no,no,False
102992903,METROPOLITAN NASHVILLE POLICE DEPT,20210297934,Davidson,Nashville,5/30/2021 12:33:00 AM,2,0,0,36.151010,-86.796490,19TH AVS,,,,0.00,,,BROADWAY,,,,0.00,Y,Four-Way, ,Intersection,None,,,         ,Kelsey,Hicks,,Angle,no,no,no,no,no,False