master_record_number,agency,agency_tracking_number,county,city,collision_date,vehicles_involved,number_injured,number_dead,latitude,longitude,roadway_name,roadway_suffix,roadway_number,roadway_local_id,distance_from_reference,miles-feet_indicator,direction_from_reference,intersection_road_name,intersection_road_name_suffix,intersection_road_number,intersection_local_id,mile_marker,intersection_indicator,intersect_type,interchange_related_indicator,relation_to_junction,work_zone_type,construction_maintenance_zone,construction_maintenance_zone_location,fatal_case_number,officer_first_name,officer_last_name,weather_condition(s),manner_of_crash,pedestrian,bicycle,scooter,parking,hitrun,mou
102995634,METROPOLITAN NASHVILLE POLICE DEPT,20210302141,Davidson,Nashville,6/1/2021 4:15:00 PM,1,1,0,36.079490,-86.644600,MURFREESBORO PKE,,,,0.00,,,EDGE O LAKE DR,,,,0.00,Y,T-Intersection,N,Intersection,None,,,         ,Phillip,Burke,,Not Collision with Motor Vehicle in Transport,no,no,no,no,no,False
102995640,METROPOLITAN NASHVILLE POLICE DEPT,20210294221,Davidson,Nashville,5/27/2021 11:31:00 PM,3,2,2,36.096160,-86.655620,MURFREESBORO PKE,,,,0.00,,,SMITH SPRINGS RD,,,,0.00,Y,Four-Way,N,Intersection,None,,,         ,Christopher,Valdez,Clear,HeadOn,no,no,no,no,no,False
102995642,METROPOLITAN NASHVILLE POLICE DEPT,20210302383,Davidson,Goodlettsville,6/1/2021 6:58:00 PM,2,0,0,36.286340,-86.705610,GALLATIN PKEN,,,,171.00,Feet,South,EDENWOLD RD,,,,0.00,N,Not at Intersection, ,,None,,,         ,Christopher,Littles,,,no,no,no,no,no,False
102995649,METROPOLITAN NASHVILLE POLICE DEPT,20210302422,Davidson,Nashville,6/1/2021 4:20:00 PM,2,0,0,36.141820,-86.816380,WEST END AV,,,,63.00,Feet,South,32ND AVS,,,,0.00,N,Not at Intersection, ,Non-Junction,None,,,         ,Dakota,Davis,Cloudy,"Sideswipe, Same Direction",no,no,no,no,no,False
102995651,METROPOLITAN NASHVILLE POLICE DEPT,20210302455,Davidson,Nashville,6/1/2021 3:58:00 PM,2,0,0,36.181570,-86.811760,DR D B TODD JR BLVD,,,,196.00,Feet,North,ST LOUIS ST,,,,0.00,N,Not at Intersection,N,Non-Junction,None,,,         ,Daniel,Kallman,Clear,Other,no,no,no,yes,yes,False
102995652,METROPOLITAN NASHVILLE POLICE DEPT,20210302313,Davidson,Nashville,6/1/2021 6:20:00 PM,2,0,0,36.125550,-86.731820,I 440,,,,0.00,,,,,,,7.30,N,Not at Intersection,N,Non-Junction,None,,,         ,John,Walden,Clear,Front to Rear,no,no,no,no,no,False
102995654,METROPOLITAN NASHVILLE POLICE DEPT,20210302427,Davidson,Nashville,6/1/2021 4:50:00 PM,2,0,0,36.079600,-86.726320,NOLENSVILLE PKE,,,,0.00,,,HARDING PL,,,,0.00,Y,Four-Way, ,Intersection,None,,,         ,Tyler,Shanks,Clear,Front to Rear,no,no,no,no,no,False
102995662,METROPOLITAN NASHVILLE POLICE DEPT,20210302331,Davidson,Nashville,6/1/2021 6:24:00 PM,2,1,0,36.054440,-86.715260,NOLENSVILLE PKE,,,,295.00,Feet,North,BREWER DR,,,,0.00,N,Not at Intersection,N,Non-Junction,None,,,         ,Jerre,Fly,Clear,Front to Rear,no,no,no,no,yes,False
102995675,METROPOLITAN NASHVILLE POLICE DEPT,20210301888,Davidson,Nashville,6/1/2021 1:10:00 PM,2,0,0,36.150560,-86.857870,WHITE BRIDGE PKE,,,,53.00,Feet,South,OBRIEN AV,,,,0.00,N,Not at Intersection,N,Non-Junction,None,,,         ,Gerry,Hutcheson,Cloudy,"Sideswipe, Same Direction",no,no,no,no,no,False
102995679,VANDERBILT UNIVERSITY POLICE,2021-0302351,Davidson,Nashville,6/1/2021 3:00:00 PM,1,0,0,36.141330,-86.801430,MEDICAL CENTER DR,DR,,,0.00,,North,,,,,111.11,N,Not at Intersection,N,Non-Junction,None,,,         ,James,McDaniel,Clear,Not Collision with Motor Vehicle in Transport,yes,no,no,no,yes,Campus
102995688,METROPOLITAN NASHVILLE POLICE DEPT,20210300474,Davidson,Nashville,5/31/2021 7:00:00 PM,1,0,0,36.153380,-86.854030,BRILEY PKWY N ENT RAMP,,,,0.00,,,I 40,,,,0.00,Y,OTHER,N,Non-Junction,None,,,         ,Torian,Cox,Clear,Unknown,no,no,no,no,no,False
102995689,METROPOLITAN NASHVILLE POLICE DEPT,20210302316,Davidson,Nashville,6/1/2021 5:55:00 PM,2,0,0,36.149480,-86.857920,WHITE BRIDGE PKE,,,,243.00,Feet,South,CHARLOTTE PKE,,,,0.00,N,Not at Intersection,N,Non-Junction,None,,,         ,Jeremy,Huffine,Clear,Angle,no,no,no,no,yes,False
102995702,METROPOLITAN NASHVILLE POLICE DEPT,20210302191,Davidson,Nashville,6/1/2021 12:00:00 AM,5,4,0,36.029980,-86.712540,NOLENSVILLE PKE,,,,381.00,Feet,South,KINHAWK DR,,,,0.00,N,Not at Intersection,N,Non-Junction,None,,,         ,Kristopher,Sharpe,Cloudy,"Sideswipe, Opposite Direction",no,no,no,no,no,False
102995712,METROPOLITAN NASHVILLE POLICE DEPT,20210302103,Davidson,Nashville,6/1/2021 4:31:00 PM,2,1,0,36.168930,-86.766440,I24 E ENT RAMP,,,,0.00,Feet,East,I 24,,,,0.00,N,Not at Intersection,N,Non-Junction,None,,,         ,Ryan,Allen,Rain,Front to Rear,no,no,no,no,no,False
102995716,METROPOLITAN NASHVILLE POLICE DEPT,20210302390,Davidson,Nashville,6/1/2021 7:05:00 PM,2,1,0,36.168000,-86.821400,JOHN A MERRITT BLVD,,,,0.00,,,29TH AVN,,,,0.00,Y,Four-Way,N,Non-Junction,None,,,         ,Hendrik,Kruger,Clear,"Sideswipe, Same Direction",no,no,no,no,no,False
102995718,METROPOLITAN NASHVILLE POLICE DEPT,20210302586,Davidson,Nashville,6/1/2021 9:34:00 PM,2,0,0,36.206610,-86.777900,US HWY 431,,,,0.00,,,BRICK CHURCH PIKE,,,,0.00,Y,Four-Way, ,Intersection,None,,,         ,Gabriel,Centeno,Clear,Angle,no,no,no,no,yes,False
102995728,METROPOLITAN NASHVILLE POLICE DEPT,20210302365,Davidson,Nashville,6/1/2021 5:35:00 PM,3,0,0,36.096770,-86.654560,OLD MURFREESBORO PKE,,,,0.00,,,SMITH SPRINGS RD,,,,0.00,Y,Four-Way,N,Intersection,None,,,         ,Theodore,Flick,,Angle,no,no,no,no,no,False
102995758,METROPOLITAN NASHVILLE POLICE DEPT,20210302533,Davidson,Nashville,6/1/2021 8:48:00 PM,2,1,0,36.171760,-86.773670,N 1ST ST,,,,942.00,Feet,South,OLDHAM ST,,,,0.00,N,Not at Intersection,N,Non-Junction,None,,,         ,Joseph,Jakes,Clear,"Sideswipe, Opposite Direction",no,no,no,yes,yes,False
102995781,METROPOLITAN NASHVILLE POLICE DEPT,20210302534,Davidson,Nashville,6/1/2021 8:50:00 PM,2,0,0,36.153900,-86.625640,STEWARTS FERRY PKE,,,,0.00,,,PERCY PRIEST DR,,,,0.00,Y,Four-Way,N,Intersection,None,,,         ,Theodore,Flick,,Angle,no,no,no,no,no,False
102995837,METROPOLITAN NASHVILLE POLICE DEPT,20210302645,Davidson,Nashville,6/1/2021 10:29:00 PM,1,1,0,36.239040,-86.655390,NAWAKWA TRL,,,,0.00,,,PAWNEE TRL,,,,0.00,Y,T-Intersection,Y,Intersection-Related,Unknown,,,         ,Derek,Sibley,Cloudy,Not Collision with Motor Vehicle in Transport,no,no,no,no,no,False
102995864,METROPOLITAN NASHVILLE POLICE DEPT,20210302643,Davidson,Nashville,6/1/2021 10:20:00 PM,2,0,0,36.154450,-86.626170,STEWARTS FERRY PKE,,,,0.00,,,I40 E ENT RAMP,,,,0.00,Y,OTHER,Y,Entrance/Exit Ramp Related,Construction Zone,Laneclosure,Transition Area,         ,Phillip,Burke,,Front to Rear,no,no,no,no,no,False
102995866,METROPOLITAN NASHVILLE POLICE DEPT,20210302693,Davidson,Nashville,6/1/2021 12:00:00 AM,2,1,0,36.167440,-86.762130,S 5TH ST,,,,63.00,Feet,South,SHELBY AV,,,,0.00,N,Not at Intersection,N,Non-Junction,None,,,         ,Shaquille,Graham,Rain,Angle,no,no,no,no,yes,False
102995869,METROPOLITAN NASHVILLE POLICE DEPT,20210302701,Davidson,Nashville,6/1/2021 11:08:00 PM,2,0,0,36.153000,-86.857610,BRILEY PKWY,,,,0.00,Feet,,I40 W EXT RAMP,,,,0.00,Y,T-Intersection, ,Intersection-Related,None,,,         ,Justin,McCormick,Rain,"Sideswipe, Same Direction",no,no,no,no,no,False
102995874,METROPOLITAN NASHVILLE POLICE DEPT,20210302784,Davidson,Nashville,6/2/2021 12:22:00 AM,2,0,0,36.191870,-86.780480,I 65,,,,0.00,,,,,,,86.30,N,Not at Intersection,N,Non-Junction,None,,,         ,Kelly,Turcios,Rain,Unknown,no,no,no,no,yes,False
102995887,METROPOLITAN NASHVILLE POLICE DEPT,20210302802,Davidson,Not in City Limit,6/2/2021 12:30:00 AM,1,0,0,36.266510,-86.739260,I65 S EXT RAMP,,,,0.00,Feet,East,I 65,,,,0.00,N,Not at Intersection,N,Non-Junction,None,,,         ,Jonathon,Sheppard,Rain,Not Collision with Motor Vehicle in Transport,no,no,no,no,no,False
102995890,METROPOLITAN NASHVILLE POLICE DEPT,20210302853,Davidson,Nashville,6/2/2021 1:16:00 AM,1,1,0,36.157640,-86.759850,I 24,,,,0.00,,,,,,,49.60,N,Not at Intersection,N,Non-Junction,None,,,         ,Dallas,Johnson,,Not Collision with Motor Vehicle in Transport,no,no,no,no,no,False
102995891,METROPOLITAN NASHVILLE POLICE DEPT,20210302866,Davidson,Nashville,6/2/2021 1:50:00 AM,1,0,0,36.231000,-86.751060,BROADMOOR DR,,,,0.00,,,WALTON LN,,,,0.00,Y,T-Intersection, ,Intersection,None,,,         ,Kristopher,Sutton,"Cloudy, Rain",Not Collision with Motor Vehicle in Transport,no,no,no,no,no,False
102995931,METROPOLITAN NASHVILLE POLICE DEPT,20210302888,Davidson,Nashville,6/2/2021 12:58:00 AM,2,0,0,36.052850,-86.674660,TUSCULUM RD,,,,0.00,,,SHACKLETT LANE CT,,,,0.00,Y,Four-Way,N,Intersection-Related,None,,,         ,Holly,Davis,Rain,Angle,no,no,no,no,yes,False
102995935,METROPOLITAN NASHVILLE POLICE DEPT,20210303001,Davidson,Nashville,6/2/2021 4:20:00 AM,1,0,0,36.149030,-86.746430,I 40,,,,0.00,,,,,,,211.85,N,Not at Intersection,N,Non-Junction,None,,,         ,Randall,Ward,,Not Collision with Motor Vehicle in Transport,no,no,no,no,no,False
102995962,METROPOLITAN NASHVILLE POLICE DEPT,20210303060,Davidson,Nashville,6/2/2021 5:30:00 AM,2,0,0,36.047630,-86.663220,I 24,,,,0.00,,,,,,,59.10,N,Not at Intersection, ,Non-Junction,None,,,         ,Dillon,Gann,Rain,"Sideswipe, Same Direction",no,no,no,no,no,False
102995965,METROPOLITAN NASHVILLE POLICE DEPT,20210303000,Davidson,Nashville,6/2/2021 4:20:00 AM,1,0,0,36.128820,-86.900300,I 40,,,,0.00,,,,,,,200.90,N,Not at Intersection,N,Entrance/Exit Ramp Related,None,,,         ,David,Moser,Rain,Not Collision with Motor Vehicle in Transport,no,no,no,no,no,False
102995971,METROPOLITAN NASHVILLE POLICE DEPT,20210303009,Davidson,Nashville,6/2/2021 4:14:00 AM,1,0,0,36.045580,-86.685130,BELL RD,,,,328.00,Feet,South,BRENTRIDGE DR,,,,0.00,N,Not at Intersection,N,Non-Junction,None,,,         ,Holly,Davis,Rain,Not Collision with Motor Vehicle in Transport,no,no,no,no,yes,False
102995985,METROPOLITAN NASHVILLE POLICE DEPT,20210298983,Davidson,Nashville,5/30/2021 6:43:00 PM,3,2,0,36.126110,-86.804840,21ST AVS,,,,100.00,Feet,North,SWEETBRIAR AV,,,,0.00,N,Not at Intersection,N,Non-Junction,None,,,         ,Donald,Davidson,Clear,Front to Rear,no,no,no,no,yes,False
102995986,METROPOLITAN NASHVILLE POLICE DEPT,20210303079,Davidson,Nashville,6/2/2021 5:39:00 AM,2,0,0,36.144950,-86.880610,I 40,,,,0.00,,,,,,,202.55,N,Not at Intersection, ,Non-Junction,None,,,         ,Christopher,Alceus,Rain,"Sideswipe, Same Direction",no,no,no,no,no,False
102996001,METROPOLITAN NASHVILLE POLICE DEPT,20210303129,Davidson,Nashville,6/2/2021 5:56:00 AM,1,0,0,36.153590,-86.757290,I 40,,,,0.00,,,,,,,211.15,N,Not at Intersection,N,Non-Junction,None,,,         ,Michael,Brooks,Rain,Not Collision with Motor Vehicle in Transport,no,no,no,no,no,False
102996044,METROPOLITAN NASHVILLE POLICE DEPT,20210303172,Davidson,Not in City Limit,6/2/2021 1:30:00 AM,1,0,0,35.999740,-86.693140,CONCORD HILLS DR,,,,138.00,Feet,North,NOLENSVILLE PKE,,,,0.00,N,Not at Intersection,N,Non-Junction,None,,,         ,James,Gilliam,Rain,Not Collision with Motor Vehicle in Transport,no,no,no,no,yes,False
102996051,METROPOLITAN NASHVILLE POLICE DEPT,20210303127,Davidson,Nashville,6/2/2021 5:20:00 AM,2,0,0,36.051510,-86.714360,NOLENSVILLE PKE,,,,0.00,,,OCALA DR,,,,0.00,Y,Four-Way,N,Intersection,None,,,         ,Ronald,Conner,Rain,Angle,no,no,no,no,yes,False
102996054,METROPOLITAN NASHVILLE POLICE DEPT,20210303229,Davidson,Nashville,6/2/2021 8:05:00 AM,3,0,0,36.062030,-86.682010,I 24,,,,0.00,,,,,,,57.65,N,Not at Intersection,N,Non-Junction,None,,,         ,Joe,Hooper,Rain,Angle,no,no,no,no,no,False
102996055,METROPOLITAN NASHVILLE POLICE DEPT,20210303193,Davidson,Nashville,6/2/2021 7:40:00 AM,2,0,0,36.130190,-86.754900,POLK AV,,,,37.00,Feet,East,NOLENSVILLE PKE,,,,0.00,N,Not at Intersection, ,,None,,,         ,James,Thomas,,,no,no,no,no,no,False
102996056,METROPOLITAN NASHVILLE POLICE DEPT,20210303194,Davidson,Nashville,6/2/2021 7:42:00 AM,2,1,0,36.042190,-86.782030,I 65,,,,0.00,,,,,,,74.80,N,Not at Intersection,N,Non-Junction,None,,,         ,Gregory,Rdzok,Rain,Angle,no,no,no,no,no,False
102996077,METROPOLITAN NASHVILLE POLICE DEPT,20210303216,Davidson,Nashville,6/2/2021 7:48:00 AM,1,0,0,36.116250,-86.798440,I 440,,,,0.00,,,,,,,3.35,N,Not at Intersection, ,Non-Junction,None,,,         ,Ronald,Conner,Rain,Not Collision with Motor Vehicle in Transport,no,no,no,no,no,False
102996081,METROPOLITAN NASHVILLE POLICE DEPT,20210303278,Davidson,Nashville,6/2/2021 9:02:00 AM,2,0,0,36.053650,-86.672830,I 24,,,,0.00,,,,,,,58.45,N,Not at Intersection, ,Non-Junction,None,,,         ,Michael,Hones,Rain,Front to Rear,no,no,no,no,no,False
102996082,METROPOLITAN NASHVILLE POLICE DEPT,20210303243,Davidson,Nashville,6/2/2021 8:09:00 AM,1,0,0,36.096530,-86.748360,ALLIED DR,,,,331.00,Feet,East,TROUSDALE DR,,,,0.00,N,Not at Intersection,N,Non-Junction,None,,,         ,Cherell,Kinchloe,Rain,Not Collision with Motor Vehicle in Transport,no,no,no,no,no,False
102996083,METROPOLITAN NASHVILLE POLICE DEPT,2021-0303114,Davidson,Nashville,6/2/2021 6:30:00 AM,2,0,0,36.200160,-86.776660,I 65,,,,0.00,,,,,,,86.90,N,Not at Intersection, ,Non-Junction,None,,,         ,Jean,McCormack,Rain,Front to Rear,no,no,no,no,no,False
102996097,GOODLETTSVILLE POLICE DEPT,21-14611,Davidson,Goodlettsville,6/2/2021 9:10:00 AM,1,0,0,36.299300,-86.704000,BLUEBIRD DR,,,,0.00,,,MEADOW LARK LN,,,,0.00,Y,Four-Way,N,Intersection-Related,None,,,         ,Benny,Alexander,Rain,Not Collision with Motor Vehicle in Transport,no,no,no,no,no,False
102996102,METROPOLITAN NASHVILLE POLICE DEPT,20210303118,Davidson,Nashville,6/2/2021 6:35:00 AM,2,0,0,36.171840,-86.764770,S 5TH ST,,,,0.00,,,WOODLAND ST,,,,0.00,Y,Four-Way,Y,Intersection,None,,,         ,David,Rehm,Rain,Angle,no,no,no,no,no,False
102996109,GOODLETTSVILLE POLICE DEPT,21-14608,Davidson,Goodlettsville,6/2/2021 8:20:00 AM,2,0,0,36.325170,-86.705530,I 65,,,,0.00,,,,,,,97.10,N,Not at Intersection, ,Non-Junction,None,,,         ,Donald,Brinton,Rain,Front to Rear,no,no,no,no,no,False
102996111,METROPOLITAN NASHVILLE POLICE DEPT,20210303277,Davidson,Nashville,6/2/2021 8:39:00 AM,2,0,0,36.240420,-86.768630,BRILEY PKWYW,,,,212.00,Feet,South,HAWKWOOD LN,,,,0.00,N,Not at Intersection, ,Non-Junction,None,,,         ,Scott,Edwards,"Cloudy, Rain","Sideswipe, Same Direction",no,no,no,no,no,False
102996114,METROPOLITAN NASHVILLE POLICE DEPT,20210303318,Davidson,Nashville,6/2/2021 8:35:00 AM,1,0,0,36.237070,-86.730590,BRILEY PKWYE,,,,379.00,Feet,East,SAUNDERS AV,,,,0.00,N,Not at Intersection, ,Non-Junction,None,,,         ,Nicholas,Cochran,Rain,Not Collision with Motor Vehicle in Transport,no,no,no,no,no,False
102996118,GOODLETTSVILLE POLICE DEPT,21-14610,Davidson,Goodlettsville,6/2/2021 7:40:00 AM,2,1,0,36.327270,-86.706560,I 65,,,,0.00,,,,,,,97.25,N,Not at Intersection,N,Non-Junction,None,,,         ,George,Henry,Rain,Front to Rear,no,no,no,no,no,False
102996127,METROPOLITAN NASHVILLE POLICE DEPT,20210303250,Davidson,Nashville,6/2/2021 8:17:00 AM,1,0,0,36.089400,-86.702560,I 24,,,,0.00,,,,,,,55.45,N,Not at Intersection,N,Non-Junction,None,,,         ,Harrison,Nearn,Rain,Not Collision with Motor Vehicle in Transport,no,no,no,no,no,False
102996129,METROPOLITAN NASHVILLE POLICE DEPT,20210303235,Davidson,Nashville,6/2/2021 8:00:00 AM,2,4,0,36.233980,-86.815280,WHITES CREEK PKE,,,,4.00,Feet,North,BRILEY PKWYW,,,,0.00,N,Not at Intersection,N,Non-Junction,None,,,         ,Sean,McConnell,Rain,Other,no,no,no,no,no,False
102996130,METROPOLITAN NASHVILLE POLICE DEPT,20210303306,Davidson,Nashville,6/2/2021 8:55:00 AM,3,0,0,36.110070,-86.722090,I 24,,,,0.00,,,,,,,53.70,N,Not at Intersection,N,Non-Junction,None,,,         ,Neil,Wolfe,Rain,"Sideswipe, Same Direction",no,no,no,no,no,False
102996131,METROPOLITAN NASHVILLE POLICE DEPT,20210303418,Davidson,Nashville,6/2/2021 10:29:00 AM,3,0,0,36.182680,-86.608660,OLD HICKORY BLVD,,,,254.00,Feet,North,ANDREW JACKSON WAY,,,,0.00,N,Not at Intersection,N,Non-Junction,None,,,         ,Michael,Dance,Rain,Angle,no,no,no,no,no,False
102996132,METROPOLITAN NASHVILLE POLICE DEPT,20210303397,Davidson,Nashville,6/2/2021 10:03:00 AM,2,0,0,36.190500,-86.772890,DICKERSON PKE,,,,150.00,Feet,North,EVANSTON AV,,,,0.00,N,Not at Intersection,N,Non-Junction,None,,,         ,Jarret,Sonnenberg,Rain,Front to Rear,no,no,no,no,yes,False
102996137,METROPOLITAN NASHVILLE POLICE DEPT,20210303416,Davidson,Goodlettsville,6/2/2021 12:00:00 AM,2,1,0,36.296910,-86.699160,MYATT DR,,,,0.00,,,GALLATIN PKEN,,,,0.00,Y,Four-Way,N,Intersection-Related,None,,,         ,Wesley,Mcclelland,Rain,Front to Rear,no,no,no,no,no,False
102996143,METROPOLITAN NASHVILLE POLICE DEPT,20210303236,Davidson,Nashville,6/2/2021 8:00:00 AM,2,0,0,36.168090,-86.816470,I40 W ENT RAMP,,,,0.00,Feet,East,I 40,,,,0.00,N,Not at Intersection,N,Entrance/Exit Ramp Related,Construction Zone,Lane Shift-Crossover,Activity Area,         ,Jedidayah,Merriweather,"Cloudy, Rain",Angle,no,no,no,no,yes,False
102996152,METROPOLITAN NASHVILLE POLICE DEPT,20210303399,Davidson,Nashville,6/2/2021 10:15:00 AM,3,2,0,36.215120,-86.597670,LEBANON PKE,,,,0.00,,,ANDREW JACKSON PKWY,,,,0.00,Y,Four-Way,N,Intersection,None,,,         ,Michael,Brooks,Rain,Angle,no,no,no,no,no,False
102996170,METROPOLITAN NASHVILLE POLICE DEPT,20210303425,Davidson,Not in City Limit,6/2/2021 10:30:00 AM,2,0,0,36.098040,-86.932600,SAWYER BROWN RD,,,,697.00,Feet,West,MOUNTAIN VALLEY DR,,,,0.00,N,Not at Intersection,N,Non-Junction,None,,,         ,Michael,Pyle,Rain,Angle,no,no,no,no,no,False
102996185,METROPOLITAN NASHVILLE POLICE DEPT,20210303256,Davidson,Nashville,6/2/2021 8:28:00 AM,2,1,0,36.187950,-86.607770,OLD LEBANON DIRT RD,,,,0.00,Feet,,ANDREW JACKSON PKWY,,,,0.00,Y,Four-Way,N,Intersection-Related,None,,,         ,Christopher,Augustin,"Cloudy, Rain",Front to Rear,no,no,no,no,no,False
102996186,METROPOLITAN NASHVILLE POLICE DEPT,20210303520,Davidson,Nashville,6/2/2021 10:52:00 AM,2,0,0,36.196660,-86.742250,CAHAL AV,,,,0.00,,,GALLATIN AV,,,,0.00,Y,T-Intersection, ,Intersection,None,,,         ,Nathan,Mayo,Rain,Angle,no,no,no,no,yes,False
102996188,Metro Park Police,20210301660,Davidson,Nashville,6/1/2021 11:15:00 AM,1,0,0,36.167320,-86.726760,MAIN DR,,,,0.00,Feet,East,MAIN DR,,,,0.00,N,Not at Intersection,N,Non-Junction,None,,,         ,Aubrey,Whitworth JR,Cloudy,Not Collision with Motor Vehicle in Transport,no,no,no,no,no,False
102996195,METROPOLITAN NASHVILLE POLICE DEPT,20210303504,Davidson,Nashville,6/2/2021 11:31:00 AM,2,1,0,36.072900,-86.645410,RICE RD,,,,469.00,Feet,East,EDGE O LAKE DR,,,,0.00,N,Not at Intersection,N,Non-Junction,None,,,         ,Joe,Hooper,Rain,Angle,no,no,no,no,no,False
102996215,METROPOLITAN NASHVILLE POLICE DEPT,20210303554,Davidson,Nashville,6/2/2021 11:34:00 AM,2,0,0,36.139000,-86.665800,DONELSON PKE,,,,0.00,,,I40 E ENT RAMP,,,,0.00,Y,OTHER, ,Entrance/Exit Ramp Related,None,,,         ,Michael,Dance,Rain,"Sideswipe, Same Direction",no,no,no,no,no,False
102996218,METROPOLITAN NASHVILLE POLICE DEPT,20210303572,Davidson,Nashville,6/2/2021 12:14:00 PM,2,0,0,36.153490,-86.757000,I 40,,,,0.00,,,,,,,211.15,N,Not at Intersection,N,Non-Junction,None,,,         ,Michael,Brooks,Rain,"Sideswipe, Same Direction",no,no,no,no,yes,False
102996220,VANDERBILT UNIVERSITY POLICE,20210303394,Davidson,Nashville,6/2/2021 10:00:00 AM,2,0,0,36.148070,-86.803150,US HWY 70S,,,,0.00,,,,,,,0.00,,, ,,Construction Zone,,,         ,Yasemine,Lomax,,,no,no,no,yes,no,Campus
102996221,METROPOLITAN NASHVILLE POLICE DEPT,2021-0300115,Davidson,Nashville,5/31/2021 2:09:00 PM,2,2,0,36.089250,-86.732810,NOLENSVILLE PKE,,,,375.00,Feet,South,ZOO RD,,,,0.00,N,Not at Intersection,N,Non-Junction,None,,,         ,Sean,Williams,Clear,"Sideswipe, Opposite Direction",no,no,no,no,no,False
102996222,METROPOLITAN NASHVILLE POLICE DEPT,2021-0301867,Davidson,Nashville,6/1/2021 1:37:00 PM,2,1,0,36.099640,-86.739450,NOLENSVILLE PKE,,,,4.00,Feet,North,MCCALL ST,,,,0.00,N,Not at Intersection,N,Non-Junction,None,,,         ,Sean,Williams,Clear,Front to Rear,no,no,no,no,yes,False
102996223,METROPOLITAN NASHVILLE POLICE DEPT,20210303516,Davidson,Nashville,6/2/2021 10:20:00 AM,1,0,0,36.078250,-86.670360,FRANKLIN LIMESTONE RD,,,,45.00,Feet,South,BILLINGSGATE RD,,,,0.00,N,Not at Intersection,Y,Non-Junction,None,,,         ,Todd,Watson,Rain,Not Collision with Motor Vehicle in Transport,no,no,no,no,no,False
102996224,METROPOLITAN NASHVILLE POLICE DEPT,20210303476,Davidson,Nashville,6/2/2021 9:53:00 AM,2,0,0,36.180150,-86.774120,I 24,,,,0.00,,,,,,,47.70,N,Not at Intersection,N,Non-Junction,None,,,         ,Michael,Agee,Rain,Angle,no,no,no,no,no,False
102996226,METROPOLITAN NASHVILLE POLICE DEPT,20210303401,Davidson,Nashville,6/2/2021 10:20:00 AM,1,1,0,36.168330,-86.765830,I 24,,,,0.00,,,,,,,48.80,N,Not at Intersection,N,Non-Junction,None,,,         ,Derek,Garcia,Rain,Not Collision with Motor Vehicle in Transport,no,no,no,no,no,False
102996246,METROPOLITAN NASHVILLE POLICE DEPT,20210303528,Davidson,Nashville,6/2/2021 10:30:00 AM,2,0,0,36.103700,-86.819530,HILLSBORO CIR,,,,487.00,Feet,South,BANDYWOOD DR,,,,0.00,N,Not at Intersection, ,OtherLocation,None,,,         ,George,Spencer,Rain,Angle,no,no,no,no,yes,False
102996256,METROPOLITAN NASHVILLE POLICE DEPT,20210303625,Davidson,Nashville,6/2/2021 12:40:00 PM,1,1,0,36.168070,-86.806080,DR D B TODD JR BLVD,,,,95.00,Feet,South,MEHARRY BLVD,,,,0.00,N,Not at Intersection,N,Non-Junction,None,,,         ,Jean,McCormack,Cloudy,Not Collision with Motor Vehicle in Transport,no,no,no,no,no,False
102996262,METROPOLITAN NASHVILLE POLICE DEPT,20210303653,Davidson,Nashville,6/2/2021 12:12:00 PM,1,0,0,36.211070,-86.775900,I 65,,,,0.00,,,,,,,87.65,N,Not at Intersection, ,Non-Junction,None,,,         ,Ronald,Bright,Cloudy,Not Collision with Motor Vehicle in Transport,no,no,no,no,no,False
102996282,METROPOLITAN NASHVILLE POLICE DEPT,20210303568,Davidson,Not in City Limit,6/2/2021 11:44:00 AM,2,0,0,36.012380,-86.703610,NOLENSVILLE PKE,,,,0.00,,,HOLT RD,,,,0.00,Y,T-Intersection,N,Intersection,None,,,         ,Ronald,Conner,Rain,Angle,no,no,no,no,no,False
102996283,METROPOLITAN NASHVILLE POLICE DEPT,20210303694,Davidson,Nashville,6/2/2021 1:10:00 PM,2,0,0,36.165060,-86.763670,I 24,,,,0.00,,,,,,,49.10,N,Not at Intersection, ,,None,,,         ,David,Rehm,,,no,no,no,no,no,False
102996320,METROPOLITAN NASHVILLE POLICE DEPT,20210303523,Davidson,Nashville,6/2/2021 11:39:00 AM,1,3,0,36.078580,-86.674320,FRANKLIN LIMESTONE RD,,,,1268.00,Feet,North,MULLINS RD,,,,0.00,N,Not at Intersection,N,Non-Junction,None,,,         ,Martin,Brown,Rain,Not Collision with Motor Vehicle in Transport,no,no,no,no,no,False
102996322,METROPOLITAN NASHVILLE POLICE DEPT,20210303719,Davidson,Nashville,6/2/2021 1:30:00 PM,1,0,0,36.112350,-86.767290,THOMPSON LN,,,,79.00,Feet,West,BRANSFORD AV,,,,0.00,N,Not at Intersection,N,Non-Junction,None,,,         ,Gregory,Rdzok,Cloudy,Not Collision with Motor Vehicle in Transport,no,no,no,no,yes,False