master_record_number,agency,agency_tracking_number,county,city,collision_date,vehicles_involved,number_injured,number_dead,latitude,longitude,roadway_name,roadway_suffix,roadway_number,roadway_local_id,distance_from_reference,miles-feet_indicator,direction_from_reference,intersection_road_name,intersection_road_name_suffix,intersection_road_number,intersection_local_id,mile_marker,intersection_indicator,intersect_type,interchange_related_indicator,relation_to_junction,work_zone_type,construction_maintenance_zone,construction_maintenance_zone_location,fatal_case_number,officer_first_name,officer_last_name,weather_condition(s),manner_of_crash,pedestrian,bicycle,scooter,parking,hitrun,mou
102996323,METROPOLITAN NASHVILLE POLICE DEPT,20210303687,Davidson,Nashville,6/2/2021 12:55:00 PM,2,2,0,36.093120,-86.792110,GLENDALE LN,,,,34.00,Feet,West,DALE AV,,,,0.00,N,Not at Intersection,N,Non-Junction,None,,,         ,Cherell,Kinchloe,Clear,Front to Rear,no,no,no,no,no,False
102996333,METROPOLITAN NASHVILLE POLICE DEPT,20210303621,Davidson,Nashville,5/30/2021 7:45:00 AM,1,0,0,36.071950,-86.723930,NOLENSVILLE PKE,,,,0.00,Feet,East,HIGGINS ST,,,,0.00,N,Not at Intersection,N,Non-Junction,None,,,         ,Harrison,Nearn,Clear,Not Collision with Motor Vehicle in Transport,no,no,no,yes,yes,False
102996377,METROPOLITAN NASHVILLE POLICE DEPT,20210303417,Davidson,Nashville,6/2/2021 10:15:00 AM,2,2,0,36.134280,-86.779380,WEDGEWOOD AV,,,,84.00,Feet,West,8TH AVS,,,,0.00,N,Not at Intersection,N,Non-Junction,None,,,         ,Tony,Folad,Rain,Angle,no,no,no,no,no,False
102996392,METROPOLITAN NASHVILLE POLICE DEPT,20210303813,Davidson,Nashville,6/2/2021 12:00:00 AM,2,0,0,36.195580,-86.621710,LEBANON PKE,,,,0.00,,,BONNASPRING DR,,,,0.00,Y,T-Intersection, ,,None,,,         ,Keenan,McCann,,,no,no,no,no,no,False
102996419,METROPOLITAN NASHVILLE POLICE DEPT,2021-0303736,Davidson,Nashville,6/2/2021 12:54:00 PM,2,0,0,36.152460,-86.801590,CHURCH ST,,,,328.00,Feet,East,21ST AVN,,,,0.00,N,Not at Intersection,N,OtherLocation,None,,,         ,Po,Cheng,Other,Other,no,no,no,yes,yes,Campus
102996420,METROPOLITAN NASHVILLE POLICE DEPT,20210303748,Davidson,Nashville,6/2/2021 1:33:00 PM,2,0,0,36.156710,-86.759690,I24 W ENT RAMP,,,,0.00,Feet,East,I 24,,,,0.00,N,Not at Intersection,N,Non-Junction,None,,,         ,Lindsey,Anderson,Clear,Front to Rear,no,no,no,no,yes,False
102996430,METROPOLITAN NASHVILLE POLICE DEPT,20210303866,Davidson,Nashville,6/2/2021 3:07:00 PM,2,0,0,36.153710,-86.788030,I 40,,,,0.00,,,,,,,209.30,N,Not at Intersection,N,Non-Junction,None,,,         ,Burton,Beeson,Cloudy,Front to Rear,no,no,no,no,no,False
102996439,METROPOLITAN NASHVILLE POLICE DEPT,20210303891,Davidson,Nashville,6/2/2021 3:31:00 PM,2,0,0,36.154630,-86.779160,LAFAYETTE ST,,,,0.00,,,8TH AVS,,,,0.00,Y,Roundabout, ,Intersection-Related,None,,,         ,David,Snowden,Cloudy,Angle,no,no,no,no,no,False
102996453,METROPOLITAN NASHVILLE POLICE DEPT,20210303960,Davidson,Nashville,6/2/2021 3:32:00 PM,2,0,0,36.207920,-86.750480,PITTWAY DR,,,,721.00,Feet,North,ELLINGTON PKWYN,,,,0.00,N,Not at Intersection,N,Non-Junction,None,,,         ,Randy,Puckett,Clear,Angle,no,no,no,yes,yes,False
102996464,METROPOLITAN NASHVILLE POLICE DEPT,20210303904,Davidson,Nashville,6/2/2021 3:31:00 PM,2,2,0,36.106940,-86.922300,OLD HICKORY BLVD,,,,193.00,Feet,North,TOLBERT RD,,,,0.00,N,Not at Intersection,N,"Driveway, Alley Access, etc",None,,,         ,Tristen,Mayfield,"Cloudy, Rain",Angle,no,no,no,no,no,False
102996466,METROPOLITAN NASHVILLE POLICE DEPT,20210303964,Davidson,Nashville,6/2/2021 3:00:00 PM,1,0,0,36.134050,-86.792040,15TH AVS,,,,158.00,Feet,North,CALDWELL AV,,,,0.00,N,Not at Intersection,N,Non-Junction,None,,,         ,Alex,Gibson,Rain,Not Collision with Motor Vehicle in Transport,no,no,no,no,yes,False
102996485,METROPOLITAN NASHVILLE POLICE DEPT,20210304006,Davidson,Nashville,6/2/2021 3:54:00 PM,2,1,0,36.130290,-86.899940,CHARLOTTE PKE,,,,0.00,,,I40 W EXT RAMP,,,,0.00,Y,T-Intersection,N,Intersection-Related,None,,,         ,Zachary,Ronan,Cloudy,Front to Rear,no,no,no,no,no,False
102996495,METROPOLITAN NASHVILLE POLICE DEPT,20210303990,Davidson,Nashville,6/2/2021 4:00:00 PM,2,0,0,36.192930,-86.763380,LISCHEY AV,,,,121.00,Feet,North,RICHARDSON AV,,,,0.00,N,Not at Intersection,N,Non-Junction,None,,,         ,Ciara,Doherty,Cloudy,"Sideswipe, Same Direction",no,no,no,no,no,False
102996497,METROPOLITAN NASHVILLE POLICE DEPT,20210303680,Davidson,Nashville,6/2/2021 1:21:00 PM,2,1,0,36.166350,-86.780690,4TH AVN,,,,0.00,Feet,,CHARLOTTE AV,,,,0.00,Y,Four-Way,N,Intersection,None,,,         ,Corey,Reed,Cloudy,Angle,no,no,no,no,no,False
102996505,METROPOLITAN NASHVILLE POLICE DEPT,20210304004,Davidson,Nashville,6/2/2021 4:27:00 PM,2,0,0,36.025380,-86.742710,EDMONDSON PKE,,,,402.00,Feet,North,BANBURY STA,,,,0.00,N,Not at Intersection,N,Non-Junction,None,,,         ,Savannah,Starbuck,Cloudy,Angle,no,no,no,no,no,False
102996506,METROPOLITAN NASHVILLE POLICE DEPT,20210303926,Davidson,Nashville,6/2/2021 3:48:00 PM,2,1,0,36.244210,-86.780340,BRICK CHURCH PKE,,,,0.00,,,BRICK CHURCH LN,,,,0.00,Y,T-Intersection,N,Intersection,None,,,         ,Christopher,Littles,Cloudy,HeadOn,no,no,no,no,no,False
102996507,METROPOLITAN NASHVILLE POLICE DEPT,20210304003,Davidson,Not in City Limit,6/2/2021 4:33:00 PM,2,1,0,36.264210,-86.734270,OLD HICKORY BLVDW,,,,118.00,Feet,West,HEAD DR,,,,0.00,N,Not at Intersection,N,OtherLocation,None,,,         ,Christopher,Littles,Cloudy,Angle,no,no,no,yes,yes,False
102996511,METROPOLITAN NASHVILLE POLICE DEPT,20210304083,Davidson,Nashville,6/2/2021 5:12:00 PM,2,1,0,36.089850,-86.808010,HARDING PL,,,,0.00,,,BENTON SMITH RD,,,,0.00,Y,T-Intersection,N,Intersection,None,,,         ,Travis,Pemberton,Clear,Angle,no,no,no,no,yes,False
102996514,METROPOLITAN NASHVILLE POLICE DEPT,20210304147,Davidson,Nashville,6/1/2021 8:30:00 AM,2,0,0,36.118080,-86.701640,BRILEY PKWY S ENT RAMP,,,,0.00,Feet,East,BRILEY PKWYS,,,,0.00,N,Not at Intersection, ,Entrance/Exit Ramp Related,Unknown,,,         ,Adam,Gartner,Unknown,"Sideswipe, Same Direction",no,no,no,no,yes,False
102996519,VANDERBILT UNIVERSITY POLICE,20210304055,Davidson,Nashville,6/2/2021 12:00:00 AM,2,0,0,36.140210,-86.798780,SOUTH DR,,,,0.00,,,,,,,0.00,,Not at Intersection,N,Non-Junction,None,,,         ,Michael,Wyers,Cloudy,Unknown,no,no,no,yes,yes,Campus
102996521,METROPOLITAN NASHVILLE POLICE DEPT,20210304025,Davidson,Nashville,6/2/2021 4:45:00 PM,2,1,0,36.226310,-86.603190,SAUNDERSVILLE RD,,,,0.00,Feet,,SHUTE LN,,,,0.00,Y,T-Intersection,N,Intersection,None,,,         ,David,Stanley,Rain,Angle,no,no,no,no,no,False
102996549,METROPOLITAN NASHVILLE POLICE DEPT,20210304180,Davidson,Nashville,6/2/2021 12:00:00 AM,2,0,0,36.154710,-86.779130,8TH AVS,,,,29.00,Feet,North,LAFAYETTE ST,,,,0.00,N,Not at Intersection, ,Non-Junction,None,,,         ,Joel,Cottrill,Clear,Angle,no,no,no,no,yes,False
102996562,METROPOLITAN NASHVILLE POLICE DEPT,20210304250,Davidson,Nashville,6/2/2021 2:00:00 PM,2,0,0,36.152140,-86.843710,CHARLOTTE AV,,,,66.00,Feet,West,47TH AVN,,,,0.00,N,Not at Intersection,N,Non-Junction,None,,,         ,Heather,Fox,Clear,Front to Rear,no,no,no,no,yes,False
102996563,METROPOLITAN NASHVILLE POLICE DEPT,20210303982,Davidson,Nashville,6/2/2021 4:23:00 PM,2,0,0,36.147550,-86.758650,LAFAYETTE ST,,,,0.00,,,LEWIS ST,,,,0.00,Y,Four-Way,N,Intersection,None,,,         ,Douglas,Mann,Cloudy,Angle,no,no,no,no,yes,False
102996572,METROPOLITAN NASHVILLE POLICE DEPT,20210304157,Davidson,Nashville,6/2/2021 5:45:00 PM,2,1,0,36.141940,-86.781060,EDGEHILL AV,,,,0.00,,,9TH AVS,,,,0.00,Y,Four-Way,N,Intersection,None,,,         ,Alex,Gibson,Clear,Angle,no,no,no,no,no,False
102996590,METROPOLITAN NASHVILLE POLICE DEPT,20210304281,Davidson,Nashville,6/2/2021 6:07:00 PM,2,0,0,36.071030,-86.636490,BELL RD,,,,319.00,Feet,South,MURFREESBORO PKE,,,,0.00,N,Not at Intersection, ,Non-Junction,None,,,         ,Robert,Higgins,Clear,Angle,no,no,no,no,no,False
102996612,METROPOLITAN NASHVILLE POLICE DEPT,20210304148,Davidson,Nashville,6/2/2021 5:30:00 PM,2,0,0,36.161340,-86.597130,BELL RD,,,,0.00,,,OLD HICKORY BLVD,,,,0.00,Y,Four-Way,N,Intersection,None,,,         ,Phillip,Burke,Clear,Angle,no,no,no,no,no,False
102996617,METROPOLITAN NASHVILLE POLICE DEPT,585691,Davidson,Nashville,6/2/2021 8:30:00 PM,1,0,0,36.153570,-86.722570,LEBANON PKE,,,,200.00,Feet,West,SPENCE LN,,,,0.00,N,Not at Intersection, ,Non-Junction,None,,,         ,Reagan,Heath,Clear,Not Collision with Motor Vehicle in Transport,no,no,no,no,no,False
102996666,METROPOLITAN NASHVILLE POLICE DEPT,20210303842,Davidson,Not in City Limit,6/2/2021 2:40:00 PM,2,0,0,36.083490,-86.951580,I 40,,,,0.00,,,,,,,196.65,N,Not at Intersection,N,Non-Junction,None,,,         ,Jeremy,Huffine,Clear,Not Collision with Motor Vehicle in Transport,no,no,no,no,no,False
102996672,METROPOLITAN NASHVILLE POLICE DEPT,20210304313,Davidson,Nashville,6/2/2021 7:14:00 PM,3,0,0,36.152140,-86.782300,GLEAVES ST,,,,0.00,Feet,,OVERTON ST,,,,0.00,Y,OTHER, ,Non-Junction,None,,,         ,Joel,Cottrill,Clear,"Sideswipe, Same Direction",no,no,no,no,no,False
102996673,METROPOLITAN NASHVILLE POLICE DEPT,20210304483,Davidson,Nashville,6/2/2021 8:46:00 PM,1,1,0,36.043420,-86.692400,BELL RD,,,,324.00,Feet,East,BROOK VIEW ESTATES DR,,,,0.00,N,Not at Intersection,N,Non-Junction,None,,,         ,Robert,Higgins,Clear,Not Collision with Motor Vehicle in Transport,no,no,no,no,no,False
102996686,METROPOLITAN NASHVILLE POLICE DEPT,20210304512,Davidson,Nashville,6/2/2021 9:10:00 PM,3,0,0,36.180590,-86.796350,GARFIELD ST,,,,0.00,Feet,,ROSA L PARKS BLVD,,,,0.00,Y,Four-Way,Y,Intersection,None,,,         ,Mary,Hall,Clear,Angle,no,no,no,no,no,False
102996724,METROPOLITAN NASHVILLE POLICE DEPT,20210304523,Davidson,Nashville,6/2/2021 9:16:00 PM,2,0,0,36.047550,-86.655930,BELL RD,,,,0.00,,,HICKORY HOLLOW PKWY,,,,0.00,Y,Four-Way,Y,Intersection,None,,,         ,Jeffrey,Palomino-Gonzalez,Cloudy,Angle,no,no,no,no,yes,False
102996737,METROPOLITAN NASHVILLE POLICE DEPT,20210304611,Davidson,Nashville,6/2/2021 10:20:00 PM,1,1,0,36.153910,-86.665460,DONELSON PKE,,,,58.00,Feet,North,WHITLAND CROSSING DR,,,,0.00,N,Not at Intersection,N,Non-Junction,None,,,         ,Donovan,Coble,Clear,Not Collision with Motor Vehicle in Transport,no,no,no,no,no,False
102996751,BELLE MEADE POLICE DEPT,21-0114,Davidson,Belle Meade,6/2/2021 5:50:00 PM,2,0,0,36.120180,-86.849950,LYNNWOOD TER,,,,0.00,,,LYNNWOOD BLVD,,,,0.00,Y,T-Intersection, ,,None,,,         ,Dale,Corter,,,no,no,no,no,no,False
102996753,METROPOLITAN NASHVILLE POLICE DEPT,20210303090,Davidson,Nashville,6/2/2021 6:00:00 AM,1,0,0,36.077180,-86.766520,I 65,,,,0.00,,,,,,,77.45,N,Not at Intersection,N,Non-Junction,None,,,         ,David,Barras,Rain,Not Collision with Motor Vehicle in Transport,no,no,no,no,no,False
102996757,METROPOLITAN NASHVILLE POLICE DEPT,20210304664,Davidson,Madison,6/2/2021 11:05:00 PM,2,1,0,36.262210,-86.712170,E OLD HICKORY BLVD,,,,11.00,Feet,East,GALLATIN PKES,,,,0.00,N,Not at Intersection,N,Non-Junction,None,,,         ,DuJuan,Kendrick,Clear,"Sideswipe, Same Direction",no,no,no,no,yes,False
102996759,METROPOLITAN NASHVILLE POLICE DEPT,20210304693,Davidson,Nashville,6/2/2021 11:15:00 PM,1,0,0,36.191610,-86.786570,I 65,,,,0.00,,,,,,,86.00,N,Not at Intersection,N,Non-Junction,None,,,         ,Kelcey,Bell,Clear,Not Collision with Motor Vehicle in Transport,no,no,no,no,no,False
102996789,METROPOLITAN NASHVILLE POLICE DEPT,20210304986,Davidson,Nashville,6/3/2021 3:30:00 AM,2,1,0,36.187920,-86.798480,DOMINICAN DR,,,,0.00,,,ROSA L PARKS BLVD,,,,0.00,Y,Four-Way,Y,Intersection,None,,,         ,Luke,Steigerwalt,Clear,Angle,no,no,no,no,no,False
102996850,METROPOLITAN NASHVILLE POLICE DEPT,20210305107,Davidson,Nashville,6/3/2021 4:37:00 AM,2,1,0,36.031730,-86.673580,BLUE HOLE RD,,,,591.00,Feet,South,OAK CHASE DR,,,,0.00,N,Not at Intersection,N,Non-Junction,None,,,         ,D’Mitri,Mackall,Cloudy,Front to Rear,no,no,no,no,yes,False
102996861,METROPOLITAN NASHVILLE POLICE DEPT,20210303611,Davidson,Nashville,6/2/2021 12:34:00 PM,6,0,0,36.191930,-86.782360,I 65,,,,0.00,,,,,,,86.20,N,Not at Intersection, ,Non-Junction,None,,,         ,Derek,Garcia,Cloudy,Front to Rear,no,no,no,no,yes,False
102996870,METROPOLITAN NASHVILLE POLICE DEPT,20210305107,Davidson,Nashville,6/3/2021 4:37:00 AM,2,1,0,36.031730,-86.673580,BLUE HOLE RD,,,,591.00,Feet,South,OAK CHASE DR,,,,0.00,N,Not at Intersection,N,Non-Junction,None,,,         ,D’Mitri,Mackall,Cloudy,Front to Rear,no,no,no,no,yes,False
102996886,METROPOLITAN NASHVILLE POLICE DEPT,20210305170,Davidson,Nashville,6/2/2021 7:20:00 AM,2,0,0,36.048940,-86.621090,SHOREWOOD PATH,,,,238.00,Feet,North,PINEORCHARD PL,,,,0.00,N,Not at Intersection,N,Non-Junction,None,,,         ,Joe,Hooper,Cloudy,Rear to Side,no,no,no,no,yes,False
102996896,METROPOLITAN NASHVILLE POLICE DEPT,20210305188,Davidson,Nashville,6/3/2021 7:06:00 AM,2,0,0,36.105880,-86.672380,MURFREESBORO PKE,,,,205.00,Feet,West,EZELL PKE,,,,0.00,N,Not at Intersection, ,Non-Junction,None,,,         ,Michael,Dance,Clear,Front to Rear,no,no,no,no,no,False
102996904,METROPOLITAN NASHVILLE POLICE DEPT,20210305224,Davidson,Nashville,6/3/2021 7:00:00 AM,1,0,0,36.184760,-86.685050,TWO RIVERS PKWY,,,,503.00,Feet,West,STONES RIVER GRNWY,,,,0.00,N,Not at Intersection,N,Non-Junction,None,,,         ,Michael,Dance,Clear,Not Collision with Motor Vehicle in Transport,no,no,no,no,no,False
102996915,METROPOLITAN NASHVILLE POLICE DEPT,20210305236,Davidson,Nashville,6/3/2021 6:55:00 AM,2,0,0,36.032120,-86.640080,I 24,,,,0.00,,,,,,,60.80,N,Not at Intersection,N,Non-Junction,None,,,         ,Eric,Burford,Clear,Angle,no,no,no,no,yes,False
102996970,METROPOLITAN NASHVILLE POLICE DEPT,20210305404,Davidson,Antioch,6/3/2021 9:27:00 AM,2,1,0,36.058560,-86.597750,HOBSON PKE,,,,0.00,,,HAMILTON CHURCH RD,,,,0.00,Y,T-Intersection,N,Intersection,None,,,         ,Joe,Hooper,Cloudy,Angle,no,no,no,no,no,False
102996972,METROPOLITAN NASHVILLE POLICE DEPT,20210305411,Davidson,Nashville,6/3/2021 9:10:00 AM,2,2,0,36.122140,-86.807170,I440 E EXT RAMP,,,,0.00,Feet,East,I 440,,,,0.00,N,Not at Intersection,N,Entrance/Exit Ramp Related,None,,,         ,Douglas,Atwood,Cloudy,Front to Rear,no,no,no,no,no,False
102996974,METROPOLITAN NASHVILLE POLICE DEPT,20210305308,Davidson,Nashville,6/3/2021 8:10:00 AM,2,0,0,36.178150,-86.751660,S 10TH ST,,,,0.00,,,N 10TH ST,,,,0.00,Y,Four-Way,N,Intersection,None,,,         ,Nathan,Mayo,Cloudy,Front to Rear,no,no,no,no,no,False
102996999,GOODLETTSVILLE POLICE DEPT,21-14644,Davidson,Goodlettsville,6/2/2021 4:40:00 PM,3,1,0,36.303920,-86.719980,MEADOWCREEK APTS PVTDR,,,,573.00,Feet,South,DICKERSON PKES,,,,0.00,N,Not at Intersection,N,"Driveway, Alley Access, etc",None,,,         ,Michael,Heidinger,Clear,Other,no,no,no,yes,no,False
102997004,METROPOLITAN NASHVILLE POLICE DEPT,20210305492,Davidson,Nashville,6/3/2021 10:20:00 AM,2,1,0,36.236120,-86.758160,DICKERSON PKE,,,,155.00,Feet,South,I65 N ENT RAMP,,,,0.00,N,Not at Intersection,N,Non-Junction,None,,,         ,Jarret,Sonnenberg,Clear,Front to Rear,no,no,no,no,no,False
102997024,METROPOLITAN NASHVILLE POLICE DEPT,20210305546,Davidson,Nashville,6/3/2021 10:42:00 AM,2,0,0,36.250130,-86.718900,GALLATIN PKES,,,,272.00,Feet,South,MOVING CENTER CT,,,,0.00,N,Not at Intersection, ,Non-Junction,None,,,         ,Michelle,Steidl,Cloudy,Not Collision with Motor Vehicle in Transport,no,no,no,no,no,False
102997028,METROPOLITAN NASHVILLE POLICE DEPT,2021-0305343,Davidson,Nashville,6/3/2021 8:45:00 AM,2,0,0,36.138800,-86.772090,HAGAN ST,,,,26.00,Feet,South,HAMILTON AV,,,,0.00,N,Not at Intersection,N,Non-Junction,None,,,         ,Po,Cheng,Clear,"Sideswipe, Opposite Direction",no,no,no,no,no,False
102997029,METROPOLITAN NASHVILLE POLICE DEPT,20210305491,Davidson,Nashville,6/3/2021 10:22:00 AM,3,1,0,36.143550,-86.737910,I 40,,,,0.00,,,,,,,212.45,N,Not at Intersection,N,Non-Junction,None,,,         ,Michael,Dance,Clear,"Sideswipe, Same Direction",no,no,no,no,no,False
102997042,VANDERBILT UNIVERSITY POLICE,20210305539,Davidson,Nashville,6/3/2021 10:18:00 AM,2,0,0,36.107500,-86.765250,POWELL AVE,,,,415.00,Feet,North,POWELL PL,,,,0.00,N,Not at Intersection, ,Non-Junction,None,,,         ,Joseph,Bishop,Clear,Rear to Side,no,no,no,yes,no,False
102997051,METROPOLITAN NASHVILLE POLICE DEPT,20210305633,Davidson,Nashville,6/3/2021 11:45:00 AM,2,0,0,36.247650,-86.720570,GALLATIN PKES,,,,145.00,Feet,South,DUE WEST AVW,,,,0.00,N,Not at Intersection, ,Non-Junction,None,,,         ,Brian,Otto,Clear,Angle,no,no,no,no,no,False
102997052,METROPOLITAN NASHVILLE POLICE DEPT,20210305562,Davidson,Nashville,6/3/2021 10:49:00 AM,2,1,0,36.193060,-86.748670,DOUGLAS AV,,,,0.00,,,EMMETT AV,,,,0.00,Y,T-Intersection,N,Intersection-Related,None,,,         ,Doyle,Price,Cloudy,Front to Rear,no,no,no,no,no,False
102997077,METROPOLITAN NASHVILLE POLICE DEPT,20210305662,Davidson,Nashville,6/3/2021 12:04:00 PM,2,1,0,36.135110,-86.745350,POLK AV,,,,0.00,,,WOODYCREST AV,,,,0.00,Y,Four-Way,N,Intersection,None,,,         ,Joe,Hooper,Cloudy,Angle,no,no,no,no,no,False
102997086,METROPOLITAN NASHVILLE POLICE DEPT,2021-0305644,Davidson,Nashville,6/3/2021 11:50:00 AM,3,0,0,36.153080,-86.787420,I 40,,,,0.00,,,,,,,209.30,N,Not at Intersection, ,Non-Junction,None,,,         ,Po,Cheng,Clear,Front to Rear,no,no,no,no,yes,False
102997105,METROPOLITAN NASHVILLE POLICE DEPT,20210305598,Davidson,Nashville,6/3/2021 11:24:00 AM,2,0,0,36.145460,-86.740840,I 40,,,,0.00,,,,,,,212.25,N,Not at Intersection, ,Non-Junction,None,,,         ,Michael,Dance,Clear,"Sideswipe, Same Direction",no,no,no,no,no,False
102997115,METROPOLITAN NASHVILLE POLICE DEPT,20210305772,Davidson,Nashville,6/3/2021 12:06:00 PM,2,0,0,36.115420,-86.743590,FOSTER AV,,,,85.00,Feet,North,WHITSETT RD,,,,0.00,N,Not at Intersection, ,Non-Junction,None,,,         ,Joe,Hooper,Clear,"Sideswipe, Same Direction",no,no,no,no,no,False
102997122,METROPOLITAN NASHVILLE POLICE DEPT,20210305680,Davidson,Nashville,6/3/2021 12:15:00 PM,2,0,0,36.150430,-86.742940,FESSLERS LN,,,,180.00,Feet,North,FESSLERS LN PVTDR,,,,0.00,N,Not at Intersection, ,,None,,,         ,Michael,Brooks,,,no,no,no,no,no,False
102997129,METROPOLITAN NASHVILLE POLICE DEPT,2021-0305578,Davidson,Nashville,6/3/2021 11:03:00 AM,2,1,0,36.110200,-86.766810,POWELL AV,,,,294.00,Feet,South,OLD POWELL AV,,,,0.00,N,Not at Intersection,N,Non-Junction,None,,,         ,Sean,Williams,Cloudy,HeadOn,no,no,no,no,no,False
102997163,METROPOLITAN NASHVILLE POLICE DEPT,20210305653,Davidson,Nashville,6/3/2021 12:00:00 PM,2,1,0,36.101680,-86.825100,BALDWIN ARBOR,,,,41.00,Feet,North,HOBBS RD,,,,0.00,N,Not at Intersection,N,Non-Junction,None,,,         ,George,Spencer,Clear,HeadOn,no,no,no,no,no,False
102997175,METROPOLITAN NASHVILLE POLICE DEPT,20210305838,Davidson,Nashville,6/3/2021 11:50:00 AM,2,0,0,36.132470,-86.893900,CHARLOTTE PKE,,,,389.00,Feet,East,I40 E ENT RAMP,,,,0.00,N,Not at Intersection, ,,None,,,         ,Wesley,Tilley,,,no,no,no,no,no,False
102997212,METROPOLITAN NASHVILLE POLICE DEPT,20210305863,Davidson,Nashville,6/3/2021 2:05:00 PM,1,1,0,36.153800,-86.720630,LEBANON PKE,,,,275.00,Feet,East,SPENCE LN,,,,0.00,N,Not at Intersection,N,Non-Junction,None,,,         ,Michael,Brooks,Clear,Not Collision with Motor Vehicle in Transport,yes,no,no,no,no,False
102997241,METROPOLITAN NASHVILLE POLICE DEPT,20210305901,Davidson,Nashville,6/3/2021 2:35:00 PM,2,0,0,36.153050,-86.721630,SPENCE LN,,,,242.00,Feet,South,LEBANON PKE,,,,0.00,N,Not at Intersection,N,Non-Junction,None,,,         ,Michael,Brooks,Clear,"Sideswipe, Same Direction",no,no,no,no,yes,False
102997245,METROPOLITAN NASHVILLE POLICE DEPT,20210305868,Davidson,Nashville,6/3/2021 2:05:00 PM,2,2,0,36.097660,-86.864220,HARDING PL,,,,497.00,Feet,West,PEMBROKE AV,,,,0.00,N,Not at Intersection,N,Non-Junction,None,,,         ,Douglas,Atwood,Clear,Angle,no,no,no,no,no,False
102997248,METROPOLITAN NASHVILLE POLICE DEPT,20210305825,Davidson,Nashville,6/3/2021 1:08:00 PM,2,0,0,36.168150,-86.777420,GAY ST,,,,0.00,,,JAMES ROBERTSON PKWY,,,,0.00,Y,OTHER, ,,None,,,         ,Michael,Douglas,,,no,no,no,yes,no,False
102997349,METROPOLITAN NASHVILLE POLICE DEPT,20210306052,Davidson,Nashville,6/3/2021 12:00:00 AM,2,0,0,36.135390,-86.894580,CABOT DR,,,,925.00,Feet,South,I40 E ENT RAMP,,,,0.00,N,Not at Intersection, ,,None,,,         ,Maria,Reynolds,,,no,no,no,yes,no,False
102997350,BELLE MEADE POLICE DEPT,21-0115,Davidson,Nashville,6/3/2021 2:30:00 PM,2,0,0,36.082820,-86.867300,BELLE MEADE BLVD,,,,0.00,,,PAGE RD,,,,0.00,,Not at Intersection,N,Non-Junction,None,,,         ,David,Read,Clear,"Sideswipe, Same Direction",no,no,no,yes,yes,False
102997359,METROPOLITAN NASHVILLE POLICE DEPT,20210306064,Davidson,Nashville,6/3/2021 3:44:00 PM,2,1,0,36.063100,-86.626620,MURFREESBORO PKE,,,,824.00,Feet,South,HAMILTON CHURCH RD,,,,0.00,N,Not at Intersection,N,Non-Junction,None,,,         ,Beri,Scott,Clear,HeadOn,no,no,no,no,no,False
102997362,METROPOLITAN NASHVILLE POLICE DEPT,20210305936,Davidson,Not in City Limit,6/3/2021 1:52:00 PM,2,0,0,36.262360,-86.710580,E OLD HICKORY BLVD,,,,486.00,Feet,East,GALLATIN PKES,,,,0.00,N,Not at Intersection, ,Non-Junction,None,,,         ,Christopher,Littles,Clear,Angle,no,no,no,no,no,False
102997363,METROPOLITAN NASHVILLE POLICE DEPT,20210306048,Davidson,Goodlettsville,6/3/2021 3:53:00 PM,1,1,0,36.293840,-86.696450,MYATT DR,,,,0.00,,,SPRING BRANCH DR,,,,0.00,Y,T-Intersection,N,Intersection,None,,,         ,Christopher,Littles,Clear,Not Collision with Motor Vehicle in Transport,yes,no,no,no,no,False
102997364,METROPOLITAN NASHVILLE POLICE DEPT,20210306085,Davidson,Goodlettsville,6/3/2021 3:13:00 PM,2,0,0,36.305900,-86.692380,THE SHOPPES AT RIVERGATE PVTDR,,,,280.00,Feet,West,CONFERENCE DR,,,,0.00,N,Not at Intersection,N,Non-Junction,None,,,         ,Christopher,Littles,Clear,Front to Rear,no,no,no,yes,yes,False
102997370,METROPOLITAN NASHVILLE POLICE DEPT,20210305970,Davidson,Nashville,6/3/2021 3:05:00 PM,2,2,0,36.210920,-86.733110,GREENFIELD AV,,,,0.00,,,GALLATIN PKE,,,,0.00,Y,T-Intersection,N,Intersection,None,,,         ,Wade,Johnson,Clear,Angle,no,no,no,no,no,False
102997371,METROPOLITAN NASHVILLE POLICE DEPT,20210306105,Davidson,Nashville,6/3/2021 4:09:00 PM,2,0,0,36.065470,-86.629180,MURFREESBORO PKE,,,,134.00,Feet,South,HAMILTON CROSSINGS,,,,0.00,N,Not at Intersection,N,Non-Junction,None,,,         ,Robert,Higgins,Clear,Angle,no,no,no,no,no,False
102997380,METROPOLITAN NASHVILLE POLICE DEPT,20210306098,Davidson,Nashville,6/3/2021 4:25:00 PM,2,0,0,36.060620,-86.623910,MURFREESBORO PKE,,,,1484.00,Feet,South,HAMILTON GLEN PL,,,,0.00,N,Not at Intersection,N,Non-Junction,None,,,         ,Beri,Scott,Clear,Front to Rear,no,no,no,no,yes,False
102997392,METROPOLITAN NASHVILLE POLICE DEPT,20210306095,Davidson,Nashville,6/3/2021 4:00:00 PM,2,1,0,36.167750,-86.820020,JEFFERSON ST,,,,216.00,Feet,East,28TH AVN,,,,0.00,N,Not at Intersection,N,Non-Junction,None,,,         ,Scarlett,Collins,Clear,"Sideswipe, Same Direction",no,no,no,no,yes,False