master_record_number,agency,agency_tracking_number,county,city,collision_date,vehicles_involved,number_injured,number_dead,latitude,longitude,roadway_name,roadway_suffix,roadway_number,roadway_local_id,distance_from_reference,miles-feet_indicator,direction_from_reference,intersection_road_name,intersection_road_name_suffix,intersection_road_number,intersection_local_id,mile_marker,intersection_indicator,intersect_type,interchange_related_indicator,relation_to_junction,work_zone_type,construction_maintenance_zone,construction_maintenance_zone_location,fatal_case_number,officer_first_name,officer_last_name,weather_condition(s),manner_of_crash,pedestrian,bicycle,scooter,parking,hitrun,mou
102997396,METROPOLITAN NASHVILLE POLICE DEPT,20210306112,Davidson,Nashville,6/3/2021 4:35:00 PM,1,1,0,36.178560,-86.678320,MCGAVOCK PKE,,,,294.00,Feet,North,LINCOYA DR,,,,0.00,N,Not at Intersection,N,Non-Junction,None,,,         ,Evan,Grace,Clear,Not Collision with Motor Vehicle in Transport,no,no,no,no,no,False
102997424,METROPOLITAN NASHVILLE POLICE DEPT,20210306018,Davidson,Nashville,6/3/2021 12:00:00 AM,2,0,0,36.240900,-86.752160,BRILEY PKWYW,,,,48.00,Feet,South,I65 S ENT RAMP,,,,0.00,N,Not at Intersection, ,Non-Junction,None,,,         ,Zachary,Smith,Clear,"Sideswipe, Same Direction",no,no,no,no,no,False
102997427,METROPOLITAN NASHVILLE POLICE DEPT,20210305987,Davidson,Nashville,6/3/2021 3:00:00 PM,1,0,0,36.150630,-86.665800,ALLEN RD,,,,227.00,Feet,East,DONELSON PKE,,,,0.00,N,Not at Intersection,N,Non-Junction,None,,,         ,Donovan,Coble,Clear,Not Collision with Motor Vehicle in Transport,no,no,no,no,no,False
102997443,METROPOLITAN NASHVILLE POLICE DEPT,20210306123,Davidson,Not in City Limit,6/3/2021 4:41:00 PM,2,0,0,36.269450,-86.736550,I65 N ENT RAMP,,,,0.00,Feet,East,I 65,,,,0.00,N,Not at Intersection, ,Non-Junction,None,,,         ,Mason,Tyler,Clear,Front to Rear,no,no,no,no,no,False
102997447,METROPOLITAN NASHVILLE POLICE DEPT,20210306193,Davidson,Nashville,6/3/2021 4:48:00 PM,2,0,0,36.167870,-86.819050,JEFFERSON ST,,,,113.00,Feet,West,27TH AVN,,,,0.00,N,Not at Intersection, ,Non-Junction,None,,,         ,Michael,Intrieri,Clear,"Sideswipe, Same Direction",no,no,no,no,yes,False
102997453,METROPOLITAN NASHVILLE POLICE DEPT,20210306226,Davidson,Not in City Limit,6/3/2021 5:40:00 PM,1,0,0,36.074710,-87.014480,MCCRORY LN,,,,1264.00,Feet,East,I40 E ENT RAMP,,,,0.00,N,Not at Intersection,N,Non-Junction,None,,,         ,Michael,Sipos,Clear,Not Collision with Motor Vehicle in Transport,no,no,no,no,no,False
102997455,METROPOLITAN NASHVILLE POLICE DEPT,20210306310,Davidson,Nashville,6/3/2021 6:27:00 PM,2,0,0,36.083080,-86.709230,HARDING PL,,,,326.00,Feet,South,LARGO DR,,,,0.00,N,Not at Intersection,N,Non-Junction,None,,,         ,Austin,Binner,Clear,Front to Rear,no,no,no,no,no,False
102997463,METROPOLITAN NASHVILLE POLICE DEPT,20210306272,Davidson,Nashville,6/3/2021 5:53:00 PM,2,0,0,36.111250,-86.750170,THOMPSON LN,,,,61.00,Feet,West,SEABOARD DR,,,,0.00,N,Not at Intersection,N,Non-Junction,None,,,         ,Edin,Plancic,Clear,Front to Rear,no,no,no,no,no,False
102997473,METROPOLITAN NASHVILLE POLICE DEPT,20210306223,Davidson,Nashville,6/3/2021 5:36:00 PM,2,0,0,36.125380,-86.742390,GLENROSE AV,,,,0.00,,,FOSTER AV,,,,0.00,Y,Four-Way,N,Intersection,None,,,         ,Robert,Higgins,Clear,Front to Rear,no,no,no,no,no,False
102997474,METROPOLITAN NASHVILLE POLICE DEPT,20210306303,Davidson,Nashville,6/3/2021 6:20:00 PM,2,0,0,36.162420,-86.759300,CRUTCHER ST,,,,0.00,,,S 5TH ST,,,,0.00,Y,Four-Way,N,Intersection,None,,,         ,Kevin,Clausius,Clear,Angle,no,no,no,no,no,False
102997478,METROPOLITAN NASHVILLE POLICE DEPT,20210306243,Davidson,Nashville,6/3/2021 5:48:00 PM,2,0,0,36.103460,-86.766150,I 65,,,,0.00,,,,,,,79.30,N,Not at Intersection, ,Non-Junction,None,,,         ,Douglas,Sykes,Clear,"Sideswipe, Same Direction",no,no,no,no,no,False
102997482,VANDERBILT UNIVERSITY POLICE,20210305780,Davidson,Nashville,6/3/2021 12:58:00 PM,2,0,0,36.110530,-86.763690,THOMPSON LN,,,,0.00,,,,,,,0.00,,Not at Intersection, ,Non-Junction,None,,,         ,Fred,Oakley,Clear,Front to Rear,no,no,no,yes,no,False
102997483,METROPOLITAN NASHVILLE POLICE DEPT,20210304884,Davidson,Nashville,6/3/2021 1:53:00 AM,1,2,1,36.205560,-86.813110,W TRINITY LN,,,,646.00,Feet,West,OLD BUENA VISTA RD,,,,0.00,N,Not at Intersection,N,Non-Junction,None,,,         ,Christopher,Valdez,Clear,Not Collision with Motor Vehicle in Transport,no,no,no,no,no,False
102997496,METROPOLITAN NASHVILLE POLICE DEPT,20210306253,Davidson,Nashville,6/3/2021 5:53:00 PM,2,2,0,36.180950,-86.606580,OLD HICKORY BLVD,,,,630.00,Feet,South,ANDREW JACKSON WAY,,,,0.00,N,Not at Intersection,N,Non-Junction,None,,,         ,Michael,Fox,Clear,Angle,no,no,no,no,no,False
102997500,METROPOLITAN NASHVILLE POLICE DEPT,20210306344,Davidson,Nashville,6/3/2021 6:42:00 PM,2,0,0,36.163590,-86.762430,I 24,,,,0.00,,,,,,,49.20,N,Not at Intersection, ,Non-Junction,None,,,         ,Roy,Sain Jr.,Cloudy,Front to Rear,no,no,no,no,no,False
102997511,METROPOLITAN NASHVILLE POLICE DEPT,20210304453,Davidson,Nashville,6/2/2021 8:25:00 PM,2,8,1,36.130710,-86.695170,BRILEY PKWYS,,,,204.00,Feet,South,AIRWAYS BLVD,,,,0.00,N,Not at Intersection,N,Non-Junction,None,,,         ,Russell,Ward,Cloudy,HeadOn,no,no,no,no,no,False
102997535,METROPOLITAN NASHVILLE POLICE DEPT,20210306220,Davidson,Nashville,6/3/2021 12:00:00 AM,1,1,0,36.175310,-86.798260,ARTHUR AV,,,,0.00,Feet,,CHEATHAM PL,,,,0.00,Y,Four-Way,N,Intersection,None,,,         ,Melvin,Taylor,Clear,Not Collision with Motor Vehicle in Transport,no,yes,no,no,no,False
102997546,METROPOLITAN NASHVILLE POLICE DEPT,20210306565,Davidson,Nashville,6/3/2021 6:00:00 PM,2,0,0,36.154540,-86.743330,FESSLERS LN,,,,75.00,Feet,North,LEBANON PKE,,,,0.00,N,Not at Intersection,N,Non-Junction,None,,,         ,Reagan,Heath,Clear,Front to Rear,no,no,no,no,yes,False
102997550,METROPOLITAN NASHVILLE POLICE DEPT,20210303697,Davidson,Nashville,6/2/2021 1:29:00 PM,3,1,0,36.189310,-86.792030,I 65,,,,0.00,,,,,,,85.60,N,Not at Intersection,N,Non-Junction,None,,,         ,James,McDugle,Cloudy,Front to Rear,no,no,no,no,no,False
102997551,METROPOLITAN NASHVILLE POLICE DEPT,20210306184,Davidson,Nashville,6/3/2021 5:17:00 PM,7,2,0,36.116000,-86.793370,I 440,,,,0.00,,,,,,,3.80,N,Not at Intersection,N,Non-Junction,None,,,         ,Thomas,Vasquez,Clear,Front to Rear,no,no,no,no,no,False
102997555,METROPOLITAN NASHVILLE POLICE DEPT,20210306165,Davidson,Nashville,6/3/2021 5:03:00 PM,2,2,0,36.238540,-86.779590,BRILEY PKWYW,,,,210.00,Feet,East,BRILEY PKWYW,,,,0.00,N,Not at Intersection,N,Non-Junction,None,,,         ,Kyle,Eicholtz,Clear,Angle,no,no,no,no,no,False
102997558,METROPOLITAN NASHVILLE POLICE DEPT,20210306499,Davidson,Antioch,6/3/2021 8:15:00 PM,1,1,0,36.061050,-86.605190,HAMILTON CHURCH RD,,,,2379.00,Feet,West,HOBSON PKE,,,,0.00,N,Not at Intersection,N,Non-Junction,None,,,         ,Beri,Scott,Clear,Not Collision with Motor Vehicle in Transport,no,no,no,no,no,False
102997561,METROPOLITAN NASHVILLE POLICE DEPT,20210306412,Davidson,Nashville,6/3/2021 7:20:00 PM,1,0,0,36.226010,-86.695370,BRILEY PKWYN,,,,653.00,Feet,North,BRILEY PKWYS,,,,0.00,N,Not at Intersection, ,Non-Junction,None,,,         ,Donovan,Coble,Clear,Not Collision with Motor Vehicle in Transport,no,no,no,no,no,False
102997611,METROPOLITAN NASHVILLE POLICE DEPT,20210306644,Davidson,Nashville,6/3/2021 9:30:00 PM,2,0,0,36.175720,-86.793030,ROSA L PARKS BLVD,,,,198.00,Feet,North,MONROE ST,,,,0.00,N,Not at Intersection,N,Non-Junction,None,,,         ,Eric,McCoy,Clear,Angle,no,no,no,no,yes,False
102997615,METROPOLITAN NASHVILLE POLICE DEPT,20210306141,Davidson,Nashville,6/3/2021 2:50:00 PM,2,0,0,36.167710,-86.779970,3RD AVN,,,,231.00,Feet,North,JAMES ROBERTSON PKWY,,,,0.00,N,Not at Intersection, ,Non-Junction,None,,,         ,David,Snowden,Clear,Angle,no,no,no,yes,no,False
102997624,METROPOLITAN NASHVILLE POLICE DEPT,20210306506,Davidson,Nashville,6/3/2021 8:21:00 PM,2,0,0,36.096070,-86.762870,I 65,,,,0.00,,,,,,,78.75,N,Not at Intersection,N,Non-Junction,None,,,         ,Douglas,Sykes,Clear,Front to Rear,no,no,no,no,no,False
102997637,METROPOLITAN NASHVILLE POLICE DEPT,20210306419,Davidson,Not in City Limit,6/3/2021 7:00:00 PM,2,0,0,36.299230,-86.811610,I 24,,,,0.00,,,,,,,38.80,N,Not at Intersection, ,Non-Junction,None,,,         ,Paxton,Montgomery,Clear,"Sideswipe, Same Direction",no,no,no,no,yes,False
102997648,METROPOLITAN NASHVILLE POLICE DEPT,20210306320,Davidson,Nashville,6/3/2021 12:00:00 AM,2,1,0,36.149430,-86.773220,I 40,,,,0.00,,,,,,,210.20,N,Not at Intersection,N,Entrance/Exit Ramp Related,None,,,         ,Wyatt,Blacker,Clear,Front to Rear,no,no,no,no,no,False
102997680,METROPOLITAN NASHVILLE POLICE DEPT,20210305938,Davidson,Not in City Limit,6/3/2021 2:50:00 PM,2,0,0,36.277270,-86.799890,I 24,,,,0.00,,,,,,,40.50,N,Not at Intersection, ,Non-Junction,None,,,         ,Paxton,Montgomery,Clear,"Sideswipe, Same Direction",no,no,no,no,yes,False
102997685,METROPOLITAN NASHVILLE POLICE DEPT,20210306358,Davidson,Nashville,6/3/2021 6:50:00 PM,2,1,0,36.179500,-86.741540,N 16TH ST,,,,95.00,Feet,South,ORDWAY PL,,,,0.00,N,Not at Intersection,N,Non-Junction,None,,,         ,Zachary,Aldrich,Clear,Not Collision with Motor Vehicle in Transport,no,no,no,no,no,False
102997689,METROPOLITAN NASHVILLE POLICE DEPT,20210306300,Davidson,Nashville,6/3/2021 12:00:00 AM,4,1,0,36.134850,-86.775670,I 65,,,,0.00,,,,,,,81.45,N,Not at Intersection,N,Non-Junction,None,,,         ,Savannah,Starbuck,Clear,Front to Rear,no,no,no,no,no,False
102997690,METROPOLITAN NASHVILLE POLICE DEPT,20210306586,Davidson,Nashville,6/3/2021 12:00:00 AM,2,1,0,36.045290,-86.714000,OLD HICKORY BLVD,,,,219.00,Feet,West,NOLENSVILLE PKE,,,,0.00,N,Not at Intersection,N,Non-Junction,None,,,         ,Savannah,Starbuck,Clear,Front to Rear,no,no,no,no,no,False
102997694,METROPOLITAN NASHVILLE POLICE DEPT,20210306583,Davidson,Nashville,6/3/2021 8:50:00 PM,2,0,0,36.184870,-86.803390,CLAY ST,,,,0.00,,,9TH AVN,,,,0.00,Y,Four-Way,N,Intersection,None,,,         ,Scarlett,Collins,Clear,Angle,no,no,no,no,no,False
102997698,METROPOLITAN NASHVILLE POLICE DEPT,20210306607,Davidson,Nashville,6/3/2021 8:45:00 PM,2,0,0,36.074580,-86.920950,OLD HICKORY BLVD,,,,37.00,Feet,North,HIGHWAY 70S,,,,0.00,N,Not at Intersection,N,Non-Junction,None,,,         ,Ryan,Papp,Clear,Front to Rear,no,no,no,no,yes,False
102997699,METROPOLITAN NASHVILLE POLICE DEPT,2021-0306734,Davidson,Nashville,6/3/2021 12:00:00 AM,2,0,0,36.224090,-86.694860,MUSIC VALLEY DR,,,,0.00,,,,,,,0.00,,,N,Non-Junction,None,,,         ,Joshua,McGarvey,Clear,HeadOn,no,no,no,yes,yes,False
102997707,METROPOLITAN NASHVILLE POLICE DEPT,20210306650,Davidson,Nashville,6/3/2021 8:20:00 PM,2,0,0,36.140990,-86.840360,45TH AVN,,,,0.00,,,MURPHY RD,,,,0.00,Y,T-Intersection, ,Intersection,None,,,         ,Robert,Crow,Clear,Angle,no,no,no,no,no,False
102997708,METROPOLITAN NASHVILLE POLICE DEPT,20210306669,Davidson,Nashville,6/3/2021 10:03:00 PM,1,0,0,36.086110,-86.700260,I 24,,,,0.00,,,,,,,55.70,N,Not at Intersection, ,Non-Junction,None,,,         ,Beri,Scott,Clear,Not Collision with Motor Vehicle in Transport,no,no,no,no,no,False
102997709,METROPOLITAN NASHVILLE POLICE DEPT,20210306686,Davidson,Nashville,6/3/2021 10:15:00 PM,2,1,0,36.069590,-86.693910,HAYWOOD LN,,,,0.00,,,EZELL RD,,,,0.00,Y,Four-Way,N,Intersection,None,,,         ,Beri,Scott,Clear,HeadOn,no,no,no,no,no,False
102997718,METROPOLITAN NASHVILLE POLICE DEPT,20210306703,Davidson,Nashville,6/3/2021 9:44:00 PM,1,0,0,36.216620,-86.855480,W HAMILTON RD,,,,0.00,,,KINGS LN,,,,0.00,Y,Four-Way,N,Intersection-Related,None,,,         ,Joel,Bennett,Clear,Not Collision with Motor Vehicle in Transport,no,no,no,no,no,False
102997730,VANDERBILT UNIVERSITY POLICE,2021-0303140,Davidson,Nashville,6/2/2021 6:50:00 AM,2,1,0,36.138030,-86.805050,BLAKEMORE AV,,,,0.00,Feet,,24TH AVS,,,,0.00,Y,Four-Way,N,SharedUsePathOrTrail,None,,,         ,Dontrell,Weakley,,Angle,no,no,no,no,no,Campus
102997736,METROPOLITAN NASHVILLE POLICE DEPT,20210296542,Davidson,Nashville,5/29/2021 2:30:00 AM,2,0,0,36.083250,-86.698540,I24 E ENT RAMP,,,,0.00,Feet,East,I 24,,,,0.00,N,Not at Intersection, ,Non-Junction,None,,,         ,Dylan,Ramos,Cloudy,"Sideswipe, Same Direction",no,no,no,no,yes,False
102997737,METROPOLITAN NASHVILLE POLICE DEPT,20210299246,Davidson,Nashville,5/30/2021 12:00:00 AM,2,1,0,36.069120,-86.683840,ANTIOCH PKE,,,,0.00,Feet,,RICHARDS RD,,,,0.00,Y,Four-Way,N,Intersection,None,,,         ,Dylan,Ramos,Clear,HeadOn,no,no,no,no,no,False
102997747,METROPOLITAN NASHVILLE POLICE DEPT,20210306778,Davidson,Nashville,6/3/2021 11:15:00 PM,2,0,0,36.231580,-86.724890,GALLATIN PKE,,,,120.00,Feet,North,HAYSBORO AV,,,,0.00,N,Not at Intersection, ,Non-Junction,None,,,         ,Esther,Poysti,Clear,Angle,no,no,no,no,no,False
102997785,METROPOLITAN NASHVILLE POLICE DEPT,20210307111,Davidson,Not in City Limit,6/4/2021 4:06:00 AM,2,1,0,36.269820,-86.736640,I 65,,,,0.00,,,,,,,92.60,N,Not at Intersection,N,Non-Junction,None,,,         ,Jerrod,Kalinsky,Clear,"Sideswipe, Same Direction",no,no,no,no,no,False
102997787,METROPOLITAN NASHVILLE POLICE DEPT,20210307127,Davidson,Not in City Limit,6/4/2021 12:00:00 AM,1,0,0,36.273680,-86.908410,LITTLE MARROWBONE RD,,,,707.00,Feet,West,BEAMAN PARK PVTDR,,,,0.00,N,Not at Intersection,N,Non-Junction,None,,,         ,Jacob,Ross,Clear,Not Collision with Motor Vehicle in Transport,no,no,no,no,yes,False
102997847,METROPOLITAN NASHVILLE POLICE DEPT,20210307290,Davidson,Antioch,6/4/2021 6:02:00 AM,2,0,0,36.029060,-86.582060,WILDGROVE DR,,,,0.00,,,WILDGROVE CT,,,,0.00,Y,T-Intersection, ,Non-Junction,None,,,         ,Joe,Hooper,Clear,Angle,no,no,no,no,no,False
102997853,METROPOLITAN NASHVILLE POLICE DEPT,20210307277,Davidson,Not in City Limit,6/4/2021 6:14:00 AM,3,0,0,36.286670,-86.746590,HILLCREST RD,,,,58.00,Feet,East,EASTLAWN DR,,,,0.00,N,Not at Intersection, ,Non-Junction,None,,,         ,Joshua,Goepper,Clear,Angle,no,no,no,yes,no,False
102997875,METROPOLITAN NASHVILLE POLICE DEPT,20210307324,Davidson,Nashville,6/4/2021 7:40:00 AM,2,1,0,36.144560,-86.739670,I 40,,,,0.00,,,,,,,212.30,N,Not at Intersection,N,Non-Junction,None,,,         ,Michael,Brooks,Clear,Front to Rear,no,no,no,no,no,False
102997877,METROPOLITAN NASHVILLE POLICE DEPT,20210307419,Davidson,Nashville,6/4/2021 8:41:00 AM,2,0,0,36.141250,-86.717060,I 40,,,,0.00,,,,,,,213.20,N,Not at Intersection, ,Non-Junction,None,,,         ,Michael,Dance,Clear,Front to Rear,no,no,no,no,no,False
102997918,THP District 3 - Nashville,321037168,Davidson,Nashville,6/4/2021 8:53:00 AM,2,0,0,36.141190,-86.716550,I 40,,,,0.00,,,,,,,213.15,N,Not at Intersection, ,Non-Junction,None,,,         ,Alexander,Campbell,Clear,Front to Rear,no,no,no,no,no,False
102997920,METROPOLITAN NASHVILLE POLICE DEPT,20210307427,Davidson,Nashville,6/4/2021 8:45:00 AM,3,0,0,36.113780,-86.808760,WOODMONT BLVD,,,,133.00,Feet,East,GOLF CLUB LN,,,,0.00,N,Not at Intersection,N,Non-Junction,None,,,         ,Gregory,Rdzok,Clear,Front to Rear,no,no,no,no,no,False
102997923,METROPOLITAN NASHVILLE POLICE DEPT,20210307347,Davidson,Nashville,6/4/2021 7:47:00 AM,2,0,0,36.208910,-86.631830,BONNAFIELD DR,,,,477.00,Feet,North,BONNAVALE DR,,,,0.00,N,Not at Intersection,N,Non-Junction,None,,,         ,Michael,Brooks,Clear,Front to Rear,no,no,no,yes,yes,False
102997925,METROPOLITAN NASHVILLE POLICE DEPT,20210307328,Davidson,Nashville,6/4/2021 7:16:00 AM,2,0,0,36.154270,-86.792890,WEST END AV,,,,0.00,,,BROADWAY,,,,0.00,Y,Five Point Or More, ,Intersection-Related,Construction Zone,,,         ,Bobby,Ehman,Clear,"Sideswipe, Same Direction",no,no,no,no,no,False
102997928,METROPOLITAN NASHVILLE POLICE DEPT,20210307357,Davidson,Nashville,6/4/2021 7:54:00 AM,2,1,0,36.087430,-86.692210,ANTIOCH PKE,,,,0.00,,,HARDING PL,,,,0.00,Y,Four-Way,N,Intersection,None,,,         ,Martin,Brown,Clear,Angle,no,no,no,no,no,False
102997933,METROPOLITAN NASHVILLE POLICE DEPT,20210307476,Davidson,Nashville,6/4/2021 9:20:00 AM,2,1,0,36.198440,-86.620270,OLD HICKORY BLVD,,,,0.00,,,LEBANON PKE,,,,0.00,Y,Four-Way,N,Intersection,None,,,         ,Michael,Brooks,Clear,Front to Rear,no,no,no,no,no,False
102997955,GOODLETTSVILLE POLICE DEPT,21-14799,Davidson,Goodlettsville,6/4/2021 8:48:00 AM,2,1,0,36.322820,-86.708910,LONG HOLLOW PKE,,,,822.00,Feet,East,TWO MILE PKE,,,,0.00,N,Not at Intersection,N,Non-Junction,None,,,         ,Rico,Jones,Clear,Angle,no,no,no,no,no,False
102997966,METROPOLITAN NASHVILLE POLICE DEPT,20210307491,Davidson,Nashville,6/4/2021 9:27:00 AM,4,2,0,36.119030,-86.767360,I 440,,,,0.00,,,,,,,5.30,N,Not at Intersection,N,Non-Junction,None,,,         ,Cynthia,Quirouette,Clear,Front to Rear,no,no,no,no,no,False
102997967,METROPOLITAN NASHVILLE POLICE DEPT,20210307524,Davidson,Nashville,6/4/2021 8:06:00 AM,2,0,0,36.102790,-86.665780,MURFREESBORO PKE,,,,162.00,Feet,East,TOWN PARK DR,,,,0.00,N,Not at Intersection, ,Non-Junction,None,,,         ,Tyler,Lewis,Clear,Angle,no,no,no,yes,yes,False
102997968,METROPOLITAN NASHVILLE POLICE DEPT,20210307484,Davidson,Nashville,6/4/2021 9:28:00 AM,2,3,0,36.126850,-86.710380,THOMPSON PL,,,,216.00,Feet,East,MURFREESBORO PKE,,,,0.00,N,Not at Intersection,N,"Driveway, Alley Access, etc",None,,,         ,Michael,Dance,Clear,Angle,no,no,no,no,no,False
102997988,Nashville Airport Police,2021-01896,Davidson,Nashville,6/4/2021 8:12:00 AM,2,2,0,36.133170,-86.664200,RAMP,,,,0.00,,,STATE HWY 255,,,,0.00,Y,OTHER,N,Intersection-Related,None,,,         ,George,Youssef,Clear,Other,no,no,no,no,no,False
102997990,METROPOLITAN NASHVILLE POLICE DEPT,20210307531,Davidson,Nashville,6/4/2021 10:08:00 AM,2,1,0,36.106210,-86.673060,MURFREESBORO PKE,,,,0.00,,,DONELSON PKE,,,,0.00,Y,Four-Way,N,Intersection,None,,,         ,Michael,Dance,Clear,Front to Rear,no,no,no,no,no,False
102997997,METROPOLITAN NASHVILLE POLICE DEPT,20210307572,Davidson,Not in City Limit,6/4/2021 10:28:00 AM,2,1,0,36.272120,-86.689560,ANDERSON LN,,,,0.00,Feet,,MYATT DR,,,,0.00,Y,Four-Way,N,Intersection-Related,None,,,         ,Joshua,Murray,Clear,Front to Rear,no,no,no,no,yes,False
102998002,METROPOLITAN NASHVILLE POLICE DEPT,20210307615,Davidson,Nashville,6/4/2021 10:30:00 AM,1,0,0,36.155400,-86.775530,PEABODY ST,,,,142.00,Feet,West,5TH AVS,,,,0.00,N,Not at Intersection, ,Non-Junction,None,,,         ,Kency,Le,Clear,Not Collision with Motor Vehicle in Transport,no,no,no,yes,yes,False
102998003,METROPOLITAN NASHVILLE POLICE DEPT,20210307399,Davidson,Nashville,6/4/2021 12:00:00 AM,1,0,0,36.182480,-86.775120,I 24,,,,0.00,,,,,,,47.40,N,Not at Intersection,N,Non-Junction,None,,,         ,Byron,Carter,Unknown,Not Collision with Motor Vehicle in Transport,no,no,no,no,yes,False
102998007,METROPOLITAN NASHVILLE POLICE DEPT,20210307619,Davidson,Nashville,6/4/2021 11:03:00 AM,1,1,0,36.150230,-86.697260,ELM HILL PKE,,,,0.00,,,,,,,0.00,,,N,Non-Junction,None,,,         ,Michael,Brooks,Clear,Not Collision with Motor Vehicle in Transport,yes,no,no,yes,no,False
102998009,METROPOLITAN NASHVILLE POLICE DEPT,20210307654,Davidson,Not in City Limit,6/4/2021 12:00:00 AM,2,2,0,36.289350,-86.809550,I 24,,,,0.00,,,,,,,39.45,N,Not at Intersection,N,Non-Junction,None,,,         ,Wesley,Mcclelland,Clear,Front to Rear,no,no,no,no,no,False
102998021,METROPOLITAN NASHVILLE POLICE DEPT,20210307621,Davidson,Nashville,6/4/2021 11:13:00 AM,2,2,0,36.068800,-86.717130,HAYWOOD LN,,,,251.00,Feet,West,HOPEDALE DR,,,,0.00,N,Not at Intersection,N,Non-Junction,None,,,         ,Joe,Hooper,Clear,Angle,no,no,no,no,no,False
102998029,BERRY HILL POLICE DEPT,21-1635,Davidson,Berry Hill,6/1/2021 11:41:00 AM,2,1,0,36.118930,-86.774300,BERRY RD,,,,90.00,Feet,East,I440 ENT RAMP,,,,0.00,N,Not at Intersection,N,Non-Junction,None,,,         ,Rick,Willliams,Cloudy,Front to Rear,no,no,no,no,no,False
102998030,METROPOLITAN NASHVILLE POLICE DEPT,20210307650,Davidson,Nashville,6/4/2021 11:29:00 AM,2,1,0,36.080510,-86.721900,HARDING PL,,,,0.00,,,,,,,0.00,,,N,Non-Junction,None,,,         ,Tyler,Lewis,Clear,Angle,no,no,no,yes,no,False
102998056,Nashville Airport Police,2021-01898,Davidson,Nashville,6/4/2021 10:02:00 AM,2,0,0,36.129140,-86.665380,DONELSON PKE,,,,0.00,,,DONELSON PKE S ENT RAMP,,,,0.00,Y,OTHER, ,Non-Junction,None,,,         ,George,Youssef,Clear,"Sideswipe, Same Direction",no,no,no,no,no,False
102998060,METROPOLITAN NASHVILLE POLICE DEPT,20210307638,Davidson,Nashville,6/4/2021 11:20:00 AM,2,2,0,36.172480,-86.595110,CENTRAL PKE,,,,0.00,,,TULIP GROVE RD,,,,0.00,Y,T-Intersection,N,Intersection,None,,,         ,Michael,Brooks,Clear,Angle,no,no,no,no,no,False
102998085,METROPOLITAN NASHVILLE POLICE DEPT,20210307738,Davidson,Nashville,6/1/2021 5:30:00 PM,2,0,0,36.106320,-86.818120,ABBOTT MARTIN RD,,,,387.00,Feet,East,CLEGHORN AV,,,,0.00,N,Not at Intersection,N,Non-Junction,None,,,         ,Gregory,Rdzok,Clear,HeadOn,no,no,no,yes,yes,False
102998104,METROPOLITAN NASHVILLE POLICE DEPT,20210307689,Davidson,Nashville,6/4/2021 12:00:00 PM,2,0,0,36.140570,-86.723020,I 40,,,,0.00,,,,,,,213.50,N,Not at Intersection,N,Non-Junction,None,,,         ,Neil,Wolfe,Clear,Angle,no,no,no,no,no,False
102998125,METROPOLITAN NASHVILLE POLICE DEPT,20210307731,Davidson,Nashville,6/4/2021 9:04:00 AM,2,0,0,36.186110,-86.798370,I65 S EXT RAMP,,,,0.00,,,ROSA L PARKS BLVD,,,,0.00,Y,T-Intersection, ,Entrance/Exit Ramp Related,None,,,         ,Ronald,Bright,Clear,Front to Rear,no,no,no,no,no,False
102998135,METROPOLITAN NASHVILLE POLICE DEPT,20210307716,Davidson,Not in City Limit,6/4/2021 12:23:00 PM,1,1,0,36.083320,-86.953230,GEORGE E HORN RD,,,,624.00,Feet,South,I40 W EXT RAMP,,,,0.00,N,Not at Intersection,N,Non-Junction,None,,,         ,Timothy,Lehnert,Clear,Not Collision with Motor Vehicle in Transport,no,no,no,no,no,False
102998157,METROPOLITAN NASHVILLE POLICE DEPT,20210307640,Davidson,Nashville,6/4/2021 11:25:00 AM,1,1,0,36.142740,-86.787040,EDGEHILL AVE,,,,5.00,Feet,West,12TH AVE S,,,,0.00,N,Not at Intersection,N,Non-Junction,None,,,         ,Michelle,Norris,Clear,Not Collision with Motor Vehicle in Transport,yes,no,no,no,no,False
102998168,METROPOLITAN NASHVILLE POLICE DEPT,20210307699,Davidson,Nashville,6/4/2021 11:44:00 AM,2,0,0,36.074970,-86.920980,OLD HICKORY BLVD,,,,179.00,Feet,North,HIGHWAY 70S,,,,0.00,N,Not at Intersection, ,Non-Junction,None,,,         ,Jack,Crouch,Cloudy,"Sideswipe, Same Direction",no,no,no,no,no,False
102998171,METROPOLITAN NASHVILLE POLICE DEPT,20210307790,Davidson,Nashville,6/4/2021 12:04:00 PM,2,1,0,36.219620,-86.727430,GALLATIN PKE,,,,0.00,,,ARDEE AV,,,,0.00,Y,Four-Way,N,Intersection,None,,,         ,Doyle,Price,Cloudy,Angle,no,no,no,no,no,False
102998189,METROPOLITAN NASHVILLE POLICE DEPT,20210307766,Davidson,Nashville,6/4/2021 12:50:00 PM,2,1,0,36.145490,-86.777500,I 65,,,,0.00,,,,,,,82.20,N,Not at Intersection,N,Non-Junction,None,,,         ,Ronald,Conner,Clear,Front to Rear,no,no,no,no,no,False