master_record_number,agency,agency_tracking_number,county,city,collision_date,vehicles_involved,number_injured,number_dead,latitude,longitude,roadway_name,roadway_suffix,roadway_number,roadway_local_id,distance_from_reference,miles-feet_indicator,direction_from_reference,intersection_road_name,intersection_road_name_suffix,intersection_road_number,intersection_local_id,mile_marker,intersection_indicator,intersect_type,interchange_related_indicator,relation_to_junction,work_zone_type,construction_maintenance_zone,construction_maintenance_zone_location,fatal_case_number,officer_first_name,officer_last_name,weather_condition(s),manner_of_crash,pedestrian,bicycle,scooter,parking,hitrun,mou
102999045,METROPOLITAN NASHVILLE POLICE DEPT,20210309462,Davidson,Nashville,6/5/2021 11:40:00 AM,2,0,0,36.082100,-86.761700,HARDING PL,,,,0.00,,,SIDCO DR,,,,0.00,Y,Four-Way,N,Entrance/Exit Ramp Related,None,,,         ,Cecelia,Brown,Clear,Angle,no,no,no,no,no,False
102999060,METROPOLITAN NASHVILLE POLICE DEPT,20210309564,Davidson,Nashville,6/5/2021 1:56:00 PM,2,1,0,36.152200,-86.625850,BLACKWOOD DR,,,,229.00,Feet,West,STEWARTS FERRY PKE,,,,0.00,N,Not at Intersection,N,Non-Junction,None,,,         ,MIchael,Mihajlov,Clear,Front to Rear,no,no,no,yes,no,False
102999074,METROPOLITAN NASHVILLE POLICE DEPT,20210309549,Davidson,Nashville,6/5/2021 12:55:00 PM,2,2,0,36.092460,-86.652020,MURFREESBORO PKE,,,,493.00,Feet,North,BRITISH WOODS DR,,,,0.00,N,Not at Intersection,N,Non-Junction,None,,,         ,Gerald,Gomes,Clear,"Sideswipe, Opposite Direction",no,no,no,no,no,False
102999079,METROPOLITAN NASHVILLE POLICE DEPT,20210309479,Davidson,Nashville,6/5/2021 12:10:00 PM,5,3,0,36.082510,-86.697740,I 24,,,,0.00,,,,,,,56.00,N,Not at Intersection,N,Non-Junction,None,,,         ,Marcus,Darden,Clear,Front to Rear,no,no,no,no,no,False
102999081,METROPOLITAN NASHVILLE POLICE DEPT,20210309580,Davidson,Old Hickory,6/5/2021 2:04:00 PM,2,1,0,36.257000,-86.655610,ROBINSON RD,,,,493.00,Feet,East,MARTINGALE DR,,,,0.00,N,Not at Intersection,N,Non-Junction,None,,,         ,Eric,Richardson,Clear,Angle,no,no,no,no,no,False
102999085,METROPOLITAN NASHVILLE POLICE DEPT,20210309558,Davidson,Not in City Limit,6/5/2021 1:30:00 PM,2,0,0,36.054100,-86.950610,POPLAR CREEK RD,,,,4.00,Feet,North,OLD HARDING PKE,,,,0.00,N,Not at Intersection, ,Non-Junction,None,,,         ,Wesley,Tilley,Clear,Front to Rear,no,no,no,no,yes,False
102999114,METROPOLITAN NASHVILLE POLICE DEPT,20210309412,Davidson,Nashville,6/5/2021 10:47:00 AM,3,0,0,36.044810,-86.714750,BRENTWOOD EAST DR,,,,147.00,Feet,South,OLD HICKORY BLVD,,,,0.00,N,Not at Intersection,N,Non-Junction,None,,,         ,Tony,Folad,Clear,Angle,no,no,no,no,no,False
102999179,METROPOLITAN NASHVILLE POLICE DEPT,20210309619,Davidson,Nashville,6/5/2021 1:00:00 PM,2,0,0,36.145300,-86.811870,WEST END AV,,,,17.00,Feet,East,28TH AVS,,,,0.00,N,Not at Intersection, ,Non-Junction,None,,,         ,Travis,Pemberton,Clear,Angle,no,no,no,no,no,Campus
102999180,METROPOLITAN NASHVILLE POLICE DEPT,20210309689,Davidson,Nashville,6/5/2021 3:38:00 PM,2,2,0,36.047630,-86.663220,I 24,,,,0.00,,,,,,,59.10,N,Not at Intersection,N,Non-Junction,None,,,         ,Wayne,Helm,Clear,Front to Rear,no,no,no,no,no,False
102999192,METROPOLITAN NASHVILLE POLICE DEPT,20210309617,Davidson,Nashville,6/5/2021 1:15:00 PM,2,0,0,36.046910,-86.713450,NOLENSVILLE PKE,,,,564.00,Feet,North,OLD HICKORY BLVD,,,,0.00,N,Not at Intersection,N,Non-Junction,None,,,         ,Tyler,Shanks,Clear,"Sideswipe, Same Direction",no,no,no,no,yes,False
102999213,METROPOLITAN NASHVILLE POLICE DEPT,20210309677,Davidson,Nashville,6/5/2021 3:29:00 PM,2,0,0,36.071260,-86.635500,MURFREESBORO PKE,,,,300.00,Feet,South,BELL RD,,,,0.00,N,Not at Intersection, ,Non-Junction,None,,,         ,Nadine,Klemenz,Cloudy,Front to Rear,no,no,no,no,no,False
102999221,METROPOLITAN NASHVILLE POLICE DEPT,20210309729,Davidson,Nashville,6/5/2021 4:06:00 PM,2,0,0,36.132470,-86.727170,I 24,,,,0.00,,,,,,,51.10,N,Not at Intersection, ,Non-Junction,None,,,         ,Taylor,Blackwelder,Clear,Front to Rear,no,no,no,no,no,False
102999222,METROPOLITAN NASHVILLE POLICE DEPT,20210309709,Davidson,Nashville,6/5/2021 3:53:00 PM,1,0,0,36.104380,-86.741870,NOLENSVILLE PKE,,,,103.00,Feet,North,MCIVER ST,,,,0.00,N,Not at Intersection,N,Non-Junction,None,,,         ,Tyler,Shanks,Clear,Not Collision with Motor Vehicle in Transport,no,no,no,no,no,False
102999224,METROPOLITAN NASHVILLE POLICE DEPT,20210309757,Davidson,Nashville,6/5/2021 4:21:00 PM,2,0,0,36.151760,-86.768630,2ND AVS,,,,0.00,,,I40 W EXT RAMP,,,,0.00,Y,Four-Way, ,Intersection,None,,,         ,Daniel,Tomlinson,Clear,"Sideswipe, Same Direction",no,no,no,no,no,False
102999254,METROPOLITAN NASHVILLE POLICE DEPT,20210309857,Davidson,Nashville,6/5/2021 5:12:00 PM,2,0,0,36.076950,-86.725510,NOLENSVILLE PKE,,,,53.00,Feet,South,WALLACE RD,,,,0.00,N,Not at Intersection,N,Non-Junction,None,,,         ,Eric,Laury,Clear,Front to Rear,no,no,no,no,yes,False
102999266,METROPOLITAN NASHVILLE POLICE DEPT,20210309806,Davidson,Nashville,6/5/2021 4:50:00 PM,2,0,0,36.243540,-86.736430,BRIARVILLE RD,,,,367.00,Feet,North,WORTH ST,,,,0.00,N,Not at Intersection,N,Non-Junction,None,,,         ,Brandon,Lopez,Clear,"Sideswipe, Opposite Direction",no,no,no,no,no,False
102999267,METROPOLITAN NASHVILLE POLICE DEPT,20210309953,Davidson,Nashville,6/5/2021 6:34:00 PM,2,0,0,36.193640,-86.809700,ROSA L PARKS BLVD,,,,54.00,Feet,East,GRANSTAFF APTS @ METROCENTER P,,,,0.00,N,Not at Intersection,N,Non-Junction,None,,,         ,Lucas,Thomas,Cloudy,Angle,no,no,no,no,yes,False
102999279,METROPOLITAN NASHVILLE POLICE DEPT,20210309972,Davidson,Nashville,6/5/2021 5:21:00 PM,2,0,0,36.202980,-86.689420,BRILEY PKWYS,,,,437.00,Feet,West,BRILEY PKWYN,,,,0.00,N,Not at Intersection,N,Non-Junction,None,,,         ,Jason,Kedzierski,Clear,"Sideswipe, Same Direction",no,no,no,no,yes,False
102999293,METROPOLITAN NASHVILLE POLICE DEPT,20210309969,Davidson,Nashville,6/5/2021 6:05:00 PM,2,0,0,36.079130,-86.727710,HARDING PL,,,,446.00,Feet,West,NOLENSVILLE PKE,,,,0.00,N,Not at Intersection,N,Non-Junction,None,,,         ,Joseph,Hurst,Clear,Angle,no,no,no,no,yes,False
102999314,METROPOLITAN NASHVILLE POLICE DEPT,20210309687,Davidson,Not in City Limit,6/5/2021 3:14:00 PM,2,0,0,36.263480,-86.690390,MYATT DR,,,,146.00,Feet,North,E OLD HICKORY BLVD,,,,0.00,N,Not at Intersection,N,Non-Junction,None,,,         ,Derek,Sibley,Clear,Angle,no,no,no,no,no,False
102999315,METROPOLITAN NASHVILLE POLICE DEPT,20210309759,Davidson,Not in City Limit,6/5/2021 3:51:00 PM,3,1,0,36.263820,-86.704460,STATE RT 45,,,,0.00,,,DELAWARE AV,,,,0.00,Y,Four-Way,Y,Intersection-Related,None,,,         ,Derek,Sibley,Clear,Angle,no,no,no,no,no,False
102999317,METROPOLITAN NASHVILLE POLICE DEPT,20210309886,Davidson,Nashville,6/5/2021 12:00:00 AM,2,0,0,36.250440,-86.718680,GALLATIN PKES,,,,141.00,Feet,South,MOVING CENTER CT,,,,0.00,N,Not at Intersection,N,Non-Junction,None,,,         ,Zachary,Smith,Clear,Front to Rear,no,no,no,no,no,False
102999319,METROPOLITAN NASHVILLE POLICE DEPT,20210310007,Davidson,Nashville,6/5/2021 7:07:00 PM,2,0,0,36.043800,-86.656150,I 24,,,,0.00,,,,,,,59.60,N,Not at Intersection,N,Non-Junction,None,,,         ,Nadine,Klemenz,Cloudy,"Sideswipe, Same Direction",no,no,no,no,yes,False
102999365,METROPOLITAN NASHVILLE POLICE DEPT,20210309853,Davidson,Not in City Limit,6/5/2021 12:00:00 AM,2,0,0,36.263070,-86.711920,STATE RT 45,,,,0.00,,,OLD HICKORY BLVDW,,,,0.00,Y,Four-Way, ,Intersection-Related,None,,,         ,Amanda,Topping,Clear,"Sideswipe, Same Direction",no,no,no,no,no,False
102999366,METROPOLITAN NASHVILLE POLICE DEPT,20210310059,Davidson,Nashville,6/5/2021 12:00:00 AM,3,1,0,36.098180,-86.709930,I 24,,,,0.00,,,,,,,54.70,N,Not at Intersection,N,Non-Junction,None,,,         ,Taylor,Blackwelder,Clear,Front to Rear,no,no,no,no,no,False
102999374,METROPOLITAN NASHVILLE POLICE DEPT,20210310090,Davidson,Not in City Limit,6/5/2021 7:50:00 PM,2,0,0,36.079410,-86.953660,COLEY DAVIS RD,,,,72.00,Feet,South,HIGHWAY 70S,,,,0.00,N,Not at Intersection, ,Non-Junction,None,,,         ,Ryan,Papp,Clear,Front to Rear,no,no,no,no,no,False
102999382,METROPOLITAN NASHVILLE POLICE DEPT,20210310048,Davidson,Nashville,6/5/2021 7:22:00 PM,2,0,0,36.068580,-86.693890,APACHE TRL,,,,25.00,Feet,North,HAYWOOD SQUARE PVTDR,,,,0.00,N,Not at Intersection, ,Non-Junction,None,,,         ,Garrett,Reingardt,Clear,Angle,no,no,no,no,no,False
102999395,METROPOLITAN NASHVILLE POLICE DEPT,20210309985,Davidson,Nashville,6/5/2021 6:50:00 PM,1,1,0,36.076820,-86.623450,OWENDALE DR,,,,550.00,Feet,South,MOSSDALE DR,,,,0.00,N,Not at Intersection,N,Non-Junction,None,,,         ,Phillip,Burke,Clear,Not Collision with Motor Vehicle in Transport,no,no,no,no,no,False
102999402,METROPOLITAN NASHVILLE POLICE DEPT,20210310151,Davidson,Nashville,6/5/2021 5:40:00 PM,2,0,0,36.165720,-86.819310,ALAMEDA ST,,,,275.00,Feet,East,I40 W EXT RAMP,,,,0.00,N,Not at Intersection, ,,None,,,         ,Scarlett,Collins,,,no,no,no,no,no,False
102999412,METROPOLITAN NASHVILLE POLICE DEPT,20210310126,Davidson,Nashville,6/5/2021 8:00:00 PM,2,0,0,36.068060,-86.669050,RICHARDS RD,,,,0.00,Feet,,DOWDY DR,,,,0.00,Y,Four-Way,N,Intersection,None,,,         ,Dalton,Crum,Clear,Angle,no,no,no,no,no,False
102999413,METROPOLITAN NASHVILLE POLICE DEPT,20210309965,Davidson,Nashville,6/5/2021 12:00:00 AM,2,6,0,36.074000,-86.624870,ANDERSON RD,,,,0.00,Feet,,CREEKVIEW DR,,,,0.00,Y,OTHER,N,Intersection,None,,,         ,John,Braun,Clear,Angle,no,no,no,no,no,False
102999414,METROPOLITAN NASHVILLE POLICE DEPT,20210309743,Davidson,Nashville,6/5/2021 4:10:00 PM,2,2,0,36.220720,-86.774740,I 65,,,,0.00,,,,,,,88.30,N,Not at Intersection,N,Non-Junction,None,,,         ,Rachel,Susee,Cloudy,Front to Rear,no,no,no,no,no,False
102999417,METROPOLITAN NASHVILLE POLICE DEPT,20210310066,Davidson,Nashville,6/5/2021 7:43:00 PM,3,0,0,36.152480,-86.802700,ELLISTON PL,,,,0.00,Feet,East,CHURCH ST,,,,0.00,N,Not at Intersection,N,Non-Junction,None,,,         ,Dakota,Davis,Clear,Angle,no,no,no,no,no,Campus
102999450,METROPOLITAN NASHVILLE POLICE DEPT,20210310233,Davidson,Nashville,6/5/2021 12:00:00 AM,2,0,0,36.074480,-86.920940,OLD HICKORY BLVD,,,,0.00,,,HIGHWAY 70S,,,,0.00,Y,Four-Way, ,Intersection,None,,,         ,Maria,Reynolds,Clear,Angle,no,no,no,no,no,False
102999471,METROPOLITAN NASHVILLE POLICE DEPT,20210310242,Davidson,Nashville,6/5/2021 6:55:00 PM,2,0,0,36.069830,-86.689950,I 24,,,,0.00,,,,,,,57.00,N,Not at Intersection,N,Non-Junction,None,,,         ,Eric,Laury,Clear,"Sideswipe, Same Direction",no,no,no,no,yes,False
102999477,METROPOLITAN NASHVILLE POLICE DEPT,20210310240,Davidson,Nashville,6/5/2021 9:34:00 PM,2,2,0,36.170820,-86.601550,OLD HICKORY BLVD,,,,0.00,,,I40 W EXT RAMP,,,,0.00,Y,Four-Way,N,Entrance/Exit Ramp Related,None,,,         ,Destiny,Zunic,Clear,Angle,no,no,no,no,no,False
102999483,METROPOLITAN NASHVILLE POLICE DEPT,20210310304,Davidson,Nashville,6/5/2021 10:37:00 PM,2,3,0,36.156680,-86.790520,14TH AVN,,,,49.00,Feet,North,I40 E ENT RAMP,,,,0.00,N,Not at Intersection,N,Non-Junction,None,,,         ,Cory,Stratton,Clear,Front to Rear,no,no,no,no,yes,False
102999484,METROPOLITAN NASHVILLE POLICE DEPT,20210310259,Davidson,Nashville,6/5/2021 9:32:00 PM,2,0,0,36.151370,-86.799330,20TH AVS,,,,0.00,,,WEST END AV,,,,0.00,Y,Four-Way,N,Non-Junction,None,,,         ,Dakota,Davis,Clear,Angle,no,no,no,no,no,Campus
102999499,METROPOLITAN NASHVILLE POLICE DEPT,20210310329,Davidson,Nashville,6/5/2021 9:35:00 PM,2,0,0,36.080970,-86.640040,EDGE O LAKE DR,,,,348.00,Feet,East,RYCHEN DR,,,,0.00,N,Not at Intersection,N,Non-Junction,None,,,         ,Samuel,Fredericks,,Other,no,no,no,yes,no,False
102999501,METROPOLITAN NASHVILLE POLICE DEPT,20210310355,Davidson,Nashville,6/5/2021 10:00:00 PM,1,0,0,36.096560,-86.924640,OLD HICKORY BLVD,,,,322.00,Feet,South,RIDGELAKE PKWY,,,,0.00,N,Not at Intersection, ,Non-Junction,None,,,         ,Colin,Bleem,Unknown,Not Collision with Motor Vehicle in Transport,no,no,no,no,no,False
102999503,METROPOLITAN NASHVILLE POLICE DEPT,20210310380,Davidson,Nashville,6/5/2021 10:41:00 PM,2,0,0,36.140680,-86.666470,DONELSON PKE,,,,120.00,Feet,North,I40 E EXT RAMP,,,,0.00,N,Not at Intersection,N,Non-Junction,None,,,         ,Jason,Kedzierski,,"Sideswipe, Same Direction",no,no,no,no,yes,False
102999511,METROPOLITAN NASHVILLE POLICE DEPT,20210310417,Davidson,Nashville,6/5/2021 9:42:00 PM,2,0,0,36.178880,-86.605230,OLD HICKORY BLVD,,,,349.00,Feet,North,I40 E EXT RAMP,,,,0.00,N,Not at Intersection,N,Non-Junction,None,,,         ,Jason,Kedzierski,,"Sideswipe, Same Direction",no,no,no,no,yes,False
102999513,METROPOLITAN NASHVILLE POLICE DEPT,20210310243,Davidson,Nashville,6/5/2021 9:20:00 PM,2,0,0,36.178070,-86.794770,CHEATHAM PL,,,,28.00,Feet,West,ROSA L PARKS BLVD,,,,0.00,N,Not at Intersection,N,Non-Junction,None,,,         ,Rachel,Susee,Cloudy,Angle,no,no,no,no,no,False
102999521,METROPOLITAN NASHVILLE POLICE DEPT,20210310456,Davidson,Nashville,6/5/2021 12:00:00 AM,2,0,0,36.074170,-86.638350,MURFREESBORO PKE,,,,143.00,Feet,South,RURAL HILL RD,,,,0.00,N,Not at Intersection,N,Non-Junction,None,,,         ,Samuel,Fredericks,,Unknown,no,no,no,no,yes,False
102999524,METROPOLITAN NASHVILLE POLICE DEPT,20210310353,Davidson,Nashville,6/5/2021 11:07:00 PM,2,0,0,36.162390,-86.776520,3RD AVN,,,,210.00,Feet,South,COMMERCE ST,,,,0.00,N,Not at Intersection, ,,None,,,         ,Corteze,Armstrong,,,no,no,no,no,no,False
102999527,METROPOLITAN NASHVILLE POLICE DEPT,20210310501,Davidson,Not in City Limit,6/6/2021 12:10:00 AM,1,1,0,36.319120,-86.892320,CLARKSVILLE PKE,,,,34.00,Feet,East,OLD CLARKSVILLE PKE,,,,0.00,N,Not at Intersection,N,Non-Junction,None,,,         ,Brian,DeMarce,Rain,Not Collision with Motor Vehicle in Transport,no,no,no,no,no,False
102999528,METROPOLITAN NASHVILLE POLICE DEPT,20210310470,Davidson,Nashville,6/6/2021 12:05:00 AM,1,0,0,36.175390,-86.758690,MAIN ST,,,,47.00,Feet,East,N 8TH ST,,,,0.00,N,Not at Intersection,N,Non-Junction,None,,,         ,Paul,Stein,Rain,Not Collision with Motor Vehicle in Transport,no,no,no,no,no,False
102999529,METROPOLITAN NASHVILLE POLICE DEPT,20210310509,Davidson,Nashville,6/5/2021 10:15:00 PM,1,0,0,36.178120,-86.791000,TAYLOR ST,,,,109.00,Feet,East,6TH AVN,,,,0.00,N,Not at Intersection,N,Non-Junction,None,,,         ,Katelyn,Argeroplos,Cloudy,Not Collision with Motor Vehicle in Transport,no,no,no,no,yes,False
102999530,METROPOLITAN NASHVILLE POLICE DEPT,20210310448,Davidson,Nashville,6/5/2021 11:50:00 PM,3,1,0,36.069590,-86.693910,HAYWOOD LN,,,,0.00,,,EZELL RD,,,,0.00,Y,Four-Way,Y,Intersection,None,,,         ,Dylan,Ramos,"Cloudy, Rain",HeadOn,no,no,no,no,yes,False
102999531,METROPOLITAN NASHVILLE POLICE DEPT,20210310476,Davidson,Nashville,6/6/2021 12:09:00 AM,2,1,0,36.253080,-86.777000,BRICK CHURCH PKE,,,,13.00,Feet,North,WESTCHESTER DR,,,,0.00,N,Not at Intersection,N,Non-Junction,None,,,         ,Jonathon,Sheppard,Rain,Front to Rear,no,no,no,no,no,False
102999533,METROPOLITAN NASHVILLE POLICE DEPT,20210310556,Davidson,Nashville,6/6/2021 1:10:00 AM,2,0,0,36.147940,-86.778930,I65 S ENT RAMP,,,,0.00,Feet,East,I 40,,,,0.00,N,Not at Intersection,N,Non-Junction,None,,,         ,Michael,Hodges,Smog/Smoke,"Sideswipe, Same Direction",no,no,no,no,yes,False
102999543,METROPOLITAN NASHVILLE POLICE DEPT,20210310529,Davidson,Nashville,6/6/2021 12:47:00 AM,3,1,0,36.045610,-86.658480,I24 W ENT RAMP,,,,0.00,Feet,,I 24,,,,0.00,Y,Four-Way,N,Intersection-Related,None,,,         ,Autumn,Manning,Rain,Front to Rear,no,no,no,no,no,False
102999548,METROPOLITAN NASHVILLE POLICE DEPT,20210310651,Davidson,Nashville,6/6/2021 2:37:00 AM,2,0,0,36.157760,-86.793000,15TH AVN,,,,162.00,Feet,North,CHURCH ST,,,,0.00,N,Not at Intersection, ,,None,,,         ,Cory,Stratton,,,no,no,no,no,no,False
102999551,METROPOLITAN NASHVILLE POLICE DEPT,20210310473,Davidson,Nashville,6/6/2021 12:00:00 AM,2,1,0,36.206610,-86.777900,US HWY 431,,,,0.00,,,BRICK CHURCH PIKE,,,,0.00,Y,Four-Way,N,Intersection,None,,,         ,David,Crisman,Rain,"Sideswipe, Same Direction",no,no,no,no,no,False
102999556,METROPOLITAN NASHVILLE POLICE DEPT,20210310655,Davidson,Nashville,6/6/2021 2:35:00 AM,2,1,0,36.233730,-86.781340,BRICK CHURCH PKE,,,,82.00,Feet,North,MOOREWOOD DR,,,,0.00,N,Not at Intersection,N,Non-Junction,None,,,         ,Jonathon,Sheppard,Rain,Front to Rear,no,no,no,no,yes,False
102999563,METROPOLITAN NASHVILLE POLICE DEPT,20210310584,Davidson,Nashville,6/6/2021 1:35:00 AM,2,0,0,36.046340,-86.661030,I 24,,,,0.00,,,,,,,59.30,N,Not at Intersection,N,Non-Junction,None,,,         ,Robert,Leverick,Rain,Front to Rear,no,no,no,no,no,False
102999572,METROPOLITAN NASHVILLE POLICE DEPT,20210310632,Davidson,Not in City Limit,6/6/2021 12:40:00 AM,2,0,0,36.259210,-86.763930,EWING CREEK DR,,,,216.00,Feet,West,TUCKAHOE DR,,,,0.00,N,Not at Intersection,N,"Driveway, Alley Access, etc",None,,,         ,Reuben,Hewit,Unknown,"Sideswipe, Opposite Direction",no,no,no,no,yes,False
102999582,METROPOLITAN NASHVILLE POLICE DEPT,20210310710,Davidson,Nashville,6/6/2021 3:45:00 AM,2,1,0,36.074160,-86.769020,I 65,,,,0.00,,,,,,,77.25,N,Not at Intersection,N,Non-Junction,None,,,         ,Brian,Quigley,Rain,Front to Rear,no,no,no,no,no,False
102999583,METROPOLITAN NASHVILLE POLICE DEPT,20210310634,Davidson,Nashville,6/6/2021 2:21:00 AM,3,3,0,36.060390,-86.623650,MURFREESBORO PKE,,,,1496.00,Feet,South,HAMILTON GLEN PL,,,,0.00,N,Not at Intersection,N,Non-Junction,None,,,         ,Douglas,Meringer,Clear,"Sideswipe, Opposite Direction",no,no,no,no,yes,False
102999585,METROPOLITAN NASHVILLE POLICE DEPT,20210310719,Davidson,Not in City Limit,6/6/2021 3:56:00 AM,1,2,0,36.257980,-86.738450,I 65,,,,0.00,,,,,,,91.80,N,Not at Intersection,N,Non-Junction,None,,,         ,Jonathon,Sheppard,Rain,Not Collision with Motor Vehicle in Transport,no,no,no,no,no,False
102999586,METROPOLITAN NASHVILLE POLICE DEPT,20210310630,Davidson,Not in City Limit,6/6/2021 2:10:00 AM,1,1,0,36.078720,-87.036210,I 40,,,,0.00,,,,,,,191.65,N,Not at Intersection,N,Non-Junction,None,,,         ,Billy,Price,Rain,Not Collision with Motor Vehicle in Transport,no,no,no,no,no,False
102999591,METROPOLITAN NASHVILLE POLICE DEPT,20210310685,Davidson,Nashville,6/6/2021 12:00:00 AM,2,3,0,36.070750,-86.769970,I 65,,,,0.00,,,,,,,77.00,N,Not at Intersection,N,Non-Junction,None,,,         ,Clayton,Cox,Rain,Not Collision with Motor Vehicle in Transport,no,no,no,no,yes,False
102999594,METROPOLITAN NASHVILLE POLICE DEPT,20210310687,Davidson,Nashville,6/6/2021 2:53:00 AM,2,2,0,36.042450,-86.712940,NOLENSVILLE PKE,,,,0.00,,,SWISS AV,,,,0.00,Y,Four-Way,N,Intersection,None,,,         ,Tavin,Emlund,Rain,Angle,no,no,no,no,no,False
102999599,METROPOLITAN NASHVILLE POLICE DEPT,20210310715,Davidson,Nashville,6/6/2021 3:50:00 AM,2,1,0,36.148810,-86.666280,ELM HILL PKE,,,,0.00,Feet,,DONELSON PKE,,,,0.00,Y,Four-Way,N,Intersection-Related,None,,,         ,Mario,Diaz,,Angle,no,no,no,no,no,False
102999601,METROPOLITAN NASHVILLE POLICE DEPT,20210310703,Davidson,Nashville,6/6/2021 12:00:00 AM,2,3,0,36.051500,-86.673250,BLUE HOLE RD,,,,268.00,Feet,North,TIMBERLAKE WAY,,,,0.00,N,Not at Intersection,N,Non-Junction,None,,,         ,McKenzie,Harper,Cloudy,HeadOn,no,no,no,no,no,False
102999602,METROPOLITAN NASHVILLE POLICE DEPT,20210310738,Davidson,Nashville,6/6/2021 4:45:00 AM,1,0,0,36.151840,-86.811680,25TH AVN,,,,326.00,Feet,North,CENTENNIAL PARK PVTDR,,,,0.00,N,Not at Intersection,N,Non-Junction,None,,,         ,Jeremy,Crisp,Clear,Not Collision with Motor Vehicle in Transport,no,no,no,no,no,False
102999615,METROPOLITAN NASHVILLE POLICE DEPT,20210310759,Davidson,Nashville,6/6/2021 12:00:00 AM,1,0,0,36.144590,-86.859760,MAUDINA AV,,,,56.00,Feet,West,OCEOLA AV,,,,0.00,N,Not at Intersection,N,Non-Junction,None,,,         ,Jonathan,Phipps,Rain,Not Collision with Motor Vehicle in Transport,no,no,no,no,yes,False
102999616,METROPOLITAN NASHVILLE POLICE DEPT,20210310733,Davidson,Nashville,6/6/2021 4:20:00 AM,1,0,0,36.071170,-86.636440,BELL RD,,,,266.00,Feet,South,MURFREESBORO PKE,,,,0.00,N,Not at Intersection,N,Non-Junction,None,,,         ,Autumn,Manning,Rain,Not Collision with Motor Vehicle in Transport,no,no,no,yes,no,False
102999623,BERRY HILL POLICE DEPT,21-1643,Davidson,Berry Hill,6/2/2021 12:18:00 PM,2,0,0,36.124900,-86.765680,BRANSFORD AV,,,,0.00,,,,,,,0.00,,, ,"Driveway, Alley Access, etc",None,,,         ,Ronnie,Hill,Rain,"Sideswipe, Same Direction",no,no,no,yes,no,False
102999624,METROPOLITAN NASHVILLE POLICE DEPT,20210310702,Davidson,Nashville,6/6/2021 3:38:00 AM,2,1,0,36.195770,-86.775570,I 65,,,,0.00,,,,,,,86.55,N,Not at Intersection,N,Non-Junction,None,,,         ,Kristopher,Sutton,"Cloudy, Rain",Front to Rear,no,no,no,no,no,False
102999639,METROPOLITAN NASHVILLE POLICE DEPT,20210310690,Davidson,Nashville,6/6/2021 3:19:00 AM,1,1,0,36.043550,-86.630790,MT VIEW RD,,,,33.00,Feet,East,OLD FRANKLIN RD,,,,0.00,N,Not at Intersection,N,Non-Junction,None,,,         ,Holly,Davis,Rain,Not Collision with Motor Vehicle in Transport,no,no,no,no,no,False
102999658,METROPOLITAN NASHVILLE POLICE DEPT,20210310832,Davidson,Nashville,6/6/2021 12:23:00 AM,1,0,0,36.058720,-86.669960,MT VIEW RD,,,,158.00,Feet,East,HICKORY HOLLOW PKWY,,,,0.00,N,Not at Intersection,N,Non-Junction,None,,,         ,Jason,Hees,Clear,Not Collision with Motor Vehicle in Transport,no,no,no,no,no,False
102999661,METROPOLITAN NASHVILLE POLICE DEPT,2021-0310811,Davidson,Not in City Limit,6/6/2021 12:00:00 AM,1,0,0,35.989910,-86.636740,BURKITT RD,,,,0.59,Miles,West,BATTLE RD,,,,0.00,N,Not at Intersection,N,Non-Junction,None,,,         ,Harrison,Nearn,Unknown,Unknown,no,no,no,no,yes,False
102999663,METROPOLITAN NASHVILLE POLICE DEPT,20210310829,Davidson,Nashville,6/6/2021 3:42:00 AM,2,0,0,36.073930,-86.692750,I 24,,,,0.00,,,,,,,56.65,N,Not at Intersection,N,Non-Junction,None,,,         ,Lee,Davis,Clear,Front to Rear,no,no,no,no,yes,False
102999674,METROPOLITAN NASHVILLE POLICE DEPT,2021-0303479,Davidson,Nashville,6/2/2021 8:53:00 AM,2,0,0,36.134700,-86.759920,WALSH RD,,,,127.00,Feet,West,NOLENSVILLE PKE,,,,0.00,N,Not at Intersection, ,Non-Junction,None,,,         ,Sean,Williams,Rain,"Sideswipe, Same Direction",no,no,no,no,no,False
102999676,METROPOLITAN NASHVILLE POLICE DEPT,20210310871,Davidson,Nashville,6/6/2021 6:19:00 AM,1,0,0,36.067840,-86.695540,CREEKSIDE DR,,,,259.00,Feet,East,KEELEY DR,,,,0.00,N,Not at Intersection, ,Non-Junction,None,,,         ,Jason,Hees,Clear,Not Collision with Motor Vehicle in Transport,no,no,no,no,no,False
102999682,METROPOLITAN NASHVILLE POLICE DEPT,20210310799,Davidson,Nashville,6/6/2021 12:00:00 AM,2,0,0,36.234400,-86.721090,BRILEY PKWYW,,,,79.00,Feet,East,BRILEY PKWYE,,,,0.00,N,Not at Intersection,Y,Entrance/Exit Ramp Related,None,,,         ,Michelle,Steidl,Clear,Angle,no,no,no,no,no,False
102999690,METROPOLITAN NASHVILLE POLICE DEPT,20210310884,Davidson,Nashville,6/6/2021 6:10:00 AM,1,0,0,36.029910,-86.638040,I 24,,,,0.00,,,,,,,61.00,N,Not at Intersection,N,Non-Junction,None,,,         ,Tyler,Heckaman,Cloudy,Not Collision with Motor Vehicle in Transport,no,no,no,no,no,False