master_record_number,agency,agency_tracking_number,county,city,collision_date,vehicles_involved,number_injured,number_dead,latitude,longitude,roadway_name,roadway_suffix,roadway_number,roadway_local_id,distance_from_reference,miles-feet_indicator,direction_from_reference,intersection_road_name,intersection_road_name_suffix,intersection_road_number,intersection_local_id,mile_marker,intersection_indicator,intersect_type,interchange_related_indicator,relation_to_junction,work_zone_type,construction_maintenance_zone,construction_maintenance_zone_location,fatal_case_number,officer_first_name,officer_last_name,weather_condition(s),manner_of_crash,pedestrian,bicycle,scooter,parking,hitrun,mou
103003996,METROPOLITAN NASHVILLE POLICE DEPT,20210321123,Davidson,Not in City Limit,6/11/2021 12:00:00 AM,1,1,0,36.262320,-86.711200,E OLD HICKORY BLVD,,,,300.00,Feet,East,GALLATIN PKES,,,,0.00,N,Not at Intersection,N,Non-Junction,None,,,         ,Wesley,Mcclelland,Clear,Not Collision with Motor Vehicle in Transport,yes,no,no,no,no,False
103004005,METROPOLITAN NASHVILLE POLICE DEPT,20210321007,Davidson,Nashville,6/11/2021 12:59:00 PM,4,0,0,36.143450,-86.702820,I 40,,,,0.00,,,,,,,214.55,N,Not at Intersection,N,Non-Junction,None,,,         ,Terry,Denton,Clear,Front to Rear,no,no,no,no,no,False
103004045,METROPOLITAN NASHVILLE POLICE DEPT,20210321127,Davidson,Nashville,6/11/2021 2:26:00 PM,2,0,0,36.169650,-86.805910,JEFFERSON ST,,,,220.00,Feet,East,DR D B TODD JR BLVD,,,,0.00,N,Not at Intersection,N,Non-Junction,None,,,         ,Alquavious,McDaniel,Cloudy,Angle,no,no,no,no,no,False
103004067,METROPOLITAN NASHVILLE POLICE DEPT,20210321195,Davidson,Nashville,6/11/2021 2:30:00 PM,2,0,0,36.143370,-86.703340,I 40,,,,0.00,,,,,,,214.50,N,Not at Intersection,N,Non-Junction,None,,,         ,Rami,Rouhi,Clear,Front to Rear,no,no,no,no,no,False
103004092,METROPOLITAN NASHVILLE POLICE DEPT,20210321176,Davidson,Nashville,6/11/2021 1:45:00 PM,2,0,0,36.184050,-86.754550,MCFERRIN AV,,,,97.00,Feet,South,W EASTLAND AV,,,,0.00,N,Not at Intersection,N,OtherLocation,None,,,         ,Randy,Puckett,Clear,Not Collision with Motor Vehicle in Transport,no,no,no,yes,yes,False
103004101,METROPOLITAN NASHVILLE POLICE DEPT,20210321192,Davidson,Nashville,6/11/2021 2:59:00 PM,2,1,0,36.124560,-86.700030,SATURN DR,,,,0.00,Feet,East,VULTEE BLVD,,,,0.00,N,Not at Intersection,N,Non-Junction,None,,,         ,Evan,Grace,Clear,Angle,no,no,no,no,no,False
103004143,METROPOLITAN NASHVILLE POLICE DEPT,20210321186,Davidson,Nashville,6/11/2021 3:00:00 PM,2,1,0,36.150670,-86.797530,LYLE AV,,,,156.00,Feet,North,BROADWAY,,,,0.00,N,Not at Intersection,N,Non-Junction,None,,,         ,Matthew,Hogan,Clear,Angle,no,no,no,no,no,False
103004145,METROPOLITAN NASHVILLE POLICE DEPT,20210321241,Davidson,Nashville,6/11/2021 2:00:00 PM,2,0,0,36.210780,-86.732070,GREENFIELD AV,,,,308.00,Feet,East,GALLATIN PKE,,,,0.00,N,Not at Intersection,N,Non-Junction,None,,,         ,Steffani,Dahlstrom,Clear,Front to Rear,no,no,no,no,yes,False
103004149,METROPOLITAN NASHVILLE POLICE DEPT,20210321301,Davidson,Nashville,6/11/2021 4:19:00 PM,2,0,0,36.127140,-86.728850,I440 W ENT RAMP,,,,0.00,,,I 440,,,,0.00,Y,Y-Intersection,N,Non-Junction,None,,,         ,Robert,Higgins,Clear,Front to Rear,no,no,no,no,no,False
103004166,METROPOLITAN NASHVILLE POLICE DEPT,20210321289,Davidson,Nashville,6/11/2021 3:50:00 PM,2,0,0,36.152820,-86.683420,ELM HILL PKE,,,,3.00,Feet,West,MCGAVOCK PKE,,,,0.00,N,Not at Intersection,N,Non-Junction,None,,,         ,Evan,Grace,Clear,Front to Rear,no,no,no,no,no,False
103004193,METROPOLITAN NASHVILLE POLICE DEPT,20210321161,Davidson,Nashville,6/11/2021 2:46:00 PM,2,0,0,36.080470,-86.714720,HUMBER DR,,,,294.00,Feet,South,HARDING PL,,,,0.00,N,Not at Intersection, ,Non-Junction,None,,,         ,Beri,Scott,Clear,HeadOn,no,no,no,no,no,False
103004194,METROPOLITAN NASHVILLE POLICE DEPT,20210321247,Davidson,Nashville,6/11/2021 3:40:00 PM,2,1,0,36.051510,-86.714360,OCALA DR,,,,0.00,,,NOLENSVILLE PKE,,,,0.00,Y,Four-Way,N,Intersection,None,,,         ,Beri,Scott,Clear,HeadOn,no,no,no,no,no,False
103004218,METROPOLITAN NASHVILLE POLICE DEPT,20210321390,Davidson,Nashville,6/11/2021 5:00:00 PM,2,1,0,36.109280,-86.728160,SOUTHLAKE DR,,,,67.00,Feet,South,BRILEY PKWYN,,,,0.00,N,Not at Intersection,N,Non-Junction,None,,,         ,Douglas,Mann,Clear,Front to Rear,no,no,no,no,yes,False
103004226,METROPOLITAN NASHVILLE POLICE DEPT,20210321183,Davidson,Nashville,6/11/2021 12:00:00 AM,3,5,0,36.150490,-86.801230,21ST AVS,,,,0.00,,,WEST END AV,,,,0.00,Y,Four-Way,Y,Intersection-Related,None,,,         ,Wyatt,Blacker,Cloudy,HeadOn,no,no,no,no,no,Campus
103004236,METROPOLITAN NASHVILLE POLICE DEPT,20210321263,Davidson,Goodlettsville,6/11/2021 3:54:00 PM,2,1,0,36.288240,-86.709010,W MONTICELLO AV,,,,1176.00,Feet,West,GALLATIN PKEN,,,,0.00,N,Not at Intersection,N,Non-Junction,None,,,         ,Christopher,Littles,Cloudy,Front to Rear,no,no,no,no,no,False
103004237,METROPOLITAN NASHVILLE POLICE DEPT,20210321376,Davidson,Not in City Limit,6/11/2021 4:11:00 PM,3,0,0,36.284530,-86.706470,GALLATIN PKEN,,,,439.00,Feet,North,EDGEMEADE BLVD,,,,0.00,N,Not at Intersection,N,Non-Junction,None,,,         ,Christopher,Littles,Cloudy,Front to Rear,no,no,no,no,no,False
103004238,METROPOLITAN NASHVILLE POLICE DEPT,20210321413,Davidson,Nashville,6/11/2021 5:25:00 PM,2,1,0,36.207210,-86.804400,W TRINITY LN,,,,760.00,Feet,East,DAY ST,,,,0.00,N,Not at Intersection,N,Non-Junction,None,,,         ,Keegan,Winchell,Cloudy,Front to Rear,no,no,no,no,yes,False
103004246,METROPOLITAN NASHVILLE POLICE DEPT,20210321398,Davidson,Nashville,6/11/2021 12:00:00 AM,2,0,0,36.135810,-86.885150,BROOK HOLLOW RD,,,,0.00,Feet,,CHARLOTTE PKE,,,,0.00,Y,Four-Way,Y,Intersection,None,,,         ,Maria,Reynolds,Cloudy,Angle,no,no,no,no,no,False
103004251,METROPOLITAN NASHVILLE POLICE DEPT,20210321435,Davidson,Nashville,6/11/2021 5:35:00 PM,2,1,0,36.082760,-86.698100,I 24,,,,0.00,,,,,,,56.00,N,Not at Intersection,N,Non-Junction,None,,,         ,Eric,Laury,Clear,Front to Rear,no,no,no,no,yes,False
103004252,METROPOLITAN NASHVILLE POLICE DEPT,20210321303,Davidson,Nashville,6/11/2021 2:25:00 PM,3,3,0,36.156290,-86.790070,I40 E EXT RAMP,,,,0.00,Feet,East,I 40,,,,0.00,N,Not at Intersection,N,Entrance/Exit Ramp Related,None,,,         ,Dakota,Davis,Cloudy,Front to Rear,no,no,no,no,no,False
103004255,METROPOLITAN NASHVILLE POLICE DEPT,20210321473,Davidson,Nashville,6/11/2021 5:35:00 PM,2,0,0,36.087960,-86.692630,ANTIOCH PKE,,,,229.00,Feet,North,HARDING PL,,,,0.00,N,Not at Intersection,N,Non-Junction,None,,,         ,Josh,Lauton,Cloudy,Front to Rear,no,no,no,no,yes,False
103004256,METROPOLITAN NASHVILLE POLICE DEPT,20210321496,Davidson,Nashville,6/11/2021 6:11:00 PM,2,0,0,36.040590,-86.771070,OLD HICKORY BLVD,,,,0.00,,,SEVEN SPRINGS WAY PVTDR,,,,0.00,Y,Four-Way, ,Non-Junction,None,,,         ,Brady,Reynolds,Cloudy,Front to Rear,no,no,no,no,no,False
103004257,METROPOLITAN NASHVILLE POLICE DEPT,20210321438,Davidson,Not in City Limit,6/11/2021 12:00:00 AM,2,0,0,36.306950,-86.683530,NORTHSIDE MARKETPLACE PVTDR,,,,0.00,,,,,,,0.00,,, ,Non-Junction,None,,,         ,Zachary,Smith,Clear,Front to Rear,no,no,no,no,yes,False
103004260,METROPOLITAN NASHVILLE POLICE DEPT,20210321525,Davidson,Not in City Limit,6/11/2021 6:20:00 PM,2,1,0,36.255770,-86.894810,BLUE BERRY HILL RD,,,,3.00,Feet,North,OLD HICKORY BLVD,,,,0.00,N,Not at Intersection,N,Non-Junction,None,,,         ,Jackson,Sanders,Cloudy,Front to Rear,no,no,no,no,no,False
103004263,METROPOLITAN NASHVILLE POLICE DEPT,20210321491,Davidson,Nashville,6/11/2021 6:08:00 PM,2,0,0,36.038590,-86.731640,OLD HICKORY BLVD,,,,222.00,Feet,East,BARTON VALE DR,,,,0.00,N,Not at Intersection, ,Non-Junction,None,,,         ,Douglas,Sykes,Clear,"Sideswipe, Opposite Direction",no,no,no,no,no,False
103004267,METROPOLITAN NASHVILLE POLICE DEPT,20210321335,Davidson,Nashville,6/11/2021 4:42:00 PM,2,0,0,36.030360,-86.638550,I 24,,,,0.00,,,,,,,61.00,N,Not at Intersection,N,Non-Junction,None,,,         ,Beri,Scott,Clear,Front to Rear,no,no,no,no,no,False
103004296,METROPOLITAN NASHVILLE POLICE DEPT,20210321517,Davidson,Nashville,6/11/2021 6:04:00 PM,2,0,0,36.143390,-86.666660,DONELSON PKE,,,,401.00,Feet,North,I40 W ENT RAMP,,,,0.00,N,Not at Intersection,N,Non-Junction,None,,,         ,Eric,Laury,Clear,Angle,no,no,no,no,yes,False
103004299,METROPOLITAN NASHVILLE POLICE DEPT,20210321544,Davidson,Nashville,6/11/2021 3:50:00 PM,2,0,0,36.154340,-86.796990,18TH AVN,,,,127.00,Feet,North,HAYES ST,,,,0.00,N,Not at Intersection,N,Non-Junction,None,,,         ,Dakota,Davis,Clear,Angle,no,no,no,no,yes,False
103004303,METROPOLITAN NASHVILLE POLICE DEPT,20210321641,Davidson,Nashville,6/11/2021 6:16:00 PM,2,0,0,36.162060,-86.760720,I 24,,,,0.00,,,,,,,49.35,N,Not at Intersection,N,Non-Junction,None,,,         ,Randy,Puckett,Clear,Angle,no,no,no,no,yes,False
103004304,METROPOLITAN NASHVILLE POLICE DEPT,20210321169,Davidson,Nashville,6/11/2021 12:00:00 AM,2,0,0,36.142230,-86.710380,I 40,,,,0.00,,,,,,,214.20,N,Not at Intersection, ,Non-Junction,None,,,         ,Adam,Gartner,Cloudy,Front to Rear,no,no,no,no,no,False
103004306,METROPOLITAN NASHVILLE POLICE DEPT,20210321502,Davidson,Nashville,6/11/2021 6:10:00 PM,2,1,0,36.044810,-86.662200,BELL RD,,,,200.00,Feet,West,CANE RIDGE RD,,,,0.00,N,Not at Intersection,N,Non-Junction,None,,,         ,Keith,Parlato,Cloudy,Front to Rear,no,no,no,no,no,False
103004307,METROPOLITAN NASHVILLE POLICE DEPT,20210321359,Davidson,Nashville,6/11/2021 4:25:00 PM,2,0,0,36.180920,-86.835200,LEAWOOD DR,,,,652.00,Feet,North,VIKING RD,,,,0.00,N,Not at Intersection, ,Non-Junction,None,,,         ,Craig,Paschetti,Cloudy,Not Collision with Motor Vehicle in Transport,no,no,no,no,yes,False
103004319,METROPOLITAN NASHVILLE POLICE DEPT,20210321660,Davidson,Nashville,6/11/2021 7:45:00 PM,2,2,0,36.038320,-86.783700,OLD HICKORY BLVD,,,,92.00,Feet,West,I65 S EXT RAMP,,,,0.00,N,Not at Intersection,N,Non-Junction,None,,,         ,Douglas,Sykes,Clear,Front to Rear,no,no,no,no,no,False
103004348,METROPOLITAN NASHVILLE POLICE DEPT,20210321710,Davidson,Nashville,6/11/2021 8:05:00 PM,2,1,0,36.183260,-86.748610,GALLATIN AV,,,,35.00,Feet,South,W EASTLAND AV,,,,0.00,N,Not at Intersection,Y,Non-Junction,None,,,         ,Ciara,Doherty,Clear,Front to Rear,no,no,no,no,yes,False
103004362,METROPOLITAN NASHVILLE POLICE DEPT,20210321633,Davidson,Not in City Limit,6/11/2021 7:33:00 PM,1,0,0,36.285360,-86.895950,EATONS CREEK RD,,,,1232.00,Feet,South,GRAYS POINT RD,,,,0.00,N,Not at Intersection,N,Non-Junction,None,,,         ,Chad,Connors,Clear,Not Collision with Motor Vehicle in Transport,no,no,no,no,no,False
103004363,METROPOLITAN NASHVILLE POLICE DEPT,20210321479,Davidson,Nashville,6/11/2021 5:20:00 PM,2,0,0,36.192880,-86.623830,JUAREZ DR,,,,0.00,,,LEBANON PKE,,,,0.00,Y,Four-Way, ,Intersection,None,,,         ,Christian,Vanders,Clear,Angle,no,no,no,no,no,False
103004376,METROPOLITAN NASHVILLE POLICE DEPT,20210321726,Davidson,Nashville,6/11/2021 4:10:00 PM,2,0,0,36.081330,-86.758340,TROUSDALE DR,,,,83.00,Feet,North,HARDING PL,,,,0.00,N,Not at Intersection, ,Non-Junction,None,,,         ,Brady,Reynolds,Cloudy,"Sideswipe, Same Direction",no,no,no,no,no,False
103004386,METROPOLITAN NASHVILLE POLICE DEPT,20210321600,Davidson,Nashville,6/11/2021 7:13:00 PM,2,0,0,36.044840,-86.662950,BELL RD,,,,421.00,Feet,West,CANE RIDGE RD,,,,0.00,N,Not at Intersection,N,Non-Junction,None,,,         ,Robert,Higgins,Clear,Angle,no,no,no,no,yes,False
103004394,METROPOLITAN NASHVILLE POLICE DEPT,20210321442,Davidson,Nashville,6/11/2021 4:20:00 PM,3,0,0,36.163640,-86.819570,I 40,,,,0.00,,,,,,,206.40,N,Not at Intersection,N,Non-Junction,None,,,         ,Rachel,Susee,Cloudy,Angle,no,no,no,no,no,False
103004396,METROPOLITAN NASHVILLE POLICE DEPT,20210321706,Davidson,Not in City Limit,6/11/2021 12:00:00 AM,1,1,0,36.081580,-86.967430,HIGHWAY 70S,,,,541.00,Feet,North,SADDLE RIDGE TRC,,,,0.00,N,Not at Intersection,N,Non-Junction,None,,,         ,Maria,Reynolds,Clear,Not Collision with Motor Vehicle in Transport,no,no,no,no,no,False
103004449,METROPOLITAN NASHVILLE POLICE DEPT,20210321766,Davidson,Nashville,6/11/2021 8:50:00 PM,4,2,0,36.167090,-86.802020,JACKSON ST,,,,148.00,Feet,East,BLANK ST,,,,0.00,N,Not at Intersection,N,Non-Junction,None,,,         ,Eric,McCoy,Clear,Angle,no,no,no,no,no,False
103004472,METROPOLITAN NASHVILLE POLICE DEPT,20210321793,Davidson,Nashville,6/11/2021 9:07:00 PM,1,0,0,36.070620,-86.628340,FOREST VIEW DR,,,,204.00,Feet,North,BARKSDALE LN,,,,0.00,N,Not at Intersection,N,Non-Junction,None,,,         ,Beri,Scott,Cloudy,Not Collision with Motor Vehicle in Transport,no,no,no,no,yes,False
103004482,METROPOLITAN NASHVILLE POLICE DEPT,20210321750,Davidson,Nashville,6/11/2021 8:35:00 PM,2,0,0,36.171600,-86.752310,S 10TH ST,,,,86.00,Feet,North,SHELBY AV,,,,0.00,N,Not at Intersection,N,Non-Junction,None,,,         ,Zachary,Aldrich,Clear,Front to Rear,no,no,no,yes,yes,False
103004500,VANDERBILT UNIVERSITY POLICE,20210320510,Davidson,Nashville,6/11/2021 6:29:00 AM,2,0,0,36.140910,-86.812440,VANDERBILT PL,,,,0.00,,,,,,,0.00,,Not at Intersection, ,Non-Junction,None,,,         ,De-Adrian,Brown,Cloudy,"Sideswipe, Same Direction",no,no,no,yes,no,Campus
103004539,METROPOLITAN NASHVILLE POLICE DEPT,20210322006,Davidson,Nashville,6/11/2021 11:25:00 PM,1,0,0,36.118310,-86.773720,I 65,,,,0.00,,,,,,,80.40,N,Not at Intersection,N,Non-Junction,None,,,         ,Brian,Quigley,Clear,Not Collision with Motor Vehicle in Transport,no,no,no,no,no,False
103004580,METROPOLITAN NASHVILLE POLICE DEPT,20210322147,Davidson,Nashville,6/12/2021 1:03:00 AM,2,0,0,36.162020,-86.774860,BROADWAY,,,,102.00,Feet,East,2ND AVN,,,,0.00,N,Not at Intersection, ,Non-Junction,None,,,         ,Nicolas,Pernell,Clear,Angle,no,no,no,no,no,False
103004581,METROPOLITAN NASHVILLE POLICE DEPT,20210321925,Davidson,Nashville,6/11/2021 9:42:00 PM,2,0,0,36.069820,-86.897360,HIGHWAY 100,,,,0.00,Feet,,HARPETH TRACE DR,,,,0.00,Y,T-Intersection,N,Intersection,None,,,         ,Jonathan,Phipps,Clear,Angle,no,no,no,no,no,False
103004593,METROPOLITAN NASHVILLE POLICE DEPT,20210322133,Davidson,Not in City Limit,6/12/2021 12:34:00 AM,1,0,0,36.073980,-87.011110,MCCRORY LN,,,,2284.00,Feet,East,NEWSOM STATION RD,,,,0.00,N,Not at Intersection,N,Non-Junction,None,,,         ,David,Moser,Clear,Not Collision with Motor Vehicle in Transport,no,no,no,no,no,False
103004604,METROPOLITAN NASHVILLE POLICE DEPT,20210322286,Davidson,Nashville,6/12/2021 2:19:00 AM,1,0,0,36.092220,-86.735660,NOLENSVILLE PKE,,,,339.00,Feet,North,YELTON CT,,,,0.00,N,Not at Intersection,N,Non-Junction,None,,,         ,Robert,Leverick,Clear,Not Collision with Motor Vehicle in Transport,no,no,no,no,no,False
103004641,METROPOLITAN NASHVILLE POLICE DEPT,2021-0322348,Davidson,Nashville,6/12/2021 12:00:00 AM,1,0,0,36.177210,-86.694420,BRILEY PKWYN,,,,0.00,,,BRILEY PKWYN,,,,0.00,,Not at Intersection,Y,Non-Junction,None,,,         ,Joshua,McGarvey,Cloudy,Not Collision with Motor Vehicle in Transport,no,no,no,no,no,False
103004642,METROPOLITAN NASHVILLE POLICE DEPT,20210321972,Davidson,Nashville,6/11/2021 10:30:00 PM,3,0,0,36.069820,-86.897360,HIGHWAY 100,,,,0.00,,,HARPETH TRACE DR,,,,0.00,Y,T-Intersection,N,Intersection,None,,,         ,David,Moser,Clear,Front to Rear,no,no,no,no,no,False
103004644,METROPOLITAN NASHVILLE POLICE DEPT,20210309037,Davidson,Nashville,6/5/2021 2:36:00 AM,2,0,0,36.166120,-86.766060,SHELBY AV,,,,125.00,Feet,West,I24 E ENT RAMP,,,,0.00,N,Not at Intersection,N,OtherLocation,None,,,         ,Kelcey,Bell,Clear,Other,no,no,no,yes,yes,False
103004659,THP District 3 - Nashville,321039089,Davidson,Not in City Limit,6/11/2021 6:56:00 PM,2,0,0,36.046680,-86.661610,I 24,,,,0.00,,,,,,,59.25,N,Not at Intersection, ,Non-Junction,None,,,         ,Rory,Comardelle,Cloudy,Front to Rear,no,no,no,no,no,False
103004662,METROPOLITAN NASHVILLE POLICE DEPT,20210322365,Davidson,Not in City Limit,6/12/2021 4:12:00 AM,1,0,0,36.277310,-86.728970,N GRAYCROFT AV,,,,291.00,Feet,North,E CAMPBELL RD,,,,0.00,N,Not at Intersection,N,Non-Junction,None,,,         ,Derrick,Toney,Clear,Not Collision with Motor Vehicle in Transport,no,no,no,no,yes,False
103004671,METROPOLITAN NASHVILLE POLICE DEPT,20210322346,Davidson,Nashville,6/12/2021 3:08:00 AM,1,0,0,36.165390,-86.768590,S 2ND ST,,,,24.00,Feet,East,VICTORY AV,,,,0.00,N,Not at Intersection,N,OtherLocation,Construction Zone,Other,Activity Area,         ,Kelcey,Bell,Clear,Not Collision with Motor Vehicle in Transport,no,no,no,no,yes,False
103004712,METROPOLITAN NASHVILLE POLICE DEPT,2021-032478,Davidson,Nashville,6/12/2021 5:55:00 AM,2,0,0,36.068770,-86.683540,ANTIOCH PKE,,,,154.00,Feet,South,RICHARDS RD,,,,0.00,N,Not at Intersection,N,Non-Junction,None,,,         ,Harrison,Nearn,Clear,Angle,no,no,no,no,yes,False
103004744,METROPOLITAN NASHVILLE POLICE DEPT,20210322484,Davidson,Nashville,6/12/2021 7:18:00 AM,3,2,0,36.084160,-86.705890,HARDING PL,,,,0.00,,,LINBAR DR,,,,0.00,Y,Four-Way,N,Intersection,None,,,         ,Eric,Burford,Clear,Angle,no,no,no,no,no,False
103004756,METROPOLITAN NASHVILLE POLICE DEPT,20210322529,Davidson,Nashville,6/12/2021 8:15:00 AM,2,0,0,36.120540,-86.750020,I440 E ENT RAMP,,,,0.00,Feet,East,NOLENSVILLE PKE,,,,0.00,N,Not at Intersection, ,Non-Junction,None,,,         ,Cecelia,Brown,Clear,Front to Rear,no,no,no,no,no,False
103004788,METROPOLITAN NASHVILLE POLICE DEPT,20210322466,Davidson,Nashville,6/12/2021 5:00:00 AM,1,0,0,36.152990,-86.759760,GREEN ST,,,,177.00,Feet,West,MAURY ST,,,,0.00,N,Not at Intersection,N,Non-Junction,None,,,         ,Eric,Cunningham,Clear,Not Collision with Motor Vehicle in Transport,no,no,no,yes,yes,False
103004790,METROPOLITAN NASHVILLE POLICE DEPT,20210322589,Davidson,Nashville,6/12/2021 8:43:00 AM,1,0,0,36.161470,-86.820590,I 40,,,,0.00,,,,,,,206.20,N,Not at Intersection,N,Non-Junction,None,,,         ,Tyler,Adcock,Clear,Not Collision with Motor Vehicle in Transport,no,no,no,no,no,False
103004792,METROPOLITAN NASHVILLE POLICE DEPT,20210322621,Davidson,Not in City Limit,6/12/2021 10:00:00 AM,2,1,0,36.283960,-86.784980,BRICK CHURCH PKE,,,,126.00,Feet,North,AUTUMN RIDGE DR,,,,0.00,N,Not at Intersection,N,Non-Junction,None,,,         ,Joshua,Goepper,Clear,Front to Rear,no,no,no,no,no,False
103004805,METROPOLITAN NASHVILLE POLICE DEPT,20210322634,Davidson,Nashville,6/12/2021 10:52:00 AM,2,0,0,36.081620,-86.688060,SPANN CT,,,,142.00,Feet,South,ANTIOCH PKE,,,,0.00,N,Not at Intersection, ,,None,,,         ,Michael,Hones,,,no,no,no,no,no,False
103004807,METROPOLITAN NASHVILLE POLICE DEPT,20210321118,Davidson,Antioch,6/11/2021 2:16:00 PM,3,0,0,36.026440,-86.588360,MURFREESBORO PKE,,,,0.00,,,HICKORY WOODS DR,,,,0.00,Y,T-Intersection,N,Non-Junction,None,,,         ,Steven,Williams,Clear,Front to Rear,no,no,no,no,yes,False
103004810,METROPOLITAN NASHVILLE POLICE DEPT,20210322660,Davidson,Nashville,6/12/2021 10:40:00 AM,2,0,0,36.168910,-86.775330,JAMES ROBERTSON PARKWAY,,,,1.00,Miles,West,,,US,,0.01,N,Not at Intersection, ,Non-Junction,None,,,         ,Daniel,Russett,Clear,"Sideswipe, Same Direction",no,no,no,no,no,False
103004846,METROPOLITAN NASHVILLE POLICE DEPT,20210322707,Davidson,Nashville,6/12/2021 11:38:00 AM,1,1,0,36.069640,-86.694350,HAYWOOD LN,,,,131.00,Feet,West,EZELL RD,,,,0.00,N,Not at Intersection,N,Non-Junction,None,,,         ,Michael,Hones,Clear,Not Collision with Motor Vehicle in Transport,yes,no,no,no,yes,False
103004855,METROPOLITAN NASHVILLE POLICE DEPT,20210322687,Davidson,Not in City Limit,6/12/2021 11:18:00 AM,2,0,0,36.323650,-86.865830,I 24,,,,0.00,,,,,,,35.05,N,Not at Intersection, ,Non-Junction,None,,,         ,James,Wray,Clear,Front to Rear,no,no,no,no,no,False
103004866,METROPOLITAN NASHVILLE POLICE DEPT,20210322749,Davidson,Nashville,6/12/2021 12:20:00 PM,2,1,0,36.135810,-86.885150,BROOK HOLLOW RD,,,,0.00,,,CHARLOTTE PKE,,,,0.00,Y,Four-Way,N,Intersection,None,,,         ,Bradley,Pope,Clear,Angle,no,no,no,no,no,False
103004884,METROPOLITAN NASHVILLE POLICE DEPT,20210322765,Davidson,Nashville,6/12/2021 12:30:00 PM,1,0,0,36.144970,-86.709960,ELM HILL PKE,,,,321.00,Feet,East,METCOM CENTER PVTDR,,,,0.00,N,Not at Intersection,N,Non-Junction,None,,,         ,Eric,Cunningham,Clear,Not Collision with Motor Vehicle in Transport,no,no,no,no,yes,False
103004890,METROPOLITAN NASHVILLE POLICE DEPT,2021-0322731,Davidson,Nashville,6/12/2021 10:00:00 AM,2,0,0,36.045510,-86.662850,CANE RIDGE RD,,,,474.00,Feet,West,BELL RD,,,,0.00,N,Not at Intersection, ,Non-Junction,None,,,         ,Harrison,Nearn,Clear,"Sideswipe, Opposite Direction",no,no,no,yes,no,False
103004918,METROPOLITAN NASHVILLE POLICE DEPT,20210322648,Davidson,Nashville,6/12/2021 10:29:00 AM,2,0,0,36.129600,-86.698280,KIPLING DR,,,,505.00,Feet,North,KIPLING DR,,,,0.00,N,Not at Intersection, ,Non-Junction,None,,,         ,Terry,Denton,Clear,Angle,no,no,no,no,no,False
103004919,METROPOLITAN NASHVILLE POLICE DEPT,20210322805,Davidson,Nashville,6/12/2021 11:25:00 AM,2,0,0,36.075430,-86.634960,BELL RD,,,,260.00,Feet,North,ANDERSON RD,,,,0.00,N,Not at Intersection,N,Non-Junction,None,,,         ,MIchael,Mihajlov,Clear,"Sideswipe, Same Direction",no,no,no,no,yes,False
103004929,METROPOLITAN NASHVILLE POLICE DEPT,300 KERN DR,Davidson,Nashville,6/12/2021 10:38:00 AM,2,0,0,36.081840,-86.721140,KERN DR,,,,0.00,,,,,,,0.00,,,N,Non-Junction,None,,,         ,Martin,Brown,Clear,Angle,no,no,no,yes,yes,False
103004930,METROPOLITAN NASHVILLE POLICE DEPT,20210322716,Davidson,Not in City Limit,6/12/2021 11:16:00 AM,2,0,0,36.323650,-86.865830,I 24,,,,0.00,,,,,,,35.05,N,Not at Intersection,N,Non-Junction,None,,,         ,James,Wray,Clear,Front to Rear,no,no,no,no,no,False
103004941,METROPOLITAN NASHVILLE POLICE DEPT,20210322840,Davidson,Nashville,6/12/2021 1:55:00 PM,1,0,0,36.134020,-86.722550,MURFREESBORO PKE,,,,3.00,Feet,East,PLUS PARK BLVD,,,,0.00,N,Not at Intersection,N,Non-Junction,None,,,         ,Patrick,Lancaster,Clear,Not Collision with Motor Vehicle in Transport,no,no,no,yes,yes,False
103004952,METROPOLITAN NASHVILLE POLICE DEPT,20210322690,Davidson,Nashville,6/12/2021 12:00:00 AM,2,0,0,36.074030,-86.630320,TWIN CIRCLE DR,,,,138.00,Feet,North,FOREST TRACE DR,,,,0.00,N,Not at Intersection,N,Non-Junction,None,,,         ,Joshua,Belk,Cloudy,Rear to Rear,no,no,no,no,no,False
103004982,METROPOLITAN NASHVILLE POLICE DEPT,20210322835,Davidson,Nashville,6/12/2021 1:52:00 PM,2,2,0,36.168390,-86.860510,CENTENNIAL BLVD,,,,0.00,Feet,West,62ND AVN,,,,0.00,N,Not at Intersection,N,Non-Junction,None,,,         ,Gerry,Hutcheson,Clear,Angle,no,no,no,no,no,False
103005005,METROPOLITAN NASHVILLE POLICE DEPT,20210322599,Davidson,Nashville,6/12/2021 9:24:00 AM,2,0,0,36.248100,-86.721550,DUE WEST AVW,,,,355.00,Feet,West,GALLATIN PKES,,,,0.00,N,Not at Intersection,N,OtherLocation,None,,,         ,Chase,Carter,Clear,Angle,no,no,no,no,yes,False