master_record_number,agency,agency_tracking_number,county,city,collision_date,vehicles_involved,number_injured,number_dead,latitude,longitude,roadway_name,roadway_suffix,roadway_number,roadway_local_id,distance_from_reference,miles-feet_indicator,direction_from_reference,intersection_road_name,intersection_road_name_suffix,intersection_road_number,intersection_local_id,mile_marker,intersection_indicator,intersect_type,interchange_related_indicator,relation_to_junction,work_zone_type,construction_maintenance_zone,construction_maintenance_zone_location,fatal_case_number,officer_first_name,officer_last_name,weather_condition(s),manner_of_crash,pedestrian,bicycle,scooter,parking,hitrun,mou
103006676,METROPOLITAN NASHVILLE POLICE DEPT,20210326096,Davidson,Nashville,6/14/2021 1:00:00 PM,1,0,0,36.106680,-86.814660,ABBOTT MARTIN RD,,,,380.00,Feet,North,HILLSBORO PKE,,,,0.00,N,Not at Intersection, ,,None,,,         ,Peyton,Wheatley,,,no,no,no,yes,no,False
103006710,METROPOLITAN NASHVILLE POLICE DEPT,20210324753,Davidson,Not in City Limit,6/13/2021 6:57:00 PM,2,3,0,36.256880,-86.714110,GALLATIN PKES,,,,144.00,Feet,South,HARRINGTON AV,,,,0.00,N,Not at Intersection,N,Non-Junction,None,,,         ,Bradley,Campbell,Clear,Angle,no,no,no,no,no,False
103006717,METROPOLITAN NASHVILLE POLICE DEPT,20210326213,Davidson,Nashville,6/14/2021 3:10:00 PM,2,1,0,36.142590,-86.815500,WEST END AV,,,,0.00,,,31ST AVN,,,,0.00,Y,T-Intersection,N,Intersection-Related,None,,,         ,laina,herod,Clear,Angle,no,no,no,no,no,Campus
103006730,METROPOLITAN NASHVILLE POLICE DEPT,20210326264,Davidson,Nashville,6/14/2021 3:24:00 PM,2,0,0,36.150030,-86.810440,25TH AVN,,,,425.00,Feet,North,CENTENNIAL PARK PVTDR,,,,0.00,N,Not at Intersection, ,Non-Junction,None,,,         ,Travis,Pemberton,Clear,Angle,no,no,no,no,no,False
103006739,METROPOLITAN NASHVILLE POLICE DEPT,20210326308,Davidson,Nashville,6/14/2021 3:59:00 PM,2,0,0,36.045800,-86.654030,HICKORY HOLLOW PKWY,,,,304.00,Feet,South,HICKORY HOLLOW LN,,,,0.00,N,Not at Intersection,N,Non-Junction,None,,,         ,Beri,Scott,Clear,Angle,no,no,no,no,yes,False
103006751,METROPOLITAN NASHVILLE POLICE DEPT,20210326307,Davidson,Nashville,6/14/2021 4:01:00 PM,3,1,0,36.202500,-86.820480,BUENA VISTA PKE,,,,0.00,,,W TRINITY LN,,,,0.00,Y,T-Intersection,Y,Intersection,None,,,         ,Chase,Harriman,Clear,Angle,no,no,no,no,no,False
103006754,METROPOLITAN NASHVILLE POLICE DEPT,20210326229,Davidson,Nashville,6/14/2021 2:18:00 PM,2,0,0,36.171430,-86.769040,JAMES ROBERTSON PKWY,,,,0.00,,,INTERSTATE DR,,,,0.00,Y,Four-Way,N,Intersection,None,,,         ,Tyler,Shanks,Clear,Angle,no,no,no,no,yes,False
103006755,METROPOLITAN NASHVILLE POLICE DEPT,20210326267,Davidson,Nashville,6/14/2021 3:05:00 PM,2,0,0,36.109140,-86.811880,HILLSBORO PKE,,,,0.00,,,CRESTMOOR RD,,,,0.00,Y,T-Intersection,N,Intersection,None,,,         ,Douglas,Atwood,Clear,"Sideswipe, Same Direction",no,no,no,no,no,False
103006756,METROPOLITAN NASHVILLE POLICE DEPT,20210326131,Davidson,Nashville,6/14/2021 2:04:00 PM,2,1,0,36.170270,-86.772860,JAMES ROBERTSON PKWY,,,,0.00,,,MAIN ST,,,,0.00,Y,Four-Way,N,Non-Junction,None,,,         ,Michael,Douglas,Clear,Angle,no,no,no,no,no,False
103006758,METROPOLITAN NASHVILLE POLICE DEPT,20210326300,Davidson,Nashville,6/14/2021 3:15:00 PM,1,0,0,36.129630,-86.778250,8TH AVS,,,,322.00,Feet,South,PRENTICE AV,,,,0.00,N,Not at Intersection,N,Non-Junction,None,,,         ,Dakota,Davis,Clear,Not Collision with Motor Vehicle in Transport,no,no,no,no,no,False
103006765,METROPOLITAN NASHVILLE POLICE DEPT,20210326239,Davidson,Nashville,6/14/2021 11:46:00 AM,2,0,0,36.193210,-86.687160,BRILEY PKWYN,,,,282.00,Feet,North,BRILEY PKWY N ENT RAMP,,,,0.00,N,Not at Intersection, ,Non-Junction,None,,,         ,Douglas,Mann,Clear,"Sideswipe, Same Direction",no,no,no,no,no,False
103006786,METROPOLITAN NASHVILLE POLICE DEPT,20210317544,Davidson,Nashville,6/9/2021 10:17:00 PM,1,2,0,36.141790,-86.782680,EDGEHILL AV,,,,481.00,Feet,West,9TH AVS,,,,0.00,N,Not at Intersection,N,Non-Junction,None,,,         ,Ryan,Allen,Clear,Not Collision with Motor Vehicle in Transport,no,no,no,no,no,False
103006799,METROPOLITAN NASHVILLE POLICE DEPT,20210326397,Davidson,Nashville,6/14/2021 12:00:00 AM,2,0,0,36.197840,-86.634850,PLANTATION DR,,,,151.00,Feet,South,BONNAMEADE DR,,,,0.00,N,Not at Intersection,N,OtherLocation,None,,,         ,Keenan,McCann,Clear,"Sideswipe, Same Direction",no,no,no,no,no,False
103006800,METROPOLITAN NASHVILLE POLICE DEPT,20210326410,Davidson,Nashville,6/14/2021 5:10:00 PM,2,1,0,36.216720,-86.692400,MCGAVOCK PKE EB ENT RAMP,,,,0.00,Feet,East,MCGAVOCK PKE WB EXT RAMP,,,,0.00,N,Not at Intersection,N,Non-Junction,None,,,         ,Christopher,Beery,Clear,Front to Rear,no,no,no,no,no,False
103006838,METROPOLITAN NASHVILLE POLICE DEPT,20210326366,Davidson,Nashville,6/14/2021 4:15:00 PM,2,0,0,36.237970,-86.738660,BRILEY PKWYE,,,,119.00,Feet,West,BRILEY PKWY E ENT RAMP,,,,0.00,N,Not at Intersection,N,Non-Junction,None,,,         ,Flynn,Ireland,Clear,"Sideswipe, Same Direction",no,no,no,no,yes,False
103006839,BERRY HILL POLICE DEPT,21-1795,Davidson,Berry Hill,6/14/2021 12:00:00 AM,2,0,0,36.119910,-86.776070,GALE LN,,,,0.00,,,,,,,0.00,,, ,Non-Junction,None,,,         ,John,Gleixner,Clear,"Sideswipe, Same Direction",no,no,no,yes,yes,False
103006840,METROPOLITAN NASHVILLE POLICE DEPT,20210326311,Davidson,Nashville,6/14/2021 4:02:00 PM,2,0,0,36.241080,-86.755400,BRILEY PKWYE,,,,0.00,,,I65 S EXT RAMP,,,,0.00,Y,Y-Intersection, ,Entrance/Exit Ramp Related,None,,,         ,Christopher,Littles,Clear,"Sideswipe, Same Direction",no,no,no,no,no,False
103006841,METROPOLITAN NASHVILLE POLICE DEPT,20210326355,Davidson,Not in City Limit,6/14/2021 4:01:00 PM,2,0,0,36.267940,-86.703410,N DUPONT AV,,,,0.00,,,DELAWARE AV,,,,0.00,Y,T-Intersection,N,Intersection,None,,,         ,Christopher,Littles,Clear,Angle,no,no,no,no,no,False
103006842,METROPOLITAN NASHVILLE POLICE DEPT,20210326459,Davidson,Nashville,6/14/2021 4:16:00 PM,2,0,0,36.248880,-86.702900,IDLEWILD PL,,,,292.00,Feet,East,IDLEWILD CT,,,,0.00,N,Not at Intersection, ,,None,,,         ,Christopher,Littles,,,no,no,no,no,no,False
103006869,METROPOLITAN NASHVILLE POLICE DEPT,20210326449,Davidson,Nashville,6/14/2021 5:25:00 PM,2,2,0,36.180940,-86.800060,I 65,,,,0.00,,,,,,,86.00,N,Not at Intersection,N,Non-Junction,None,,,         ,Craig,Paschetti,Clear,Front to Rear,no,no,no,no,no,False
103006874,METROPOLITAN NASHVILLE POLICE DEPT,20210326247,Davidson,Nashville,6/14/2021 2:00:00 PM,2,0,0,36.149340,-86.774420,I 40,,,,0.00,,,,,,,210.10,N,Not at Intersection,N,Non-Junction,None,,,         ,James,Hill,Clear,Angle,no,no,no,no,yes,False
103006875,METROPOLITAN NASHVILLE POLICE DEPT,20210326348,Davidson,Nashville,6/14/2021 4:20:00 PM,2,0,0,36.141960,-86.665830,I40 W EXT RAMP,,,,0.00,Feet,East,I 40,,,,0.00,N,Not at Intersection,N,Non-Junction,None,,,         ,Christopher,Beery,Clear,Front to Rear,no,no,no,no,yes,False
103006876,METROPOLITAN NASHVILLE POLICE DEPT,20210326593,Davidson,Nashville,6/14/2021 4:30:00 PM,2,0,0,36.058880,-86.920480,HIGHWAY 100,,,,0.00,,,WILLOUGHBY WAY,,,,0.00,Y,OTHER, ,Unknown,None,,,         ,Ryan,Potts,Clear,Unknown,no,no,no,yes,yes,False
103006877,METROPOLITAN NASHVILLE POLICE DEPT,20210326380,Davidson,Nashville,6/14/2021 4:47:00 PM,1,0,0,36.232370,-86.701200,BRILEY PKWYE,,,,308.00,Feet,North,BRILEY PKWYS,,,,0.00,N,Not at Intersection,N,Non-Junction,None,,,         ,Douglas,Mann,Clear,Not Collision with Motor Vehicle in Transport,no,no,no,no,no,False
103006878,METROPOLITAN NASHVILLE POLICE DEPT,20210326587,Davidson,Nashville,6/14/2021 7:06:00 PM,2,0,0,36.075070,-86.722620,FLORA MAXWELL RD,,,,427.00,Feet,North,NOLENSVILLE PKE,,,,0.00,N,Not at Intersection,N,Non-Junction,None,,,         ,Austin,Binner,Clear,Angle,no,no,no,no,yes,False
103006886,METROPOLITAN NASHVILLE POLICE DEPT,20210326457,Davidson,Nashville,6/14/2021 5:20:00 PM,2,0,0,36.180940,-86.800060,I 65,,,,0.00,,,,,,,86.00,N,Not at Intersection, ,Non-Junction,None,,,         ,Craig,Paschetti,Clear,Angle,no,no,no,no,no,False
103006891,METROPOLITAN NASHVILLE POLICE DEPT,20210326595,Davidson,Not in City Limit,6/14/2021 7:06:00 PM,2,0,0,36.269260,-86.755740,OLD HICKORY BLVDW,,,,0.00,,,DICKERSON PKE,,,,0.00,Y,Four-Way, ,Intersection,None,,,         ,Christopher,Littles,Clear,Angle,no,no,no,no,no,False
103006897,METROPOLITAN NASHVILLE POLICE DEPT,20210326399,Davidson,Nashville,6/14/2021 4:45:00 PM,2,0,0,36.145500,-86.626190,BELL RD,,,,0.00,,,LINCOYA BAY DR,,,,0.00,Y,Four-Way,N,Intersection,None,,,         ,Theodore,Flick,Clear,Angle,no,no,no,no,yes,False
103006898,METROPOLITAN NASHVILLE POLICE DEPT,20210326584,Davidson,Nashville,6/14/2021 7:00:00 PM,1,1,0,36.167220,-86.787030,JAMES ROBERTSON PKWY,,,,40.00,Feet,East,ROSA L PARKS BLVD,,,,0.00,N,Not at Intersection,N,Non-Junction,None,,,         ,Brent,Morris,Clear,Not Collision with Motor Vehicle in Transport,no,no,no,no,no,False
103006911,METROPOLITAN NASHVILLE POLICE DEPT,20210326598,Davidson,Nashville,6/14/2021 7:08:00 PM,1,1,0,36.234180,-86.625660,OLD HICKORY BLVD,,,,140.00,Feet,South,MONTCHANIN RD,,,,0.00,N,Not at Intersection,N,Non-Junction,None,,,         ,Cheri,Cox,Clear,Not Collision with Motor Vehicle in Transport,no,no,no,no,no,False
103006921,VANDERBILT UNIVERSITY POLICE,20210326259,Davidson,Nashville,6/14/2021 3:15:00 PM,2,0,0,36.140400,-86.796790,18TH AVS,,,,0.00,,,,,,,0.00,,, ,Non-Junction,None,,,         ,Shaneithia,Lewis,Clear,Rear to Side,no,no,no,yes,no,Campus
103006928,METROPOLITAN NASHVILLE POLICE DEPT,20210326435,Davidson,Nashville,6/14/2021 5:25:00 PM,2,0,0,36.218210,-86.837120,CLARKSVILLE PKE,,,,108.00,Feet,South,KINGS LN,,,,0.00,N,Not at Intersection, ,Non-Junction,None,,,         ,Sandra,Fly,Clear,Front to Rear,no,no,no,no,yes,False
103006930,METROPOLITAN NASHVILLE POLICE DEPT,20210326690,Davidson,Nashville,6/14/2021 8:34:00 PM,2,0,0,36.222810,-86.725820,GREENLAND AV,,,,0.00,,,GALLATIN PKE,,,,0.00,Y,T-Intersection, ,Intersection,None,,,         ,Adam,Warren,Clear,Angle,no,no,no,no,no,False
103006935,METROPOLITAN NASHVILLE POLICE DEPT,20210326631,Davidson,Nashville,6/14/2021 7:43:00 PM,2,0,0,36.046220,-86.657680,BELL RD,,,,80.00,Feet,East,COLLINS PARK DR,,,,0.00,N,Not at Intersection, ,Non-Junction,None,,,         ,Robert,Higgins,Clear,Front to Rear,no,no,no,no,no,False
103006937,METROPOLITAN NASHVILLE POLICE DEPT,20210326365,Davidson,Nashville,6/14/2021 4:35:00 PM,3,1,0,36.116067,-86.789724,I 440 E 4 3,,,,0.00,,East,,,,,4.30,N,Not at Intersection,N,Non-Junction,None,,,         ,Matthew,Hogan,Clear,Front to Rear,no,no,no,no,no,False
103006940,METROPOLITAN NASHVILLE POLICE DEPT,20210326687,Davidson,Not in City Limit,6/14/2021 8:27:00 PM,1,0,0,36.273750,-86.776340,BRICK CHURCH PKE,,,,1469.00,Feet,South,VALLEY TRL,,,,0.00,N,Not at Intersection,N,Non-Junction,None,,,         ,Christopher,Littles,Clear,Not Collision with Motor Vehicle in Transport,no,no,no,no,no,False
103006946,METROPOLITAN NASHVILLE POLICE DEPT,20210326603,Davidson,Nashville,6/14/2021 7:17:00 PM,3,3,0,36.081620,-86.760220,HARDING PL,,,,471.00,Feet,East,TROUSDALE DR,,,,0.00,N,Not at Intersection,N,Non-Junction,None,,,         ,Tyler,Shanks,Clear,Angle,no,no,no,no,yes,False
103006947,METROPOLITAN NASHVILLE POLICE DEPT,20210326729,Davidson,Nashville,6/14/2021 8:21:00 PM,2,0,0,36.151720,-86.757670,FAIN ST,,,,89.00,Feet,East,LEWIS ST,,,,0.00,N,Not at Intersection,N,Non-Junction,None,,,         ,Douglas,Mann,Clear,Not Collision with Motor Vehicle in Transport,no,no,no,no,yes,False
103006950,METROPOLITAN NASHVILLE POLICE DEPT,20210326672,Davidson,Nashville,6/14/2021 7:28:00 PM,1,0,0,36.090400,-86.701060,METROPLEX DR,,,,53.00,Feet,West,PARAGON MILLS RD,,,,0.00,N,Not at Intersection,N,Non-Junction,None,,,         ,Beri,Scott,Clear,Not Collision with Motor Vehicle in Transport,no,no,no,yes,yes,False
103006952,METROPOLITAN NASHVILLE POLICE DEPT,20210326637,Davidson,Nashville,6/14/2021 6:56:00 PM,2,0,0,36.168540,-86.600330,OLD HICKORY BLVD,,,,0.00,Feet,East,MILLS RD,,,,0.00,N,Not at Intersection,N,Non-Junction,None,,,         ,Tessa,Garcia,Clear,Angle,no,no,no,no,no,False
103006953,METROPOLITAN NASHVILLE POLICE DEPT,20210326632,Davidson,Nashville,6/14/2021 7:45:00 PM,2,1,0,36.177200,-86.754010,MAIN ST,,,,411.00,Feet,West,FINN ST,,,,0.00,N,Not at Intersection,N,Non-Junction,None,,,         ,Kelsey,Hemminger,Clear,Front to Rear,no,no,no,no,no,False
103006956,METROPOLITAN NASHVILLE POLICE DEPT,20210326737,Davidson,Nashville,6/14/2021 9:03:00 PM,2,0,0,36.143890,-86.813970,WEST END AV,,,,98.00,Feet,North,30TH AVN,,,,0.00,N,Not at Intersection, ,Non-Junction,None,,,         ,Travis,Pemberton,Clear,"Sideswipe, Same Direction",no,no,no,no,no,Campus
103007006,METROPOLITAN NASHVILLE POLICE DEPT,20210326660,Davidson,Nashville,6/14/2021 4:30:00 PM,1,1,0,36.246550,-86.760740,DICKERSON PKE,,,,0.00,,,,,,,0.00,,,N,Non-Junction,None,,,         ,Chase,Harriman,Clear,Not Collision with Motor Vehicle in Transport,yes,no,no,yes,yes,False
103007024,METROPOLITAN NASHVILLE POLICE DEPT,20210326811,Davidson,Nashville,6/14/2021 10:20:00 PM,2,1,0,36.164800,-86.767890,S 2ND ST,,,,21.00,Feet,South,SHELBY AV,,,,0.00,N,Not at Intersection,N,Non-Junction,None,,,         ,Brent,Morris,Clear,Front to Rear,no,no,no,no,no,False
103007052,METROPOLITAN NASHVILLE POLICE DEPT,20210326848,Davidson,Nashville,6/14/2021 8:50:00 AM,2,0,0,36.238400,-86.757760,DICKERSON PKE,,,,274.00,Feet,South,I65 S ENT RAMP,,,,0.00,N,Not at Intersection,N,Non-Junction,None,,,         ,Nathan,Sizemore,Clear,"Sideswipe, Same Direction",no,no,no,no,yes,False
103007062,METROPOLITAN NASHVILLE POLICE DEPT,20210326930,Davidson,Nashville,6/14/2021 11:32:00 PM,2,0,0,36.122190,-86.704980,MURFREESBORO PKE,,,,140.00,Feet,North,KERMIT DR,,,,0.00,N,Not at Intersection, ,OtherLocation,None,,,         ,Corey,Ethridge,Clear,Other,no,no,no,yes,no,False
103007069,METROPOLITAN NASHVILLE POLICE DEPT,20210326976,Davidson,Nashville,6/15/2021 1:02:00 AM,1,0,0,36.189590,-86.830870,RIVER DR,,,,386.00,Feet,East,HAILEY AV,,,,0.00,N,Not at Intersection,N,Non-Junction,None,,,         ,Joshua,Asbell,Clear,Not Collision with Motor Vehicle in Transport,no,no,no,no,yes,False
103007077,METROPOLITAN NASHVILLE POLICE DEPT,20210326999,Davidson,Nashville,6/15/2021 1:30:00 AM,1,0,0,36.181480,-86.772220,BERRY ST,,,,11.00,Feet,East,JOSEPH AV,,,,0.00,N,Not at Intersection,N,Non-Junction,None,,,         ,Jarrett,Ipox,Clear,Not Collision with Motor Vehicle in Transport,no,no,no,no,yes,False
103007091,METROPOLITAN NASHVILLE POLICE DEPT,20210326977,Davidson,Nashville,6/15/2021 12:00:00 AM,2,1,0,36.150810,-86.865080,I 40,,,,0.00,,,,,,,203.50,N,Not at Intersection,N,Non-Junction,None,,,         ,Theodore,Meskers,Clear,"Sideswipe, Same Direction",no,no,no,no,no,False
103007114,METROPOLITAN NASHVILLE POLICE DEPT,20210326913,Davidson,Nashville,6/14/2021 11:40:00 PM,2,0,0,36.130290,-86.899940,CHARLOTTE PKE,,,,0.00,,,I40 W EXT RAMP,,,,0.00,Y,T-Intersection,N,Intersection,None,,,         ,Lynsey,Fish,Clear,Front to Rear,no,no,no,no,no,False
103007115,METROPOLITAN NASHVILLE POLICE DEPT,20210327005,Davidson,Not in City Limit,6/15/2021 12:59:00 AM,3,0,0,36.086380,-86.943880,STACY SQUARE CT,,,,346.00,Feet,West,GEORGE E HORN RD,,,,0.00,N,Not at Intersection, ,Non-Junction,None,,,         ,Lynsey,Fish,Clear,Angle,no,no,no,yes,no,False
103007128,METROPOLITAN NASHVILLE POLICE DEPT,20210327115,Davidson,Nashville,6/15/2021 3:58:00 AM,1,0,0,36.193170,-86.803180,ROSA L PARKS BLVD,,,,405.00,Feet,West,LAKE FRONT OFFICE PARK PVTDR,,,,0.00,N,Not at Intersection,N,Non-Junction,None,,,         ,Dakota,Vermillion,Clear,Not Collision with Motor Vehicle in Transport,no,no,no,no,yes,False
103007131,METROPOLITAN NASHVILLE POLICE DEPT,20210327108,Davidson,Nashville,6/15/2021 3:50:00 AM,1,0,0,36.011840,-86.620350,MUCI DR,,,,211.00,Feet,East,HOBSON DR,,,,0.00,N,Not at Intersection,N,Non-Junction,Unknown,,,         ,Robert,Leverick,Clear,Unknown,no,no,no,yes,no,False
103007207,METROPOLITAN NASHVILLE POLICE DEPT,20210327177,Davidson,Nashville,6/15/2021 12:00:00 AM,1,0,0,36.121550,-86.921850,OLD CHARLOTTE PKE,,,,355.00,Feet,East,OLD HICKORY BLVD,,,,0.00,N,Not at Intersection,N,Non-Junction,None,,,         ,Lynsey,Fish,Clear,Not Collision with Motor Vehicle in Transport,no,no,no,no,yes,False
103007211,VANDERBILT UNIVERSITY POLICE,20210326091,Davidson,Nashville,6/14/2021 1:28:00 PM,2,0,0,36.107940,-86.763560,POWELL AV,,,,0.00,,,,,,,0.00,,, ,Non-Junction,None,,,         ,Charles,Stevens,Clear,Rear to Side,no,no,no,yes,no,OHO
103007213,METROPOLITAN NASHVILLE POLICE DEPT,20210327291,Davidson,Nashville,6/15/2021 7:20:00 AM,2,1,0,36.148280,-86.779280,I 40,,,,0.00,,,,,,,209.80,N,Not at Intersection,Y,Entrance/Exit Ramp Related,None,,,         ,Earl,Davis,Clear,Front to Rear,no,no,no,no,no,False
103007239,METROPOLITAN NASHVILLE POLICE DEPT,20210327278,Davidson,Nashville,6/15/2021 7:00:00 AM,2,1,0,36.171330,-86.870920,BRILEY PKWY S EXT RAMP,,,,0.00,Feet,East,CENTENNIAL BLVD,,,,0.00,N,Not at Intersection,N,Entrance/Exit Ramp Related,None,,,         ,Douglas,Atwood,Clear,Front to Rear,no,no,no,no,no,False
103007254,METROPOLITAN NASHVILLE POLICE DEPT,20210327254,Davidson,Nashville,6/15/2021 6:49:00 AM,1,2,0,36.214340,-86.764260,DICKERSON PKE,,,,148.00,Feet,North,ROCK ST,,,,0.00,N,Not at Intersection,N,Non-Junction,None,,,         ,Jarret,Sonnenberg,Clear,Not Collision with Motor Vehicle in Transport,no,no,no,no,no,False
103007265,METROPOLITAN NASHVILLE POLICE DEPT,20210327249,Davidson,Not in City Limit,6/15/2021 12:00:00 AM,1,0,0,36.077660,-86.986680,I 40,,,,0.00,,,,,,,194.40,N,Not at Intersection,N,Non-Junction,None,,,         ,Andrew,Anoskey,Unknown,Not Collision with Motor Vehicle in Transport,no,no,no,no,yes,False
103007266,METROPOLITAN NASHVILLE POLICE DEPT,20210327393,Davidson,Nashville,6/15/2021 8:05:00 AM,2,0,0,36.137490,-86.775860,I 65,,,,0.00,,,,,,,81.65,N,Not at Intersection,N,Non-Junction,None,,,         ,Earl,Davis,Clear,Front to Rear,no,no,no,no,no,False
103007285,METROPOLITAN NASHVILLE POLICE DEPT,20210326059,Davidson,Nashville,6/14/2021 1:14:00 PM,2,1,0,36.154160,-86.770150,2ND AVS,,,,0.00,,,ELM ST,,,,0.00,Y,T-Intersection,N,Intersection,None,,,         ,Joshua,Reece,Clear,Angle,no,no,no,no,no,False
103007296,METROPOLITAN NASHVILLE POLICE DEPT,20210327422,Davidson,Antioch,6/15/2021 8:54:00 AM,4,3,0,36.051827,-86.616072,MURFREESBORO,PIKE,US41,,1000.00,Feet,North,PINHOOK,RD,,,0.00,N,Not at Intersection,N,Non-Junction,None,,,         ,Joe,Hooper,Clear,Front to Rear,no,no,no,no,no,False
103007302,METROPOLITAN NASHVILLE POLICE DEPT,20210327417,Davidson,Nashville,6/15/2021 8:48:00 AM,2,0,0,36.064790,-86.628480,HAMILTON CHURCH RD,,,,0.00,,,MURFREESBORO PKE,,,,0.00,Y,Four-Way,N,Intersection-Related,None,,,         ,Gregory,Dixon,Clear,"Sideswipe, Same Direction",no,no,no,no,no,False
103007303,METROPOLITAN NASHVILLE POLICE DEPT,20210327497,Davidson,Nashville,6/15/2021 9:40:00 AM,2,0,0,36.170630,-86.768580,INTERSTATE DR,,,,93.00,Feet,North,WOODLAND ST,,,,0.00,N,Not at Intersection, ,Non-Junction,None,,,         ,Joshua,Goepper,Clear,"Sideswipe, Same Direction",no,no,no,no,no,False
103007305,METROPOLITAN NASHVILLE POLICE DEPT,20210327444,Davidson,Nashville,6/15/2021 7:51:00 AM,2,0,0,36.160760,-86.793690,14TH AVN,,,,0.00,,,CHARLOTTE AV,,,,0.00,Y,Four-Way, ,Intersection,None,,,         ,Earl,Davis,Clear,"Sideswipe, Same Direction",no,no,no,no,no,False
103007314,METROPOLITAN NASHVILLE POLICE DEPT,20210327534,Davidson,Nashville,6/15/2021 10:05:00 AM,2,1,0,36.135420,-86.726740,I 24,,,,0.00,,,,,,,52.05,N,Not at Intersection,N,Non-Junction,None,,,         ,Michael,Dance,Clear,Front to Rear,no,no,no,no,no,False
103007335,METROPOLITAN NASHVILLE POLICE DEPT,20210327477,Davidson,Nashville,6/15/2021 8:54:00 AM,4,0,0,36.137810,-86.820680,WEST END AV,,,,90.00,Feet,North,I440 W EXT RAMP,,,,0.00,N,Not at Intersection,N,Non-Junction,None,,,         ,Earl,Davis,Clear,Front to Rear,no,no,no,no,no,False
103007355,METROPOLITAN NASHVILLE POLICE DEPT,20210327557,Davidson,Nashville,6/15/2021 10:13:00 AM,2,0,0,36.213280,-86.775620,I 65,,,,0.00,,,,,,,87.80,N,Not at Intersection, ,Non-Junction,None,,,         ,William,Coy,Clear,Front to Rear,no,no,no,no,no,False
103007357,METROPOLITAN NASHVILLE POLICE DEPT,20210327322,Davidson,Nashville,6/15/2021 7:45:00 AM,2,0,0,36.157420,-86.760420,I 24,,,,0.00,,,,,,,49.60,N,Not at Intersection, ,Non-Junction,None,,,         ,Derek,Garcia,Clear,Front to Rear,no,no,no,no,no,False
103007383,METROPOLITAN NASHVILLE POLICE DEPT,20210327652,Davidson,Nashville,6/15/2021 11:22:00 AM,1,0,0,36.151550,-86.767540,CARROLL ST,,,,30.00,Feet,East,1ST AVS,,,,0.00,N,Not at Intersection,N,Non-Junction,None,,,         ,Michael,Dance,Clear,Not Collision with Motor Vehicle in Transport,no,no,no,no,yes,False
103007384,METROPOLITAN NASHVILLE POLICE DEPT,20210327716,Davidson,Nashville,6/15/2021 11:23:00 AM,2,0,0,36.151330,-86.768370,I40 E EXT RAMP,,,,0.00,,,I 40,,,,0.00,Y,OTHER,N,Entrance/Exit Ramp Related,None,,,         ,Michael,Dance,Clear,Angle,no,no,no,no,no,False
103007387,METROPOLITAN NASHVILLE POLICE DEPT,20210327564,Davidson,Nashville,6/15/2021 9:55:00 AM,2,0,0,36.074260,-86.921700,HIGHWAY 70S,,,,85.00,Feet,East,OLD HARDING PKE,,,,0.00,N,Not at Intersection, ,Non-Junction,None,,,         ,Andrew,Anoskey,Clear,Angle,no,no,no,no,no,False
103007400,METROPOLITAN NASHVILLE POLICE DEPT,20210327452,Davidson,Nashville,6/15/2021 6:50:00 AM,2,0,0,36.121460,-86.921140,OLD CHARLOTTE PKE,,,,567.00,Feet,East,OLD HICKORY BLVD,,,,0.00,N,Not at Intersection,N,Non-Junction,None,,,         ,Timothy,Lehnert,Clear,Angle,no,no,no,no,no,False
103007414,METROPOLITAN NASHVILLE POLICE DEPT,20210327692,Davidson,Nashville,6/15/2021 11:45:00 AM,2,2,0,36.152760,-86.826740,CHARLOTTE AV,,,,12.00,Feet,West,35TH AVN,,,,0.00,N,Not at Intersection,N,Non-Junction,None,,,         ,Douglas,Atwood,Clear,Front to Rear,no,no,no,no,no,False
103007419,METROPOLITAN NASHVILLE POLICE DEPT,20210327782,Davidson,Nashville,6/15/2021 12:43:00 PM,2,0,0,36.139350,-86.819100,WEST END AV,,,,0.00,,,MURPHY RD,,,,0.00,Y,Four-Way, ,,None,,,         ,Earl,Davis,,,no,no,no,no,no,False
103007422,METROPOLITAN NASHVILLE POLICE DEPT,20210327690,Davidson,Nashville,6/15/2021 11:43:00 AM,1,1,0,36.164860,-86.767910,S 2ND ST,,,,0.00,,,SHELBY AV,,,,0.00,Y,Four-Way,N,Intersection,None,,,         ,Joshua,Reece,Clear,Not Collision with Motor Vehicle in Transport,no,yes,no,no,yes,False
103007445,METROPOLITAN NASHVILLE POLICE DEPT,20210327790,Davidson,Antioch,6/15/2021 12:37:00 PM,2,0,0,36.059801,-86.614300,MT VIEW,RD,,,0.00,,,COTTAGE VIEW,LN,,,0.00,Y,T-Intersection, ,Non-Junction,None,,,         ,Joe,Hooper,Clear,Angle,no,no,no,no,no,False
103007500,METROPOLITAN NASHVILLE POLICE DEPT,20210327860,Davidson,Nashville,6/15/2021 1:08:00 PM,2,0,0,36.134130,-86.776400,WEDGEWOOD AV,,,,0.00,,,I65 S ENT RAMP,,,,0.00,Y,Four-Way,Y,Intersection,None,,,         ,Earl,Davis,Clear,Angle,no,no,no,no,no,False