master_record_number,agency,agency_tracking_number,county,city,collision_date,vehicles_involved,number_injured,number_dead,latitude,longitude,roadway_name,roadway_suffix,roadway_number,roadway_local_id,distance_from_reference,miles-feet_indicator,direction_from_reference,intersection_road_name,intersection_road_name_suffix,intersection_road_number,intersection_local_id,mile_marker,intersection_indicator,intersect_type,interchange_related_indicator,relation_to_junction,work_zone_type,construction_maintenance_zone,construction_maintenance_zone_location,fatal_case_number,officer_first_name,officer_last_name,weather_condition(s),manner_of_crash,pedestrian,bicycle,scooter,parking,hitrun,mou
103008270,METROPOLITAN NASHVILLE POLICE DEPT,20210329702,Davidson,Nashville,6/16/2021 12:14:00 PM,2,0,0,36.146580,-86.759020,LEWIS ST,,,,6.00,Feet,North,HUBBARD ST,,,,0.00,N,Not at Intersection, ,Non-Junction,None,,,         ,Neil,Wolfe,Clear,Angle,no,no,no,no,no,False
103008272,METROPOLITAN NASHVILLE POLICE DEPT,20210329614,Davidson,Nashville,6/16/2021 11:10:00 AM,2,0,0,36.145160,-86.871860,CHARLOTTE PKE,,,,366.00,Feet,North,AMERICAN RD,,,,0.00,N,Not at Intersection, ,Non-Junction,None,,,         ,Michael,Pyle,Clear,Front to Rear,no,no,no,no,yes,False
103008316,METROPOLITAN NASHVILLE POLICE DEPT,20210329765,Davidson,Nashville,6/16/2021 12:23:00 PM,2,0,0,36.159590,-86.796300,CHARLOTTE AV,,,,12.00,Feet,West,16TH AVN,,,,0.00,N,Not at Intersection, ,,None,,,         ,Jordan,Vrbas,,,no,no,no,no,no,False
103008334,METROPOLITAN NASHVILLE POLICE DEPT,20210329746,Davidson,Nashville,6/16/2021 12:40:00 PM,2,0,0,36.125910,-86.811150,WOODLAWN DR,,,,88.00,Feet,West,27TH AVS,,,,0.00,N,Not at Intersection, ,Non-Junction,None,,,         ,Tony,Folad,Clear,Angle,no,no,no,no,no,False
103008343,METROPOLITAN NASHVILLE POLICE DEPT,20210329777,Davidson,Nashville,6/16/2021 1:10:00 PM,3,1,0,36.142300,-86.742830,MURFREESBORO PKE,,,,0.00,,,POLK AV,,,,0.00,Y,T-Intersection,N,Intersection,None,,,         ,Michael,Dance,Clear,Angle,no,no,no,no,no,False
103008350,METROPOLITAN NASHVILLE POLICE DEPT,20210329751,Davidson,Nashville,6/16/2021 12:00:00 AM,2,0,0,36.233140,-86.758660,MAPLEWOOD TRC,,,,0.00,Feet,East,DICKERSON PKE,,,,0.00,N,Not at Intersection,N,Non-Junction,None,,,         ,Matthew,Herod,Clear,Angle,no,no,no,no,no,False
103008363,METROPOLITAN NASHVILLE POLICE DEPT,20210329785,Davidson,Nashville,6/16/2021 1:16:00 PM,2,1,0,36.110280,-86.766860,POWELL AV,,,,260.00,Feet,South,OLD POWELL AV,,,,0.00,N,Not at Intersection,N,Non-Junction,None,,,         ,Gregory,Rdzok,Clear,Angle,no,no,no,no,no,False
103008365,METROPOLITAN NASHVILLE POLICE DEPT,20210329422,Davidson,Nashville,6/16/2021 10:00:00 AM,1,1,0,36.205700,-86.737090,GALLATIN PKE,,,,167.00,Feet,South,ELVIRA AV,,,,0.00,N,Not at Intersection,N,Non-Junction,None,,,         ,Michael,Agee,Clear,Not Collision with Motor Vehicle in Transport,no,no,no,no,no,False
103008375,METROPOLITAN NASHVILLE POLICE DEPT,20210329818,Davidson,Nashville,6/16/2021 1:45:00 PM,2,0,0,36.061520,-86.681170,I 24,,,,0.00,,,,,,,57.70,N,Not at Intersection, ,Non-Junction,None,,,         ,Thomas,White,Clear,Not Collision with Motor Vehicle in Transport,no,no,no,no,no,False
103008380,METROPOLITAN NASHVILLE POLICE DEPT,20210329771,Davidson,Not in City Limit,6/16/2021 1:07:00 PM,2,0,0,36.323020,-86.860970,I 24,,,,0.00,,,,,,,35.35,N,Not at Intersection, ,Non-Junction,None,,,         ,James,Wray,Clear,"Sideswipe, Same Direction",no,no,no,no,no,False
103008391,METROPOLITAN NASHVILLE POLICE DEPT,20210329783,Davidson,Nashville,6/16/2021 1:17:00 PM,3,1,0,36.190890,-86.615190,OLD HICKORY BLVD,,,,0.00,,,OLD LEBANON DIRT RD,,,,0.00,Y,Four-Way,N,Intersection,None,,,         ,Michael,Brooks,Clear,Angle,no,no,no,no,no,False
103008393,METROPOLITAN NASHVILLE POLICE DEPT,20210329604,Davidson,Nashville,6/16/2021 11:43:00 AM,1,0,0,36.256060,-86.777140,BRICK CHURCH PKE,,,,541.00,Feet,South,BELLE ARBOR DR,,,,0.00,N,Not at Intersection,N,Non-Junction,None,,,         ,Michael,McCord,Clear,Not Collision with Motor Vehicle in Transport,no,no,no,no,no,False
103008445,METROPOLITAN NASHVILLE POLICE DEPT,20210329878,Davidson,Nashville,6/16/2021 2:14:00 PM,1,0,0,36.049390,-86.775270,I 65,,,,0.00,,,,,,,75.40,N,Not at Intersection,N,Non-Junction,None,,,         ,Cherell,Kinchloe,Clear,Not Collision with Motor Vehicle in Transport,no,no,no,no,no,False
103008469,METROPOLITAN NASHVILLE POLICE DEPT,20210313042,Davidson,Nashville,6/7/2021 3:07:00 PM,2,0,0,36.215400,-86.588510,TULIP GROVE RD,,,,0.00,,,BIG HORN DR,,,,0.00,Y,Four-Way, ,,None,,,         ,Ivan,Vega,,,no,no,no,no,no,False
103008470,METROPOLITAN NASHVILLE POLICE DEPT,20210313158,Davidson,Lakewood,6/7/2021 5:42:00 PM,1,0,0,36.236820,-86.631830,CLIFTON CT,,,,165.00,Feet,South,LEGION DR,,,,0.00,N,Not at Intersection, ,,None,,,         ,Ivan,Vega,,,no,no,no,no,no,False
103008487,METROPOLITAN NASHVILLE POLICE DEPT,20210329468,Davidson,Nashville,6/16/2021 10:20:00 AM,1,0,0,36.213990,-86.764380,DICKERSON PKE,,,,15.00,Feet,North,ROCK ST,,,,0.00,N,Not at Intersection,N,Non-Junction,None,,,         ,Jarret,Sonnenberg,,Not Collision with Motor Vehicle in Transport,no,no,no,no,no,False
103008514,METROPOLITAN NASHVILLE POLICE DEPT,20210329852,Davidson,Nashville,6/16/2021 1:55:00 PM,3,1,0,36.232510,-86.758760,DICKERSON PKE,,,,232.00,Feet,South,MAPLEWOOD TRC,,,,0.00,N,Not at Intersection,N,Non-Junction,None,,,         ,Edward,Holden,Clear,Other,no,no,no,no,no,False
103008518,METROPOLITAN NASHVILLE POLICE DEPT,20210329815,Davidson,Nashville,6/16/2021 1:39:00 PM,2,0,0,36.154890,-86.779150,8TH AVS,,,,0.00,,,8TH AVS,,,,0.00,Y,Roundabout, ,Non-Junction,None,,,         ,Michael,Douglas,Clear,Front to Rear,no,no,no,no,yes,False
103008519,METROPOLITAN NASHVILLE POLICE DEPT,20210329937,Davidson,Nashville,6/16/2021 12:14:00 PM,2,0,0,36.190520,-86.746840,W GREENWOOD AV,,,,95.00,Feet,East,BAILEY ST,,,,0.00,N,Not at Intersection, ,Non-Junction,None,,,         ,Randy,Puckett,Clear,Front to Rear,no,no,no,no,no,False
103008520,THP District 9 - Administrative,321039753,Davidson,Nashville,6/14/2021 5:39:00 PM,2,0,0,36.124990,-86.752200,NOLENSVILLE PKE,,,,0.00,,,ROSEDALE AV,,,,0.00,Y,Four-Way, ,Non-Junction,None,,,         ,Angie,Crawford,Clear,"Sideswipe, Same Direction",no,no,no,no,no,False
103008524,GOODLETTSVILLE POLICE DEPT,21-16100,Davidson,Goodlettsville,6/16/2021 2:19:00 PM,2,0,0,36.306130,-86.694090,CONFERENCE DR,,,,97.00,Feet,North,CONNECTING ROAD,,,,0.00,N,Not at Intersection,N,Non-Junction,None,,,         ,William,Hunter,Clear,Front to Rear,no,no,no,no,no,False
103008545,METROPOLITAN NASHVILLE POLICE DEPT,20210322386,Davidson,Nashville,6/12/2021 4:43:00 AM,1,0,1,36.102820,-86.922210,OLD HICKORY BLVD,,,,1118.00,Feet,South,BELLE VALLEY DR,,,,0.00,N,Not at Intersection,N,Non-Junction,None,,,         ,Christopher,Augustin,Clear,Not Collision with Motor Vehicle in Transport,no,no,no,no,no,False
103008546,METROPOLITAN NASHVILLE POLICE DEPT,20210329875,Davidson,Nashville,6/16/2021 2:15:00 PM,2,1,0,36.106110,-86.813720,HILLSBORO PKE,,,,103.00,Feet,North,ABBOTT MARTIN RD,,,,0.00,N,Not at Intersection,N,Non-Junction,None,,,         ,Michael,Pyle,Clear,Angle,no,no,no,no,no,False
103008550,METROPOLITAN NASHVILLE POLICE DEPT,20210329921,Davidson,Nashville,6/16/2021 2:36:00 PM,3,1,0,36.107480,-86.725090,NEESE DR,,,,714.00,Feet,East,I24 E ENT RAMP,,,,0.00,N,Not at Intersection,N,Non-Junction,None,,,         ,YUNUS,ADAK,Clear,Angle,no,no,no,no,no,False
103008557,METROPOLITAN NASHVILLE POLICE DEPT,20210330025,Davidson,Nashville,6/16/2021 3:36:00 PM,2,1,0,36.250420,-86.784450,I 24,,,,0.00,,,,,,,42.55,N,Not at Intersection,N,Non-Junction,None,,,         ,Alec,Pellissier,Clear,"Sideswipe, Same Direction",no,no,no,no,yes,False
103008564,METROPOLITAN NASHVILLE POLICE DEPT,20210330000,Davidson,Nashville,6/16/2021 3:10:00 PM,2,0,0,36.148780,-86.782130,I 40,,,,0.00,,,,,,,209.65,N,Not at Intersection,N,Non-Junction,None,,,         ,laina,herod,Clear,"Sideswipe, Same Direction",no,no,no,no,yes,False
103008571,VANDERBILT UNIVERSITY POLICE,20210330093,Davidson,Nashville,6/11/2021 12:00:00 AM,2,0,0,36.139350,-86.805660,CHILDRENS WAY,,,,0.00,,,,,,,0.00,,, ,Non-Junction,None,,,         ,Shaneithia,Lewis,Clear,Unknown,no,no,no,yes,yes,Campus
103008576,METROPOLITAN NASHVILLE POLICE DEPT,20210329949,Davidson,Nashville,6/16/2021 3:00:00 PM,3,1,0,36.163570,-86.793850,I40 E EXT RAMP,,,,0.00,Feet,East,I 40,,,,0.00,N,Not at Intersection,N,Non-Junction,None,,,         ,Hendrik,Kruger,Cloudy,Front to Rear,no,no,no,no,no,False
103008588,METROPOLITAN NASHVILLE POLICE DEPT,20210330078,Davidson,Nashville,6/16/2021 12:00:00 AM,2,1,0,36.139830,-86.666180,I40 E ENT RAMP,,,,0.00,Feet,East,DONELSON PKE,,,,0.00,N,Not at Intersection,Y,Entrance/Exit Ramp Related,None,,,         ,Adam,Gartner,Clear,Angle,no,no,no,no,no,False
103008593,METROPOLITAN NASHVILLE POLICE DEPT,20210330127,Davidson,Not in City Limit,6/16/2021 4:13:00 PM,2,0,0,36.264070,-86.690290,STATE RT 45,,,,0.00,,,MYATT DR,,,,0.00,Y,Four-Way, ,,None,,,         ,Christopher,Littles,,,no,no,no,no,no,False
103008594,METROPOLITAN NASHVILLE POLICE DEPT,20210329894,Davidson,Nashville,6/16/2021 2:38:00 PM,2,0,0,36.171850,-86.768540,I 24,,,,0.00,,,,,,,48.30,N,Not at Intersection,N,Non-Junction,None,,,         ,Russell,Ward,Clear,Front to Rear,no,no,no,no,no,False
103008610,METROPOLITAN NASHVILLE POLICE DEPT,20210330117,Davidson,Nashville,6/16/2021 4:12:00 PM,2,0,0,36.150150,-86.857950,CHARLOTTE PKE,,,,0.00,Feet,,WHITE BRIDGE PKE,,,,0.00,Y,Four-Way,N,Intersection-Related,None,,,         ,Matthew,Mrowiec,Clear,Front to Rear,no,no,no,no,no,False
103008652,METROPOLITAN NASHVILLE POLICE DEPT,20210330210,Davidson,Not in City Limit,6/16/2021 12:00:00 AM,2,0,0,36.264100,-86.724180,OLD HICKORY BLVDW,,,,0.00,Feet,,HERITAGE DR,,,,0.00,Y,Four-Way,N,Intersection-Related,None,,,         ,Zachary,Smith,Clear,Angle,no,no,no,no,no,False
103008653,METROPOLITAN NASHVILLE POLICE DEPT,20210330251,Davidson,Not in City Limit,6/16/2021 5:50:00 PM,2,1,0,36.071120,-86.947080,TODD PREIS DR,,,,0.00,,,SAWYER BROWN RD,,,,0.00,Y,Traffic Circle,N,Intersection,None,,,         ,Ryan,Papp,Clear,Angle,no,no,no,no,no,False
103008654,METROPOLITAN NASHVILLE POLICE DEPT,20210330142,Davidson,Nashville,6/16/2021 4:44:00 PM,2,0,0,36.152950,-86.789760,DEMONBREUN ST,,,,457.00,Feet,West,MUSIC CIRE,,,,0.00,N,Not at Intersection,N,Non-Junction,None,,,         ,laina,herod,Clear,Angle,no,no,no,no,no,False
103008658,METROPOLITAN NASHVILLE POLICE DEPT,20210330242,Davidson,Nashville,6/16/2021 5:50:00 PM,3,1,0,36.048480,-86.654160,BELL RD,,,,623.00,Feet,East,HICKORY HOLLOW MALL PVTDR PL,,,,0.00,N,Not at Intersection,N,Non-Junction,None,,,         ,John,McDonnell,Clear,Front to Rear,no,no,no,no,no,False
103008660,METROPOLITAN NASHVILLE POLICE DEPT,20210330218,Davidson,Nashville,6/16/2021 4:18:00 PM,2,0,0,36.195970,-86.717190,PORTER RD,,,,0.00,,,STRATFORD AV,,,,0.00,Y,Four-Way,N,Intersection,None,,,         ,Jason,Milyaro Lucas,Clear,Angle,no,no,no,no,no,False
103008667,METROPOLITAN NASHVILLE POLICE DEPT,20210330269,Davidson,Nashville,6/16/2021 4:18:00 PM,2,0,0,36.086950,-86.693460,HARDING PL,,,,409.00,Feet,West,ANTIOCH PKE,,,,0.00,N,Not at Intersection,N,Non-Junction,None,,,         ,Eric,Laury,Clear,Angle,no,no,no,no,no,False
103008668,METROPOLITAN NASHVILLE POLICE DEPT,20210330205,Davidson,Nashville,6/16/2021 5:35:00 PM,2,0,0,36.130230,-86.900140,I40 W EXT RAMP,,,,62.00,Feet,West,CHARLOTTE PKE,,,,0.00,N,Not at Intersection,N,Entrance/Exit Ramp Related,None,,,         ,Jeremy,Huffine,Clear,Front to Rear,no,no,no,no,no,False
103008671,VANDERBILT UNIVERSITY POLICE,20210328599,Davidson,Nashville,6/15/2021 9:15:00 PM,2,1,0,36.145270,-86.811930,WEST END AV,,,,0.00,Feet,,28TH AVS,,,,0.00,Y,Four-Way,N,Intersection,None,,,         ,Frank,Marsua,Clear,Other,no,no,no,no,no,Campus
103008672,METROPOLITAN NASHVILLE POLICE DEPT,20210330034,Davidson,Nashville,6/16/2021 3:37:00 PM,2,1,0,36.124070,-86.812100,I440 E EXT RAMP,,,,24.00,Feet,West,I 440,,,,0.00,N,Not at Intersection,N,Non-Junction,None,,,         ,Thomas,Vasquez,Clear,Front to Rear,no,no,no,no,no,False
103008675,METROPOLITAN NASHVILLE POLICE DEPT,20210330161,Davidson,Not in City Limit,6/16/2021 5:00:00 PM,2,0,0,36.276670,-86.806060,OLD HICKORY BLVD,,,,835.00,Feet,West,BLEVINS RD,,,,0.00,N,Not at Intersection, ,,None,,,         ,Paxton,Montgomery,,,no,no,no,no,no,False
103008679,METROPOLITAN NASHVILLE POLICE DEPT,20210330220,Davidson,Nashville,6/16/2021 5:40:00 PM,2,3,0,36.251080,-86.711640,EMMITT AV,,,,0.00,,,GALLAVISTA AV,,,,0.00,Y,T-Intersection,N,Intersection,None,,,         ,Christopher,Littles,Clear,Angle,no,no,no,no,no,False
103008680,METROPOLITAN NASHVILLE POLICE DEPT,20210330350,Davidson,Nashville,6/16/2021 5:53:00 PM,2,0,0,36.244670,-86.762060,SKYLINE COMMONS PVTDR,,,,318.00,Feet,South,DOVERSIDE DR,,,,0.00,N,Not at Intersection,N,Non-Junction,None,,,         ,Christopher,Littles,Clear,Rear to Side,no,no,no,no,yes,False
103008684,METROPOLITAN NASHVILLE POLICE DEPT,20210330275,Davidson,Goodlettsville,6/16/2021 5:20:00 PM,2,0,0,36.288050,-86.725400,I 65,,,,0.00,,,,,,,94.00,N,Not at Intersection,N,Non-Junction,None,,,         ,Philip,Claibourne,Clear,"Sideswipe, Same Direction",no,no,no,no,yes,False
103008692,METROPOLITAN NASHVILLE POLICE DEPT,20210330240,Davidson,Nashville,6/16/2021 5:17:00 PM,2,0,0,36.041700,-86.748620,OLD HICKORY BLVD,,,,0.00,,,COPPERFIELD WAY,,,,0.00,Y,T-Intersection, ,Intersection-Related,None,,,         ,Thomas,Vasquez,Clear,Front to Rear,no,no,no,no,yes,False
103008715,METROPOLITAN NASHVILLE POLICE DEPT,20210330062,Davidson,Nashville,6/16/2021 12:00:00 AM,2,2,0,36.048040,-86.713580,NOLENSVILLE PKE,,,,275.00,Feet,South,HICKORYVIEW DR,,,,0.00,N,Not at Intersection,N,Non-Junction,None,,,         ,Kristopher,Sharpe,Clear,Angle,no,no,no,no,no,False
103008726,METROPOLITAN NASHVILLE POLICE DEPT,20210330272,Davidson,Nashville,6/16/2021 5:17:00 PM,2,0,0,36.238780,-86.630010,OLD HICKORY BLVD,,,,0.00,,,LAKESHORE DR,,,,0.00,Y,OTHER,N,Crossover-Related,None,,,         ,Ivan,Vega,Clear,Front to Rear,no,no,no,no,no,False
103008730,METROPOLITAN NASHVILLE POLICE DEPT,20210330431,Davidson,Nashville,6/16/2021 5:27:00 PM,2,0,0,36.069240,-86.689450,I 24,,,,0.00,,,,,,,57.00,N,Not at Intersection,N,Non-Junction,None,,,         ,Matthew,Swindell,Clear,"Sideswipe, Same Direction",no,no,no,no,yes,False
103008731,METROPOLITAN NASHVILLE POLICE DEPT,20210330227,Davidson,Not in City Limit,6/16/2021 5:41:00 PM,2,1,0,36.296930,-86.888180,CLARKSVILLE PKE,,,,3.00,Feet,North,BEAR HOLLOW RD,,,,0.00,N,Not at Intersection,N,Non-Junction,None,,,         ,Paxton,Montgomery,Clear,Front to Rear,no,no,no,no,no,False
103008735,METROPOLITAN NASHVILLE POLICE DEPT,20210330500,Davidson,Nashville,6/16/2021 8:09:00 PM,2,1,0,36.238630,-86.766320,OAKVIEW DR,,,,407.00,Feet,South,VAILVIEW DR,,,,0.00,N,Not at Intersection,N,Non-Junction,None,,,         ,Christopher,Littles,Clear,"Sideswipe, Opposite Direction",no,no,no,no,yes,False
103008744,METROPOLITAN NASHVILLE POLICE DEPT,20210330513,Davidson,Nashville,6/16/2021 8:40:00 PM,2,0,0,36.150690,-86.769860,I40 E EXT RAMP,,,,0.00,Feet,East,I 40,,,,0.00,N,Not at Intersection,N,Non-Junction,None,,,         ,James,Hill,Clear,Angle,no,no,no,no,yes,False
103008749,METROPOLITAN NASHVILLE POLICE DEPT,20210330073,Davidson,Nashville,6/16/2021 3:59:00 PM,2,2,0,36.080250,-86.685560,ANTIOCH PKE,,,,61.00,Feet,South,FRANKLIN LIMESTONE RD,,,,0.00,N,Not at Intersection,N,Non-Junction,None,,,         ,Cressie,Prill,Clear,HeadOn,no,no,no,no,no,False
103008788,METROPOLITAN NASHVILLE POLICE DEPT,20210330484,Davidson,Nashville,6/16/2021 8:23:00 PM,2,2,0,36.254720,-86.715510,GALLATIN PKES,,,,133.00,Feet,South,MADISON BLVD,,,,0.00,N,Not at Intersection,N,Non-Junction,None,,,         ,David,Harms,Clear,Front to Rear,no,no,no,no,yes,False
103008796,METROPOLITAN NASHVILLE POLICE DEPT,20210330537,Davidson,Nashville,6/16/2021 8:55:00 PM,2,0,0,36.153960,-86.818220,28TH AVN,,,,0.00,Feet,East,CHARLOTTE AV,,,,0.00,N,Not at Intersection,N,Non-Junction,None,,,         ,Hendrik,Kruger,Clear,Angle,no,no,no,no,no,False
103008812,METROPOLITAN NASHVILLE POLICE DEPT,20210330610,Davidson,Nashville,6/16/2021 10:10:00 PM,1,0,0,36.098360,-86.924570,OLD HICKORY BLVD,,,,0.00,,,,,,,0.00,,,N,Non-Junction,None,,,         ,Eric,Westbrook,Clear,Not Collision with Motor Vehicle in Transport,no,no,no,yes,yes,False
103008831,METROPOLITAN NASHVILLE POLICE DEPT,20210330586,Davidson,Nashville,6/16/2021 9:09:00 PM,2,0,0,36.125790,-86.765870,BRANSFORD AV,,,,0.00,,,CRAIGHEAD ST,,,,0.00,Y,Four-Way,N,Intersection,None,,,         ,Alex,Gibson,Clear,HeadOn,no,no,no,no,yes,False
103008843,METROPOLITAN NASHVILLE POLICE DEPT,202103299321,Davidson,Nashville,6/16/2021 2:20:00 PM,2,0,0,36.142330,-86.709750,I 40,,,,0.00,,,,,,,214.20,N,Not at Intersection,N,Non-Junction,None,,,         ,Donovan,Coble,,Front to Rear,no,no,no,no,no,False
103008844,WILLIAMSON CO SHERIFFS OFFICE,2115009,Davidson,Nashville,6/16/2021 9:25:00 PM,1,0,0,36.024510,-86.881540,HILLSBORO RD,,,,929.00,Feet,West,SUNNYSIDE DR,,,,0.00,N,Not at Intersection, ,Non-Junction,None,,,         ,Chris,Giannoulis,Clear,Not Collision with Motor Vehicle in Transport,no,no,no,no,no,False
103008857,METROPOLITAN NASHVILLE POLICE DEPT,20210330747,Davidson,Not in City Limit,6/16/2021 11:48:00 PM,1,0,0,36.336440,-86.910730,I 24,,,,0.00,,,,,,,32.45,N,Not at Intersection, ,,None,,,         ,Joshua,Asbell,,,no,no,no,no,no,False
103008866,METROPOLITAN NASHVILLE POLICE DEPT,20210330867,Davidson,Nashville,6/17/2021 1:01:00 AM,2,0,0,36.077140,-86.641460,MURFREESBORO PKE,,,,0.00,Feet,,DOVER GLEN DR,,,,0.00,Y,Four-Way,N,Intersection,None,,,         ,Douglas,Meringer,Clear,Front to Rear,no,no,no,no,yes,False
103008870,METROPOLITAN NASHVILLE POLICE DEPT,20210330895,Davidson,Nashville,6/17/2021 1:22:00 AM,2,2,0,36.077140,-86.641460,MURFREESBORO PKE,,,,0.00,,,DOVER GLEN DR,,,,0.00,Y,Four-Way,N,Intersection,None,,,         ,Douglas,Meringer,Clear,Angle,no,no,no,no,no,False
103008873,METROPOLITAN NASHVILLE POLICE DEPT,20210330849,Davidson,Nashville,6/17/2021 12:43:00 AM,2,0,0,36.153960,-86.757350,I 40,,,,0.00,,,,,,,211.10,N,Not at Intersection,N,Non-Junction,None,,,         ,Dallas,Johnson,,"Sideswipe, Same Direction",no,no,no,no,yes,False
103008877,METROPOLITAN NASHVILLE POLICE DEPT,20210330869,Davidson,Nashville,6/17/2021 12:56:00 AM,2,1,0,36.086690,-86.698810,I24 W ENT RAMP,,,,0.00,,,I 24,,,,0.00,Y,OTHER,N,Entrance/Exit Ramp Related,None,,,         ,Kaleigh,Pearce,Clear,Angle,no,no,no,no,no,False
103008879,METROPOLITAN NASHVILLE POLICE DEPT,20210330884,Davidson,Nashville,6/17/2021 12:40:00 AM,1,0,0,36.164990,-86.799940,16TH AVN,,,,24.00,Feet,North,DESHA ST,,,,0.00,N,Not at Intersection, ,Non-Junction,None,,,         ,Thomas,Clingan,Clear,Not Collision with Motor Vehicle in Transport,no,no,no,no,yes,False
103008910,METROPOLITAN NASHVILLE POLICE DEPT,20210331007,Davidson,Nashville,6/17/2021 3:00:00 AM,4,0,0,36.164260,-86.779330,4TH AVN,,,,48.00,Feet,South,BANKERS ALY,,,,0.00,N,Not at Intersection,N,Non-Junction,None,,,         ,Kelly,Turcios,Clear,HeadOn,no,no,no,no,yes,False
103008911,METROPOLITAN NASHVILLE POLICE DEPT,20210331115,Davidson,Nashville,6/17/2021 5:11:00 AM,1,0,0,36.225820,-86.746330,ELLINGTON PKWYS,,,,426.00,Feet,West,ELLINGTON PKWYN,,,,0.00,N,Not at Intersection,N,Non-Junction,None,,,         ,Cody,Jaworski,Cloudy,Not Collision with Motor Vehicle in Transport,no,no,no,no,no,False
103008922,METROPOLITAN NASHVILLE POLICE DEPT,20210331072,Davidson,Nashville,6/17/2021 12:09:00 AM,2,0,0,36.077090,-86.725560,EDMONDSON PKE,,,,0.00,Feet,,WALLACE RD,,,,0.00,Y,Four-Way, ,Intersection,None,,,         ,Jacob,Snyder,Cloudy,Front to Rear,no,no,no,no,no,False
103008933,METROPOLITAN NASHVILLE POLICE DEPT,20210331110,Davidson,Not in City Limit,6/17/2021 5:02:00 AM,2,2,0,36.288680,-86.879780,CLARKSVILLE PKE,,,,197.00,Feet,North,ST LAWRENCE DR,,,,0.00,N,Not at Intersection,N,Non-Junction,None,,,         ,Brian,DeMarce,Clear,Angle,no,no,no,no,no,False
103008935,METROPOLITAN NASHVILLE POLICE DEPT,20210331194,Davidson,Nashville,6/17/2021 12:00:00 AM,1,0,0,36.082150,-86.631130,SAILBOAT DR,,,,238.00,Feet,North,SOMERSET DR,,,,0.00,N,Not at Intersection,N,Non-Junction,None,,,         ,Michael,Brooks,Unknown,Not Collision with Motor Vehicle in Transport,no,no,no,no,yes,False
103008938,METROPOLITAN NASHVILLE POLICE DEPT,20210331189,Davidson,Nashville,6/17/2021 6:30:00 AM,2,0,0,36.046560,-86.661410,I 24,,,,0.00,,,,,,,59.25,N,Not at Intersection,N,Non-Junction,None,,,         ,Joe,Hooper,Clear,Front to Rear,no,no,no,no,yes,False
103008963,METROPOLITAN NASHVILLE POLICE DEPT,20210331186,Davidson,Not in City Limit,6/16/2021 12:00:00 AM,1,0,0,35.990890,-86.643410,BURKITT RD,,,,0.64,Miles,East,WHITTEMORE LN,,,,0.00,N,Not at Intersection,N,Non-Junction,None,,,         ,James,Gilliam,Clear,Not Collision with Motor Vehicle in Transport,no,no,no,no,yes,False
103008972,METROPOLITAN NASHVILLE POLICE DEPT,20210331245,Davidson,Nashville,6/17/2021 7:41:00 AM,1,0,0,36.239030,-86.612320,RISING SUN CT,,,,262.00,Feet,North,RISING SUN TER,,,,0.00,N,Not at Intersection, ,,None,,,         ,Michael,Brooks,,,no,no,no,no,no,False
103008973,METROPOLITAN NASHVILLE POLICE DEPT,20210331178,Davidson,Nashville,6/17/2021 6:05:00 AM,2,0,0,36.151050,-86.770730,I40 W EXT RAMP,,,,0.00,,,4TH AVS,,,,0.00,Y,Four-Way, ,Intersection,None,,,         ,Earl,Davis,Clear,"Sideswipe, Same Direction",no,no,no,no,no,False
103008988,METROPOLITAN NASHVILLE POLICE DEPT,20210331251,Davidson,Nashville,6/17/2021 7:34:00 AM,2,0,0,36.143330,-86.666660,DONELSON PKE,,,,393.00,Feet,North,I40 W ENT RAMP,,,,0.00,N,Not at Intersection, ,Non-Junction,None,,,         ,Michael,Brooks,Clear,Angle,no,no,no,no,no,False
103008993,METROPOLITAN NASHVILLE POLICE DEPT,20210331335,Davidson,Nashville,6/17/2021 8:24:00 AM,2,0,0,36.158100,-86.799870,CHARLOTTE AV,,,,0.00,,,18TH AVN,,,,0.00,Y,Four-Way, ,Intersection,None,,,         ,Earl,Davis,Clear,Angle,no,no,no,no,no,False
103009006,METROPOLITAN NASHVILLE POLICE DEPT,20210331240,Davidson,Nashville,6/17/2021 7:30:00 AM,2,1,0,36.203990,-86.757820,EDWIN ST,,,,0.00,Feet,,JONES AV,,,,0.00,Y,Four-Way,Y,Intersection,None,,,         ,Jarret,Sonnenberg,Clear,Angle,no,no,no,no,no,False
103009011,METROPOLITAN NASHVILLE POLICE DEPT,20210331362,Davidson,Nashville,6/17/2021 8:46:00 AM,1,1,0,36.141540,-86.740550,MURFREESBORO PKE,,,,0.00,,,FOSTER AV,,,,0.00,Y,T-Intersection,N,Intersection-Related,None,,,         ,Joe,Hooper,Clear,Not Collision with Motor Vehicle in Transport,yes,no,no,no,yes,False
103009034,GOODLETTSVILLE POLICE DEPT,21-16169,Davidson,Goodlettsville,6/17/2021 8:33:00 AM,2,0,0,36.328100,-86.714630,NEW BRICK CHURCH PKE,,,,14.00,Feet,West,LINDBERG AV,,,,0.00,N,Not at Intersection, ,Non-Junction,None,,,         ,Benny,Alexander,Clear,Angle,no,no,no,no,no,False