master_record_number,agency,agency_tracking_number,county,city,collision_date,vehicles_involved,number_injured,number_dead,latitude,longitude,roadway_name,roadway_suffix,roadway_number,roadway_local_id,distance_from_reference,miles-feet_indicator,direction_from_reference,intersection_road_name,intersection_road_name_suffix,intersection_road_number,intersection_local_id,mile_marker,intersection_indicator,intersect_type,interchange_related_indicator,relation_to_junction,work_zone_type,construction_maintenance_zone,construction_maintenance_zone_location,fatal_case_number,officer_first_name,officer_last_name,weather_condition(s),manner_of_crash,pedestrian,bicycle,scooter,parking,hitrun,mou
103009804,METROPOLITAN NASHVILLE POLICE DEPT,20210332411,Davidson,Nashville,6/17/2021 6:23:00 PM,2,1,0,36.170820,-86.601550,OLD HICKORY BLVD,,,,0.00,,,I40 W EXT RAMP,,,,0.00,Y,Four-Way,N,Intersection,None,,,         ,Michael,Fox,Clear,Angle,no,no,no,no,no,False
103009820,METROPOLITAN NASHVILLE POLICE DEPT,20210332958,Davidson,Nashville,6/18/2021 12:30:00 AM,2,0,0,36.215490,-86.594490,LEBANON PKE,,,,947.00,Feet,East,ANDREW JACKSON PKWY,,,,0.00,N,Not at Intersection,N,Non-Junction,None,,,         ,Nathan,Sizemore,Clear,Front to Rear,no,no,no,yes,yes,False
103009850,METROPOLITAN NASHVILLE POLICE DEPT,20210333246,Davidson,Nashville,6/18/2021 4:48:00 AM,1,0,0,36.062800,-86.704480,FAIRLANE DR,,,,3.00,Feet,North,PACKARD DR,,,,0.00,N,Not at Intersection,N,Non-Junction,None,,,         ,William,Williams,Clear,Not Collision with Motor Vehicle in Transport,no,no,no,no,yes,False
103009864,METROPOLITAN NASHVILLE POLICE DEPT,20210331908,Davidson,Nashville,6/17/2021 1:43:00 PM,2,0,0,36.110380,-86.782820,WOODMONT BLVD,,,,155.00,Feet,West,MCNAIRY LN,,,,0.00,N,Not at Intersection, ,Non-Junction,None,,,         ,Earl,Davis,Clear,Front to Rear,no,no,no,no,no,False
103009876,METROPOLITAN NASHVILLE POLICE DEPT,20210333289,Davidson,Nashville,6/18/2021 6:48:00 AM,2,1,0,36.084850,-86.703680,HARDING PL,,,,77.00,Feet,West,TRAVELERS INN DR,,,,0.00,N,Not at Intersection,N,Non-Junction,None,,,         ,Joe,Hooper,Clear,Front to Rear,no,no,no,no,no,False
103009892,METROPOLITAN NASHVILLE POLICE DEPT,20210333293,Davidson,Nashville,6/18/2021 6:35:00 AM,2,0,0,36.148980,-86.774390,I 40,,,,0.00,,,,,,,210.10,N,Not at Intersection, ,Non-Junction,None,,,         ,Kency,Le,Clear,Front to Rear,no,no,no,no,yes,False
103009915,METROPOLITAN NASHVILLE POLICE DEPT,20210333357,Davidson,Nashville,6/18/2021 7:36:00 AM,3,1,0,36.152360,-86.837670,CHARLOTTE AV,,,,180.00,Feet,West,42ND AVN,,,,0.00,N,Not at Intersection,N,Non-Junction,None,,,         ,Bradley,Pope,Clear,Front to Rear,no,no,no,no,no,False
103009935,METROPOLITAN NASHVILLE POLICE DEPT,20210333331,Davidson,Antioch,6/18/2021 12:00:00 AM,2,2,0,36.016850,-86.619880,FIRESTONE PKWY,,,,0.00,,,OLD HICKORY BLVD,,,,0.00,Y,Four-Way,N,Intersection,None,,,         ,Lee,Davis,Clear,Angle,no,no,no,no,no,False
103009940,METROPOLITAN NASHVILLE POLICE DEPT,20210333383,Davidson,Madison,6/18/2021 7:55:00 AM,2,0,0,36.283390,-86.706960,EDGEMEADE BLVD,,,,0.00,,,GALLATIN PKEN,,,,0.00,Y,Four-Way, ,,None,,,         ,Wesley,Mcclelland,,,no,no,no,no,no,False
103009960,METROPOLITAN NASHVILLE POLICE DEPT,20210333449,Davidson,Not in City Limit,6/18/2021 8:18:00 AM,2,0,0,36.077540,-86.947420,HIGHWAY 70S,,,,88.00,Feet,West,BELLEVUE CTR PVTDR,,,,0.00,N,Not at Intersection,N,Non-Junction,None,,,         ,Wesley,Tilley,Clear,Front to Rear,no,no,no,no,no,False
103009966,METROPOLITAN NASHVILLE POLICE DEPT,20210333428,Davidson,Nashville,6/18/2021 8:24:00 AM,2,0,0,36.175850,-86.746050,HOLLY ST,,,,0.00,,,S 14TH ST,,,,0.00,Y,Four-Way, ,Intersection,None,,,         ,Dylan,Motes,Clear,Angle,no,no,no,no,no,False
103009969,METROPOLITAN NASHVILLE POLICE DEPT,20210333489,Davidson,Nashville,6/18/2021 8:49:00 AM,2,0,0,36.041680,-86.652460,I 24,,,,0.00,,,,,,,59.85,N,Not at Intersection,N,Non-Junction,Construction Zone,Work On Shoulder Or Median,Transition Area,         ,Joe,Hooper,Clear,Not Collision with Motor Vehicle in Transport,no,no,no,no,no,False
103010001,METROPOLITAN NASHVILLE POLICE DEPT,20210333571,Davidson,Not in City Limit,6/18/2021 9:36:00 AM,2,0,0,35.996870,-86.689890,NOLENSVILLE PKE,,,,0.00,,,CONCORD RD,,,,0.00,Y,Four-Way, ,Non-Junction,None,,,         ,Joe,Hooper,Clear,Front to Rear,no,no,no,no,no,False
103010008,METROPOLITAN NASHVILLE POLICE DEPT,20210333457,Davidson,Nashville,6/18/2021 8:39:00 AM,1,1,0,36.121250,-86.923080,OLD HICKORY BLVD,,,,158.00,Feet,South,OLD CHARLOTTE PKE,,,,0.00,N,Not at Intersection,N,Non-Junction,None,,,         ,Jack,Crouch,Clear,Not Collision with Motor Vehicle in Transport,no,no,no,no,no,False
103010016,METROPOLITAN NASHVILLE POLICE DEPT,20210333686,Davidson,Nashville,6/18/2021 10:46:00 AM,1,0,0,36.047550,-86.655930,HICKORY HOLLOW PKWY,,,,0.00,,,BELL RD,,,,0.00,Y,Four-Way, ,Intersection,None,,,         ,Darrin,Hardin,Clear,Not Collision with Motor Vehicle in Transport,no,no,no,no,no,False
103010019,METROPOLITAN NASHVILLE POLICE DEPT,20210333699,Davidson,Nashville,6/18/2021 10:58:00 AM,1,0,0,36.240420,-86.786090,I 24,,,,0.00,,,,,,,43.25,N,Not at Intersection,Y,Entrance/Exit Ramp Related,None,,,         ,Jarram,Plastow,Clear,Not Collision with Motor Vehicle in Transport,no,no,no,no,no,False
103010020,METROPOLITAN NASHVILLE POLICE DEPT,20210333568,Davidson,Nashville,6/18/2021 9:16:00 AM,3,0,0,36.194270,-86.618240,OLD HICKORY BLVD,,,,0.00,,,HERMITAGE MARKETPLACE PVTDR,,,,0.00,Y,Four-Way, ,Intersection,None,,,         ,Michael,Brooks,Clear,"Sideswipe, Same Direction",no,no,no,no,no,False
103010022,METROPOLITAN NASHVILLE POLICE DEPT,20210333650,Davidson,Nashville,6/18/2021 10:20:00 AM,2,0,0,36.151460,-86.857740,WHITE BRIDGE PKE,,,,0.00,,,I40 E ENT RAMP,,,,0.00,Y,T-Intersection,Y,Entrance/Exit Ramp Related,None,,,         ,Bradley,Pope,Clear,Angle,no,no,no,no,no,False
103010025,METROPOLITAN NASHVILLE POLICE DEPT,20210333656,Davidson,Nashville,6/18/2021 9:19:00 AM,2,0,0,36.142150,-86.711550,I 40,,,,0.00,,,,,,,214.10,N,Not at Intersection,N,Non-Junction,None,,,         ,Michael,Brooks,Clear,Front to Rear,no,no,no,no,no,False
103010035,METROPOLITAN NASHVILLE POLICE DEPT,20210333731,Davidson,Nashville,6/18/2021 10:36:00 AM,2,0,0,36.151240,-86.636740,I 40,,,,0.00,,,,,,,218.50,N,Not at Intersection,N,Non-Junction,None,,,         ,Michael,Brooks,Clear,"Sideswipe, Same Direction",no,no,no,no,yes,False
103010038,METROPOLITAN NASHVILLE POLICE DEPT,20210333786,Davidson,Nashville,6/18/2021 11:53:00 AM,2,1,0,36.086870,-86.696050,HARDING PL,,,,20.00,Feet,North,METROPLEX DR,,,,0.00,N,Not at Intersection,N,Non-Junction,None,,,         ,Joe,Hooper,Clear,Front to Rear,no,no,no,no,no,False
103010043,METROPOLITAN NASHVILLE POLICE DEPT,20210333797,Davidson,Madison,6/18/2021 12:00:00 AM,2,0,0,36.255010,-86.715230,MADISON BLVD,,,,0.00,,,GALLATIN PKES,,,,0.00,Y,Four-Way, ,Non-Junction,None,,,         ,Wesley,Mcclelland,Clear,Angle,no,no,no,no,yes,False
103010070,METROPOLITAN NASHVILLE POLICE DEPT,20210333755,Davidson,Goodlettsville,6/18/2021 11:32:00 AM,2,1,0,36.293140,-86.702350,RIVERGATE STATION PVTDR,,,,0.00,,,GALLATIN PKEN,,,,0.00,Y,Four-Way,N,Intersection,None,,,         ,Michael,McCord,Clear,Angle,no,no,no,no,no,False
103010075,METROPOLITAN NASHVILLE POLICE DEPT,20210333747,Davidson,Nashville,6/18/2021 11:25:00 AM,2,1,0,36.238390,-86.780910,BRICK CHURCH PKE,,,,0.00,,,BRILEY PKWYW,,,,0.00,Y,T-Intersection,Y,Intersection,None,,,         ,Zachary,Scott,Clear,Angle,no,no,no,no,no,False
103010077,METROPOLITAN NASHVILLE POLICE DEPT,20210333759,Davidson,Nashville,6/18/2021 11:36:00 AM,1,1,0,36.194520,-86.795240,VENTURE CIR,,,,410.00,Feet,East,FRENCH LANDING DR,,,,0.00,N,Not at Intersection,N,Non-Junction,None,,,         ,James,Wray,Clear,Not Collision with Motor Vehicle in Transport,no,no,no,yes,no,False
103010078,METROPOLITAN NASHVILLE POLICE DEPT,20210333823,Davidson,Nashville,6/18/2021 12:16:00 PM,1,0,0,36.074470,-86.746970,BLACKMAN RD,,,,120.00,Feet,West,DANBY DR,,,,0.00,N,Not at Intersection,N,Non-Junction,None,,,         ,Earl,Davis,Clear,Not Collision with Motor Vehicle in Transport,no,no,no,no,no,False
103010079,METROPOLITAN NASHVILLE POLICE DEPT,20210333707,Davidson,Antioch,6/18/2021 10:58:00 AM,2,0,0,36.059400,-86.599650,HAMILTON CHURCH RD,,,,641.00,Feet,West,HOBSON PKE,,,,0.00,N,Not at Intersection,N,Non-Junction,Work Zone,Other,Activity Area,         ,Tyler,Heckaman,Clear,HeadOn,no,no,no,no,yes,False
103010088,METROPOLITAN NASHVILLE POLICE DEPT,20210333810,Davidson,Not in City Limit,6/18/2021 12:00:00 PM,2,0,0,36.052010,-86.959390,POPLAR CREEK TRC,,,,14.00,Feet,West,POPLAR CREEK TRACE CT,,,,0.00,N,Not at Intersection,N,Non-Junction,None,,,         ,Wesley,Tilley,Clear,Angle,no,no,no,no,no,False
103010114,METROPOLITAN NASHVILLE POLICE DEPT,20210331727,Davidson,Nashville,6/17/2021 12:02:00 PM,2,0,0,36.188300,-86.746370,GRANADA AV,,,,4.00,Feet,East,GALLATIN AV,,,,0.00,N,Not at Intersection, ,Non-Junction,None,,,         ,Steven,Meador,Clear,Angle,no,no,no,no,no,False
103010115,METROPOLITAN NASHVILLE POLICE DEPT,20210333864,Davidson,Nashville,6/18/2021 12:42:00 PM,2,0,0,36.037850,-86.646470,I 24,,,,0.00,,,,,,,60.25,N,Not at Intersection,N,Non-Junction,Construction Zone,Work On Shoulder Or Median,Activity Area,         ,Joe,Hooper,Clear,Angle,no,no,no,no,no,False
103010128,METROPOLITAN NASHVILLE POLICE DEPT,20210333849,Davidson,Nashville,6/18/2021 11:55:00 AM,2,1,0,36.170080,-86.596690,I 40,,,,0.00,,,,,,,221.10,N,Not at Intersection,N,Non-Junction,None,,,         ,Michael,Brooks,Clear,"Sideswipe, Same Direction",no,no,no,no,yes,False
103010159,METROPOLITAN NASHVILLE POLICE DEPT,20210333924,Davidson,Nashville,6/18/2021 1:07:00 PM,2,0,0,36.215160,-86.775390,I 65,,,,0.00,,,,,,,87.90,N,Not at Intersection, ,Non-Junction,None,,,         ,Ronald,Bright,Cloudy,"Sideswipe, Same Direction",no,no,no,no,no,False
103010160,METROPOLITAN NASHVILLE POLICE DEPT,20210333905,Davidson,Nashville,6/18/2021 1:10:00 PM,2,0,0,36.154630,-86.779160,8TH AVS,,,,0.00,,,LAFAYETTE ST,,,,0.00,Y,Roundabout, ,Non-Junction,None,,,         ,Michael,Douglas,Clear,Angle,no,no,no,no,no,False
103010165,METROPOLITAN NASHVILLE POLICE DEPT,20210333962,Davidson,Nashville,6/18/2021 1:27:00 PM,2,0,0,36.117950,-86.748770,NOLENSVILLE PKE,,,,75.00,Feet,North,LUTIE ST,,,,0.00,N,Not at Intersection, ,,None,,,         ,Neil,Wolfe,,,no,no,no,no,no,False
103010166,METROPOLITAN NASHVILLE POLICE DEPT,20210333935,Davidson,Nashville,6/18/2021 1:10:00 PM,2,0,0,36.063070,-86.916900,OLD HICKORY BLVD,,,,24.00,Feet,South,BELLEVUE RD,,,,0.00,N,Not at Intersection, ,Non-Junction,None,,,         ,Wesley,Tilley,Clear,Angle,no,no,no,no,yes,False
103010168,METROPOLITAN NASHVILLE POLICE DEPT,20210333987,Davidson,Nashville,6/18/2021 1:51:00 PM,2,2,0,36.056940,-86.700010,TUSCULUM RD,,,,0.00,Feet,,COLEMONT DR,,,,0.00,Y,Four-Way,N,Intersection,None,,,         ,Joe,Hooper,Clear,HeadOn,no,no,no,no,no,False
103010172,METROPOLITAN NASHVILLE POLICE DEPT,20210332268,Davidson,Nashville,6/17/2021 5:35:00 PM,2,0,0,36.157840,-86.760430,I 24,,,,0.00,,,,,,,49.75,N,Not at Intersection,N,Non-Junction,None,,,         ,Russell,Freeman,Clear,Front to Rear,no,no,no,no,yes,False
103010186,Nashville Airport Police,2021-02115,Davidson,Nashville,6/18/2021 12:00:00 AM,2,0,0,36.137090,-86.668220,I40 W ENT RAMP,,,,600.00,Feet,West,I40 E EXT RAMP,,,,0.00,N,Not at Intersection, ,Non-Junction,None,,,         ,Nathan,Holt,Clear,Rear to Side,no,no,no,no,no,False
103010187,METROPOLITAN NASHVILLE POLICE DEPT,20210333842,Davidson,Nashville,6/18/2021 11:58:00 AM,2,0,0,36.170210,-86.595910,I 40,,,,0.00,,,,,,,221.10,N,Not at Intersection, ,Non-Junction,None,,,         ,Michael,Brooks,Clear,Front to Rear,no,no,no,no,no,False
103010201,METROPOLITAN NASHVILLE POLICE DEPT,20210333838,Davidson,Nashville,6/18/2021 12:20:00 PM,2,1,0,36.151800,-86.771250,LAFAYETTE ST,,,,0.00,,,4TH AVS,,,,0.00,Y,Four-Way,Y,Intersection,None,,,         ,Shawn,Kaelin,,"Sideswipe, Same Direction",no,no,no,no,no,False
103010209,GOODLETTSVILLE POLICE DEPT,21-16282,Davidson,Goodlettsville,6/18/2021 12:46:00 PM,2,0,0,36.325860,-86.700910,LONG HOLLOW PKE,,,,166.00,Feet,South,NORTHCREEK BLVD,,,,0.00,N,Not at Intersection,N,Non-Junction,None,,,         ,George,Forbes,Clear,"Sideswipe, Same Direction",no,no,no,no,no,False
103010307,METROPOLITAN NASHVILLE POLICE DEPT,20210332315,Davidson,Nashville,6/17/2021 5:40:00 PM,2,0,0,36.071460,-86.684010,ANTIOCH PIKE,,,,111.00,Feet,North,HAYSTACK LN,,,,0.00,N,Not at Intersection, ,,None,,,         ,Thomas,Broatch,,,no,no,no,no,no,False
103010321,METROPOLITAN NASHVILLE POLICE DEPT,20210334048,Davidson,Nashville,6/18/2021 2:44:00 PM,2,0,0,36.176720,-86.773000,I24 E EXT RAMP,,,,0.00,,,I 24,,,,0.00,Y,Y-Intersection, ,Entrance/Exit Ramp Related,None,,,         ,Roy,Sain Jr.,,Front to Rear,no,no,no,no,no,False
103010345,METROPOLITAN NASHVILLE POLICE DEPT,20210334039,Davidson,Nashville,6/18/2021 2:40:00 PM,1,3,0,36.251010,-86.715460,E WEBSTER ST,,,,0.00,,,LIBERTY CIR,,,,0.00,Y,T-Intersection,Y,Intersection,None,,,         ,Derek,Sibley,Clear,Not Collision with Motor Vehicle in Transport,no,no,no,no,no,False
103010353,METROPOLITAN NASHVILLE POLICE DEPT,20210334162,Davidson,Nashville,6/18/2021 2:50:00 PM,2,0,0,36.046740,-86.711660,OLD HICKORY BLVD,,,,688.00,Feet,North,NOLENSVILLE PKE,,,,0.00,N,Not at Intersection,N,Non-Junction,None,,,         ,Beri,Scott,Clear,Angle,no,no,no,yes,yes,False
103010363,METROPOLITAN NASHVILLE POLICE DEPT,20210334175,Davidson,Nashville,6/18/2021 3:32:00 PM,2,1,0,36.165440,-86.764210,I 24,,,,0.00,,,,,,,49.00,N,Not at Intersection,N,Non-Junction,None,,,         ,Gabriel,Vasquez,,Front to Rear,no,no,no,no,no,False
103010400,METROPOLITAN NASHVILLE POLICE DEPT,20210334203,Davidson,Nashville,6/18/2021 4:15:00 PM,2,1,0,36.044820,-86.670080,BELL RD,,,,105.00,Feet,East,HICKORY PARK DR,,,,0.00,N,Not at Intersection,N,Non-Junction,None,,,         ,Steven,Bowler,Clear,Front to Rear,no,no,no,no,no,False
103010402,METROPOLITAN NASHVILLE POLICE DEPT,20210334219,Davidson,Nashville,6/18/2021 4:00:00 PM,2,0,0,36.189230,-86.792160,I 65,,,,0.00,,,,,,,85.60,N,Not at Intersection, ,Non-Junction,None,,,         ,Keegan,Winchell,Clear,Front to Rear,no,no,no,no,no,False
103010426,METROPOLITAN NASHVILLE POLICE DEPT,20210334151,Davidson,Nashville,6/18/2021 3:41:00 PM,1,2,0,36.059510,-86.741250,EDMONDSON PKE,,,,213.00,Feet,South,ELLINGTON CIR,,,,0.00,N,Not at Intersection,N,Non-Junction,None,,,         ,Dakota,Davis,Clear,Not Collision with Motor Vehicle in Transport,no,no,no,no,no,False
103010439,METROPOLITAN NASHVILLE POLICE DEPT,20210334241,Davidson,Nashville,6/18/2021 4:40:00 PM,3,0,0,36.150430,-86.749040,I 40,,,,0.00,,,,,,,211.65,N,Not at Intersection,N,Non-Junction,None,,,         ,Benny,Pittman,Clear,Front to Rear,no,no,no,no,yes,False
103010449,METROPOLITAN NASHVILLE POLICE DEPT,20210334071,Davidson,Nashville,6/18/2021 2:10:00 PM,3,0,0,36.133920,-86.890040,CHARLOTTE PKE,,,,26.00,Feet,East,HILLWOOD PRIVATE CV,,,,0.00,N,Not at Intersection,N,Non-Junction,None,,,         ,Aaron,Jumonville,Clear,Front to Rear,no,no,no,no,yes,False
103010457,METROPOLITAN NASHVILLE POLICE DEPT,20210334206,Davidson,Goodlettsville,6/18/2021 12:00:00 AM,2,1,0,36.296250,-86.698660,MYATT DR,,,,112.00,Feet,North,RIVERGATE STATION PVTDR,,,,0.00,N,Not at Intersection,N,Non-Junction,None,,,         ,Zachary,Smith,Clear,Angle,no,no,no,no,no,False
103010470,METROPOLITAN NASHVILLE POLICE DEPT,20210334073,Davidson,Nashville,6/18/2021 12:00:00 AM,2,0,0,36.170840,-86.764150,S 5TH ST,,,,0.00,,,RUSSELL ST,,,,0.00,Y,Four-Way, ,Non-Junction,None,,,         ,Maccio,Hightower,Clear,Front to Rear,no,no,no,no,no,False
103010476,METROPOLITAN NASHVILLE POLICE DEPT,20210334237,Davidson,Nashville,6/18/2021 4:07:00 PM,2,0,0,36.074980,-86.921890,HIGHWAY 70S,,,,296.00,Feet,North,OLD HICKORY BLVD,,,,0.00,N,Not at Intersection,N,OtherLocation,None,,,         ,Aaron,Jumonville,Clear,Angle,no,no,no,yes,no,False
103010487,METROPOLITAN NASHVILLE POLICE DEPT,20210334136,Davidson,Not in City Limit,6/18/2021 3:33:00 PM,2,0,0,36.272810,-86.735870,I 65,,,,0.00,,,,,,,92.85,N,Not at Intersection, ,Non-Junction,None,,,         ,Wesley,Carver,Clear,Front to Rear,no,no,no,no,no,False
103010492,METROPOLITAN NASHVILLE POLICE DEPT,20210334261,Davidson,Nashville,6/18/2021 5:00:00 PM,3,0,0,36.165580,-86.817890,I 40,,,,0.00,,,,,,,206.55,N,Not at Intersection, ,Non-Junction,None,,,         ,Malik,Burriss,Clear,Front to Rear,no,no,no,no,no,False
103010494,METROPOLITAN NASHVILLE POLICE DEPT,20210334286,Davidson,Nashville,6/18/2021 5:15:00 PM,5,1,0,36.141360,-86.668280,I 40,,,,0.00,,,,,,,269.55,N,Not at Intersection,N,Non-Junction,None,,,         ,Christopher,Beery,Clear,Front to Rear,no,no,no,no,yes,False
103010496,METROPOLITAN NASHVILLE POLICE DEPT,20210334356,Davidson,Not in City Limit,6/18/2021 6:00:00 PM,2,0,0,36.079730,-86.959780,I 40,,,,0.00,,,,,,,196.15,N,Not at Intersection, ,,None,,,         ,William,Vanbergen,,,no,no,no,no,no,False
103010511,METROPOLITAN NASHVILLE POLICE DEPT,20210334095,Davidson,Nashville,6/18/2021 1:33:00 PM,2,0,0,36.111760,-86.770280,THOMPSON LN,,,,286.00,Feet,East,W IRIS DR,,,,0.00,N,Not at Intersection,N,Non-Junction,None,,,         ,Savannah,Starbuck,Clear,"Sideswipe, Same Direction",no,no,no,no,yes,False
103010515,METROPOLITAN NASHVILLE POLICE DEPT,20210334349,Davidson,Goodlettsville,6/18/2021 5:58:00 PM,2,1,0,36.295280,-86.700620,GALLATIN PKEN,,,,163.00,Feet,North,RIVERGATE STATION PVTDR,,,,0.00,N,Not at Intersection,N,Non-Junction,None,,,         ,Brandon,Lopez,Clear,Front to Rear,no,no,no,no,no,False
103010530,METROPOLITAN NASHVILLE POLICE DEPT,20210334270,Davidson,Nashville,6/18/2021 4:40:00 PM,2,0,0,36.139900,-86.637040,QUAIL RD,,,,0.00,,,,,,,0.00,,Not at Intersection, ,Non-Junction,None,,,         ,Adam,Gartner,Clear,Angle,no,no,no,yes,yes,False
103010532,METROPOLITAN NASHVILLE POLICE DEPT,20210334451,Davidson,Nashville,6/18/2021 5:27:00 PM,2,0,0,36.173270,-86.791400,ROSA L PARKS BLVD,,,,0.00,,,JEFFERSON ST,,,,0.00,Y,Four-Way,N,Intersection,None,,,         ,Jacob,Krispin,Clear,Front to Rear,no,no,no,no,yes,False
103010538,METROPOLITAN NASHVILLE POLICE DEPT,20210334464,Davidson,Nashville,6/18/2021 6:45:00 PM,2,0,0,36.182610,-86.812270,DR D B TODD JR BLVD,,,,0.00,,,CLAY ST,,,,0.00,Y,T-Intersection,N,Intersection,None,,,         ,Scarlett,Collins,Clear,Front to Rear,no,no,no,no,yes,False
103010541,METROPOLITAN NASHVILLE POLICE DEPT,20210334144,Davidson,Nashville,6/18/2021 3:36:00 PM,2,1,0,36.195490,-86.776150,I 65,,,,0.00,,,,,,,86.55,N,Not at Intersection,N,Entrance/Exit Ramp Related,None,,,         ,Ciara,Doherty,Clear,Front to Rear,no,no,no,no,no,False
103010551,METROPOLITAN NASHVILLE POLICE DEPT,20210332097,Davidson,Nashville,6/17/2021 3:11:00 PM,2,0,0,36.115700,-86.781070,I65 ENT RAMP,,,,285.00,Feet,West,I 440,,,,0.00,N,Not at Intersection, ,Non-Junction,None,,,         ,Thomas,Vasquez,Clear,"Sideswipe, Same Direction",no,no,no,no,no,False
103010552,METROPOLITAN NASHVILLE POLICE DEPT,20210332335,Davidson,Nashville,6/17/2021 6:13:00 PM,2,0,0,36.110040,-86.770310,I 65,,,,0.00,,,,,,,79.75,N,Not at Intersection, ,Non-Junction,None,,,         ,Thomas,Vasquez,Clear,Angle,no,no,no,no,no,False
103010553,METROPOLITAN NASHVILLE POLICE DEPT,20210334274,Davidson,Nashville,6/18/2021 5:01:00 PM,4,2,0,36.115590,-86.780180,I65 ENT RAMP,,,,534.00,Feet,West,I 440,,,,0.00,N,Not at Intersection,N,Non-Junction,None,,,         ,Thomas,Vasquez,Clear,Front to Rear,no,no,no,no,no,False
103010560,METROPOLITAN NASHVILLE POLICE DEPT,20210334513,Davidson,Nashville,6/18/2021 7:30:00 PM,2,0,0,36.202180,-86.740060,DOZIER PL,,,,209.00,Feet,West,GALLATIN PKE,,,,0.00,N,Not at Intersection,N,Non-Junction,None,,,         ,Justen,Ogle,Clear,"Sideswipe, Opposite Direction",no,no,no,no,yes,False
103010561,METROPOLITAN NASHVILLE POLICE DEPT,20210334228,Davidson,Nashville,6/18/2021 4:23:00 PM,4,3,0,36.032740,-86.770700,CHURCH STE,,,,179.00,Feet,East,ANNABEL LN,,,,0.00,N,Not at Intersection,N,Non-Junction,None,,,         ,Savannah,Starbuck,Clear,Front to Rear,no,no,no,no,no,False
103010576,METROPOLITAN NASHVILLE POLICE DEPT,20210334209,Davidson,Nashville,6/18/2021 2:00:00 PM,2,0,0,36.149820,-86.859400,CHARLOTTE PKE,,,,0.00,,,MIDLAND AV,,,,0.00,Y,Four-Way, ,Intersection-Related,None,,,         ,Matthew,Turppa,Clear,"Sideswipe, Same Direction",no,no,no,no,no,False
103010577,METROPOLITAN NASHVILLE POLICE DEPT,20210334335,Davidson,Nashville,6/18/2021 5:50:00 PM,2,2,0,36.060290,-86.917640,HIGHWAY 100,,,,0.00,,,HARPETH BEND DR,,,,0.00,Y,T-Intersection,N,Intersection,None,,,         ,Matthew,Turppa,Clear,Angle,no,no,no,no,no,False
103010579,METROPOLITAN NASHVILLE POLICE DEPT,20210334566,Davidson,Nashville,6/18/2021 8:15:00 PM,2,1,0,36.143950,-86.722760,ELM HILL PKE,,,,54.00,Feet,West,SPENCE LN,,,,0.00,N,Not at Intersection,N,Non-Junction,None,,,         ,Christopher,Beery,Clear,Front to Rear,no,no,no,no,no,False
103010618,METROPOLITAN NASHVILLE POLICE DEPT,20210334611,Davidson,Nashville,6/18/2021 8:39:00 PM,2,0,0,36.052210,-86.644910,EAGLE VIEW BLVD,,,,0.00,,,BELL RD,,,,0.00,Y,T-Intersection,N,Intersection,None,,,         ,Beri,Scott,Clear,Angle,no,no,no,no,yes,False
103010655,METROPOLITAN NASHVILLE POLICE DEPT,20210334548,Davidson,Nashville,6/18/2021 8:04:00 PM,3,1,0,36.219970,-86.762290,ALHAMBRA CIR,,,,0.00,,,DICKERSON PKE,,,,0.00,Y,T-Intersection,N,Intersection,None,,,         ,Cooper,HIll,Clear,Angle,no,no,no,no,yes,False
103010663,METROPOLITAN NASHVILLE POLICE DEPT,20210334650,Davidson,Nashville,6/18/2021 12:00:00 AM,2,0,0,36.233500,-86.781330,MOOREWOOD DR,,,,9.00,Feet,East,BRICK CHURCH PKE,,,,0.00,N,Not at Intersection, ,Non-Junction,None,,,         ,Zachary,Smith,Clear,Angle,no,no,no,no,no,False
103010666,METROPOLITAN NASHVILLE POLICE DEPT,20210334427,Davidson,Nashville,6/18/2021 6:41:00 PM,2,0,0,36.241600,-86.675060,NEELYS BEND RD,,,,205.00,Feet,East,ALLEN PASS,,,,0.00,N,Not at Intersection, ,Non-Junction,None,,,         ,Derek,Sibley,Clear,Front to Rear,no,no,no,no,no,False
103010667,METROPOLITAN NASHVILLE POLICE DEPT,20210334481,Davidson,Nashville,6/18/2021 7:16:00 PM,2,3,0,36.079490,-86.644600,MURFREESBORO PKE,,,,0.00,Feet,,EDGE O LAKE DR,,,,0.00,Y,Four-Way,N,Intersection,None,,,         ,Adam,Gartner,Clear,Angle,no,no,no,no,no,False
103010686,METROPOLITAN NASHVILLE POLICE DEPT,20210334655,Davidson,Nashville,6/18/2021 9:04:00 PM,2,1,0,36.106910,-86.813220,HILLSBORO PKE,,,,427.00,Feet,North,ABBOTT MARTIN RD,,,,0.00,N,Not at Intersection,N,Non-Junction,None,,,         ,Thomas,Vasquez,Clear,HeadOn,no,no,no,no,yes,False
103010698,THP District 3 - Nashville,321040887,Davidson,Nashville,6/18/2021 9:19:00 PM,1,0,0,36.228860,-86.590780,SAUNDERSVILLE RD,,,,167.00,Feet,East,WOODSIDE DR,,,,0.00,N,Not at Intersection, ,Non-Junction,None,,,         ,Vincent,Turocy,Clear,Not Collision with Motor Vehicle in Transport,no,no,no,no,no,False