master_record_number,agency,agency_tracking_number,county,city,collision_date,vehicles_involved,number_injured,number_dead,latitude,longitude,roadway_name,roadway_suffix,roadway_number,roadway_local_id,distance_from_reference,miles-feet_indicator,direction_from_reference,intersection_road_name,intersection_road_name_suffix,intersection_road_number,intersection_local_id,mile_marker,intersection_indicator,intersect_type,interchange_related_indicator,relation_to_junction,work_zone_type,construction_maintenance_zone,construction_maintenance_zone_location,fatal_case_number,officer_first_name,officer_last_name,weather_condition(s),manner_of_crash,pedestrian,bicycle,scooter,parking,hitrun,mou
103012480,METROPOLITAN NASHVILLE POLICE DEPT,20210338034,Davidson,Nashville,6/21/2021 2:59:00 AM,2,1,0,36.106220,-86.673060,DONELSON PKE,,,,3.00,Feet,North,MURFREESBORO PKE,,,,0.00,N,Not at Intersection,N,Non-Junction,None,,,         ,Dillon,Gann,Clear,Front to Rear,no,no,no,no,no,False
103012481,METROPOLITAN NASHVILLE POLICE DEPT,20210338086,Davidson,Nashville,6/21/2021 4:20:00 AM,1,0,0,36.061110,-86.913000,HIGHWAY 100,,,,575.00,Feet,North,WARNER NATURE CTR PVTDR,,,,0.00,N,Not at Intersection, ,Non-Junction,None,,,         ,William,McDaniel,Clear,Not Collision with Motor Vehicle in Transport,no,no,no,no,no,False
103012492,METROPOLITAN NASHVILLE POLICE DEPT,20210338032,Davidson,Nashville,6/21/2021 12:00:00 AM,1,0,0,36.146220,-86.881670,STARLINER DR,,,,76.00,Feet,West,THUNDERBIRD DR,,,,0.00,N,Not at Intersection,N,Non-Junction,None,,,         ,Colin,Bleem,Clear,Not Collision with Motor Vehicle in Transport,no,no,no,no,yes,False
103012502,METROPOLITAN NASHVILLE POLICE DEPT,20210338015,Davidson,Nashville,6/21/2021 3:14:00 AM,1,1,0,36.172670,-86.799890,I 40,,,,0.00,,,,,,,207.70,N,Not at Intersection,N,Non-Junction,None,,,         ,Lawrence,Whited,Clear,Not Collision with Motor Vehicle in Transport,no,no,no,no,no,False
103012505,METROPOLITAN NASHVILLE POLICE DEPT,20210338094,Davidson,Nashville,6/21/2021 4:40:00 AM,4,1,0,36.128690,-86.707270,PATRICIA DR,,,,541.00,Feet,North,THOMPSON PL,,,,0.00,N,Not at Intersection,N,Non-Junction,None,,,         ,Roger,Luther,Clear,"Sideswipe, Same Direction",no,no,no,yes,no,False
103012522,METROPOLITAN NASHVILLE POLICE DEPT,20210338181,Davidson,Old Hickory,6/21/2021 6:59:00 AM,2,0,0,36.254870,-86.652340,ROBINSON RD,,,,198.00,Feet,West,NEWPORT DR,,,,0.00,N,Not at Intersection, ,Non-Junction,None,,,         ,Michael,Dance,Clear,"Sideswipe, Same Direction",no,no,no,no,no,False
103012525,Bicentennial Capitol Mall State Park,72210719DF01,Davidson,Nashville,6/19/2021 11:30:00 AM,2,0,0,36.171360,-86.788650,7TH AVN,,,,910.00,Feet,South,JEFFERSON ST,,,,0.00,N,Not at Intersection, ,Non-Junction,None,,,         ,Donald,Fend,Clear,Front to Rear,no,no,no,no,no,False
103012528,METROPOLITAN NASHVILLE POLICE DEPT,20210338208,Davidson,Nashville,6/21/2021 7:20:00 AM,2,0,0,36.103410,-86.714560,I 24,,,,0.00,,,,,,,54.30,N,Not at Intersection, ,Non-Junction,None,,,         ,Joe,Hooper,Clear,Front to Rear,no,no,no,no,no,False
103012548,METROPOLITAN NASHVILLE POLICE DEPT,20210338251,Davidson,Nashville,6/21/2021 7:50:00 AM,2,1,0,36.142000,-86.675240,I 40,,,,0.00,,,,,,,216.10,N,Not at Intersection,N,Non-Junction,None,,,         ,Michael,Dance,Clear,Front to Rear,no,no,no,no,no,False
103012560,METROPOLITAN NASHVILLE POLICE DEPT,20210338284,Davidson,Nashville,6/21/2021 7:41:00 AM,2,0,0,36.153220,-86.789170,DEMONBREUN ST,,,,256.00,Feet,West,14TH AVS,,,,0.00,N,Not at Intersection,N,Non-Junction,None,,,         ,Kimberly,Annson,Cloudy,Front to Rear,no,no,no,no,no,False
103012570,METROPOLITAN NASHVILLE POLICE DEPT,20210338252,Davidson,Nashville,6/21/2021 7:40:00 AM,2,0,0,36.154070,-86.840350,BRILEY PKWY N ENT RAMP,,,,0.00,Feet,East,I 40,,,,0.00,N,Not at Intersection, ,Entrance/Exit Ramp Related,None,,,         ,Timothy,Lehnert,Clear,"Sideswipe, Same Direction",no,no,no,no,no,False
103012576,METROPOLITAN NASHVILLE POLICE DEPT,20210338335,Davidson,Antioch,6/21/2021 8:38:00 AM,2,1,0,36.029680,-86.612950,OLD HICKORY BLVD,,,,228.00,Feet,South,LOGISTICS WAY,,,,0.00,N,Not at Intersection,N,Non-Junction,None,,,         ,Joe,Hooper,Clear,Front to Rear,no,no,no,no,no,False
103012580,METROPOLITAN NASHVILLE POLICE DEPT,20210338080,Davidson,Nashville,6/21/2021 4:43:00 AM,2,1,0,36.128980,-86.707250,PATRICIA DR,,,,649.00,Feet,North,THOMPSON PL,,,,0.00,N,Not at Intersection,N,Non-Junction,None,,,         ,Corey,Ethridge,Clear,Angle,no,no,no,no,yes,False
103012583,METROPOLITAN NASHVILLE POLICE DEPT,20210338360,Davidson,Nashville,6/21/2021 8:00:00 AM,2,0,0,36.139650,-86.857380,WHITE BRIDGE PKE,,,,41.00,Feet,North,KENDALL DR,,,,0.00,N,Not at Intersection, ,Non-Junction,None,,,         ,Benjamin,Cantrell,Clear,Front to Rear,no,no,no,no,no,False
103012603,METROPOLITAN NASHVILLE POLICE DEPT,20210338340,Davidson,Nashville,6/21/2021 7:55:00 AM,2,0,0,36.075690,-86.839320,HILLSBORO PKE,,,,1500.00,Feet,North,CASTLEWOOD CT,,,,0.00,N,Not at Intersection, ,Non-Junction,None,,,         ,Earl,Davis,Clear,Front to Rear,no,no,no,no,no,False
103012614,METROPOLITAN NASHVILLE POLICE DEPT,20210338457,Davidson,Nashville,6/21/2021 9:50:00 AM,1,0,0,36.058940,-86.853440,HILLSBORO PKE,,,,200.00,Feet,South,CHICKERING LN,,,,0.00,N,Not at Intersection, ,Non-Junction,None,,,         ,Earl,Davis,Clear,Not Collision with Motor Vehicle in Transport,no,no,no,no,no,False
103012617,METROPOLITAN NASHVILLE POLICE DEPT,20210338438,Davidson,Nashville,6/21/2021 9:38:00 AM,2,0,0,36.064260,-86.627890,MURFREESBORO PKE,,,,259.00,Feet,South,HAMILTON CHURCH RD,,,,0.00,N,Not at Intersection, ,Non-Junction,None,,,         ,Joe,Hooper,Clear,Front to Rear,no,no,no,no,no,False
103012624,METROPOLITAN NASHVILLE POLICE DEPT,20210338435,Davidson,Nashville,6/21/2021 7:12:00 AM,2,0,0,36.187890,-86.607280,OLD LEBANON DIRT RD,,,,0.00,,,CHANDLER RD,,,,0.00,Y,T-Intersection,N,Intersection,None,,,         ,Michael,Dance,Cloudy,Front to Rear,no,no,no,no,yes,False
103012627,METROPOLITAN NASHVILLE POLICE DEPT,20210338375,Davidson,Nashville,6/21/2021 8:25:00 AM,2,0,0,36.140630,-86.732000,I 40,,,,0.00,,,,,,,213.00,N,Not at Intersection,Y,Non-Junction,None,,,         ,Sean,Fitzmaurice,Clear,"Sideswipe, Same Direction",no,no,no,no,no,False
103012629,METROPOLITAN NASHVILLE POLICE DEPT,20210338377,Davidson,Nashville,6/21/2021 9:00:00 AM,2,0,0,36.124990,-86.752200,ROSEDALE AV,,,,1.00,Feet,West,NOLENSVILLE PKE,,,,0.00,N,Not at Intersection, ,Non-Junction,None,,,         ,Devin,Mabry,Clear,Front to Rear,no,no,no,no,no,False
103012630,METROPOLITAN NASHVILLE POLICE DEPT,20210338431,Davidson,Nashville,6/21/2021 9:46:00 AM,2,1,0,36.215110,-86.596980,LEBANON PKE,,,,205.00,Feet,East,ANDREW JACKSON PKWY,,,,0.00,N,Not at Intersection,N,Non-Junction,None,,,         ,Michael,Brooks,Cloudy,"Sideswipe, Same Direction",no,no,no,no,no,False
103012648,METROPOLITAN NASHVILLE POLICE DEPT,20210338422,Davidson,Nashville,6/21/2021 8:10:00 AM,2,0,0,36.175420,-86.894210,COCKRILL BEND BLVD,,,,300.00,Feet,South,COCKRILL BEND CIR,,,,0.00,N,Not at Intersection,N,"Driveway, Alley Access, etc",None,,,         ,Bradley,Pope,Cloudy,Front to Rear,no,no,no,no,no,False
103012655,METROPOLITAN NASHVILLE POLICE DEPT,20210338521,Davidson,Nashville,6/21/2021 10:35:00 AM,2,0,0,36.071360,-86.769580,I 65,,,,0.00,,,,,,,77.00,N,Not at Intersection, ,Non-Junction,None,,,         ,Earl,Davis,Cloudy,Front to Rear,no,no,no,no,no,False
103012656,METROPOLITAN NASHVILLE POLICE DEPT,20210338386,Davidson,Nashville,6/21/2021 8:13:00 AM,2,1,0,36.142200,-86.666600,I40 W EXT RAMP,,,,0.00,,,I 40,,,,0.00,Y,T-Intersection,N,Non-Junction,None,,,         ,Christopher,Cantrell,Clear,Front to Rear,no,no,no,no,no,False
103012658,METROPOLITAN NASHVILLE POLICE DEPT,20210338536,Davidson,Nashville,6/21/2021 10:59:00 AM,1,1,0,36.151770,-86.692270,BRILEY PKWY S EXT RAMP,,,,0.00,Feet,East,BRILEY PKWY S ENT RAMP,,,,0.00,N,Not at Intersection,N,Entrance/Exit Ramp Related,None,,,         ,Michael,Dance,Clear,Not Collision with Motor Vehicle in Transport,no,no,no,no,no,False
103012670,METROPOLITAN NASHVILLE POLICE DEPT,20210338574,Davidson,Nashville,6/21/2021 10:14:00 AM,1,0,0,36.094090,-86.706340,I 24,,,,0.00,,,,,,,55.05,N,Not at Intersection, ,Non-Junction,None,,,         ,Joe,Hooper,Cloudy,Not Collision with Motor Vehicle in Transport,no,no,no,no,no,False
103012681,METROPOLITAN NASHVILLE POLICE DEPT,20210338316,Davidson,Nashville,6/21/2021 8:20:00 AM,2,0,0,36.171400,-86.807430,DR D B TODD JR BLVD,,,,4.00,Feet,North,HEIMAN ST,,,,0.00,N,Not at Intersection,N,Non-Junction,None,,,         ,Pamela,Caulder,Clear,Angle,no,no,no,no,no,False
103012682,METROPOLITAN NASHVILLE POLICE DEPT,20210338633,Davidson,Nashville,6/21/2021 11:48:00 AM,2,0,0,36.168360,-86.665800,LEBANON PKE,,,,353.00,Feet,South,OLD LEBANON PKE,,,,0.00,N,Not at Intersection, ,"Driveway, Alley Access, etc",None,,,         ,Michael,Dance,Clear,Angle,no,no,no,no,no,False
103012683,METROPOLITAN NASHVILLE POLICE DEPT,20210338611,Davidson,Nashville,6/21/2021 10:54:00 AM,2,0,0,36.050830,-86.718010,OCALA DR,,,,500.00,Feet,West,HICKORY PLZ,,,,0.00,N,Not at Intersection,N,OtherLocation,None,,,         ,Earl,Davis,Cloudy,Angle,no,no,no,yes,yes,False
103012685,METROPOLITAN NASHVILLE POLICE DEPT,20210338634,Davidson,Nashville,6/21/2021 12:05:00 PM,2,0,0,36.112860,-86.688940,MURFREESBORO PKE,,,,20.00,Feet,South,MCGAVOCK PKE,,,,0.00,N,Not at Intersection,N,Non-Junction,None,,,         ,Joe,Hooper,Clear,Front to Rear,no,no,no,no,yes,False
103012688,METROPOLITAN NASHVILLE POLICE DEPT,20210338617,Davidson,Nashville,6/21/2021 11:46:00 AM,2,0,0,36.152730,-86.779320,8TH AVS,,,,50.00,Feet,South,DREXEL ST,,,,0.00,N,Not at Intersection, ,Non-Junction,None,,,         ,Joshua,Reece,Clear,Front to Rear,no,no,no,no,no,False
103012694,METROPOLITAN NASHVILLE POLICE DEPT,20210338529,Davidson,Nashville,6/21/2021 10:48:00 AM,2,0,0,36.163160,-86.776260,COMMERCE ST,,,,65.00,Feet,West,2ND AVN,,,,0.00,N,Not at Intersection, ,Non-Junction,Construction Zone,,,         ,Erik,Wagner,Cloudy,"Sideswipe, Same Direction",no,no,no,no,no,False
103012725,METROPOLITAN NASHVILLE POLICE DEPT,20210338644,Davidson,Nashville,6/21/2021 11:45:00 AM,1,0,0,36.255120,-86.774710,HAVENBROOK DR,,,,138.00,Feet,West,BROOKWAY DR,,,,0.00,N,Not at Intersection, ,Non-Junction,Construction Zone,,,         ,Ruben,Mariano,Cloudy,Not Collision with Motor Vehicle in Transport,no,no,no,no,no,False
103012746,METROPOLITAN NASHVILLE POLICE DEPT,20210338682,Davidson,Nashville,6/21/2021 12:34:00 PM,2,0,0,36.112330,-86.767020,POWELL AV,,,,0.00,,,THOMPSON LN,,,,0.00,Y,Four-Way, ,Intersection-Related,None,,,         ,Earl,Davis,Cloudy,Front to Rear,no,no,no,no,no,False
103012765,METROPOLITAN NASHVILLE POLICE DEPT,20210338439,Davidson,Nashville,6/21/2021 8:41:00 AM,2,0,0,36.062320,-86.904630,HIGHWAY 100,,,,0.00,Feet,,OLD HICKORY BLVD,,,,0.00,Y,T-Intersection,N,Intersection-Related,None,,,         ,Christopher,Alceus,Clear,"Sideswipe, Opposite Direction",no,no,no,no,no,False
103012802,BELLE MEADE POLICE DEPT,21-0127,Davidson,Belle Meade,6/21/2021 12:42:00 PM,2,0,0,36.088250,-86.856150,TYNE BLVD,,,,432.00,Feet,West,CHANCERY LN,,,,0.00,N,Not at Intersection, ,,None,,,         ,David,Read,,,no,no,no,no,no,False
103012840,METROPOLITAN NASHVILLE POLICE DEPT,20210338671,Davidson,Nashville,6/21/2021 11:55:00 AM,2,0,0,36.076820,-86.920610,BELLE FOREST CIR,,,,22.00,Feet,West,OLD HICKORY BLVD,,,,0.00,N,Not at Intersection,N,Non-Junction,None,,,         ,Andrew,Anoskey,Cloudy,Angle,no,no,no,no,no,False
103012886,BELLE MEADE POLICE DEPT,21-0128,Davidson,Belle Meade,6/21/2021 1:42:00 PM,2,0,0,36.117110,-86.858480,HARDING PKE,,,,763.00,Feet,East,EVELYN AV,,,,0.00,N,Not at Intersection, ,,None,,,         ,Mack,Mangrum,,,no,no,no,no,no,False
103012889,METROPOLITAN NASHVILLE POLICE DEPT,20210338549,Davidson,Not in City Limit,6/21/2021 11:02:00 AM,2,1,0,36.034700,-86.972440,HIGHWAY 100,,,,167.00,Feet,East,NATCHEZ TRACE PKWY EXT RAMP,,,,0.00,N,Not at Intersection,N,Non-Junction,None,,,         ,Christopher,Alceus,Clear,Front to Rear,no,no,no,no,no,False
103012905,METROPOLITAN NASHVILLE POLICE DEPT,20210338483,Davidson,Nashville,6/21/2021 9:50:00 AM,2,0,0,36.173580,-86.763370,MAIN ST,,,,0.00,Feet,,S 6TH ST,,,,0.00,Y,T-Intersection,Y,Intersection,None,,,         ,David,Rehm,Cloudy,Angle,no,no,no,no,yes,False
103012923,METROPOLITAN NASHVILLE POLICE DEPT,20210338922,Davidson,Not in City Limit,6/21/2021 3:15:00 PM,1,0,0,36.262320,-86.738180,I 65,,,,0.00,,,,,,,92.10,N,Not at Intersection,N,Non-Junction,None,,,         ,Brandon,Lopez,Rain,Not Collision with Motor Vehicle in Transport,no,no,no,no,no,False
103012933,METROPOLITAN NASHVILLE POLICE DEPT,20210338787,Davidson,Nashville,6/21/2021 1:45:00 PM,2,0,0,36.158360,-86.790570,GEORGE L DAVIS BLVD,,,,0.00,,,CHURCH ST,,,,0.00,Y,Four-Way, ,Intersection-Related,None,,,         ,Russell,Freeman,Cloudy,Front to Rear,no,no,no,no,no,False
103012934,METROPOLITAN NASHVILLE POLICE DEPT,20210338942,Davidson,Nashville,6/21/2021 3:20:00 PM,2,0,0,36.138810,-86.822800,I440 E EXT RAMP,,,,0.00,Feet,East,I 440,,,,0.00,N,Not at Intersection,N,Non-Junction,None,,,         ,Matthew,Turppa,Rain,"Sideswipe, Same Direction",no,no,no,no,no,False
103012950,METROPOLITAN NASHVILLE POLICE DEPT,20210338924,Davidson,Not in City Limit,6/21/2021 3:15:00 PM,1,1,0,36.103520,-86.932580,I 40,,,,0.00,,,,,,,198.50,N,Not at Intersection,N,Non-Junction,None,,,         ,Brandon,Pedigo,"Cloudy, Rain",Not Collision with Motor Vehicle in Transport,no,no,no,no,no,False
103012952,METROPOLITAN NASHVILLE POLICE DEPT,20210338905,Davidson,Nashville,6/21/2021 2:24:00 PM,2,0,0,36.156170,-86.795220,CHURCH ST,,,,238.00,Feet,West,16TH AVN,,,,0.00,N,Not at Intersection, ,Non-Junction,None,,,         ,Matthew,Hogan,Cloudy,Rear to Rear,no,no,no,yes,yes,False
103012955,METROPOLITAN NASHVILLE POLICE DEPT,20210338857,Davidson,Nashville,6/21/2021 2:44:00 PM,1,1,0,36.249460,-86.784200,I 24,,,,0.00,,,,,,,42.60,N,Not at Intersection,N,Non-Junction,None,,,         ,Paxton,Montgomery,Cloudy,Not Collision with Motor Vehicle in Transport,no,no,no,no,no,False
103012971,METROPOLITAN NASHVILLE POLICE DEPT,20210339080,Davidson,Nashville,6/21/2021 4:45:00 PM,2,2,0,36.206200,-86.772630,W TRINITY LN,,,,455.00,Feet,West,LUCAS LN,,,,0.00,N,Not at Intersection,N,Non-Junction,None,,,         ,Jeremy,Smith,Cloudy,Angle,no,no,no,no,yes,False
103012984,METROPOLITAN NASHVILLE POLICE DEPT,20210338966,Davidson,Nashville,6/21/2021 3:32:00 PM,2,1,0,36.175270,-86.792660,MONROE ST,,,,0.00,,,ROSA L PARKS BLVD,,,,0.00,Y,Four-Way,Y,Intersection-Related,None,,,         ,Scarlett,Collins,Cloudy,Angle,no,no,no,no,no,False
103012986,METROPOLITAN NASHVILLE POLICE DEPT,20210338995,Davidson,Nashville,6/21/2021 3:47:00 PM,2,1,0,36.119270,-86.749400,NOLENSVILLE PKE,,,,70.00,Feet,North,NEWSOME ST,,,,0.00,N,Not at Intersection,N,"Driveway, Alley Access, etc",None,,,         ,Gary,Anderson,Clear,Angle,no,no,no,no,no,False
103012991,METROPOLITAN NASHVILLE POLICE DEPT,20210339081,Davidson,Not in City Limit,6/21/2021 4:41:00 PM,2,0,0,36.297870,-86.811650,I 24,,,,0.00,,,,,,,38.85,N,Not at Intersection,N,Non-Junction,None,,,         ,Christopher,Littles,Cloudy,Front to Rear,no,no,no,no,yes,False
103012994,METROPOLITAN NASHVILLE POLICE DEPT,20210336474,Davidson,Nashville,6/20/2021 1:05:00 AM,2,3,0,36.154080,-86.837620,I 40,,,,0.00,,,,,,,205.00,N,Not at Intersection,N,Non-Junction,None,,,         ,Russell,Ward,Clear,"Sideswipe, Same Direction",no,no,no,no,yes,False
103013007,GOODLETTSVILLE POLICE DEPT,21-16650,Davidson,Goodlettsville,6/21/2021 5:10:00 PM,2,0,0,36.304000,-86.702350,RIVERGATE PKWY,,,,0.00,,,RIVERGATE MALL PVTDR,,,,0.00,Y,OTHER, ,Intersection,None,,,         ,Rico,Jones,Cloudy,Angle,no,no,no,no,no,False
103013016,METROPOLITAN NASHVILLE POLICE DEPT,20210339156,Davidson,Not in City Limit,6/21/2021 5:49:00 PM,2,0,0,36.306100,-86.816970,I 24,,,,0.00,,,,,,,38.25,N,Not at Intersection, ,Non-Junction,None,,,         ,Paxton,Montgomery,Cloudy,Front to Rear,no,no,no,no,yes,False
103013021,METROPOLITAN NASHVILLE POLICE DEPT,20210339218,Davidson,Not in City Limit,6/21/2021 6:18:00 PM,1,0,0,36.256830,-86.714130,GALLATIN PKES,,,,246.00,Feet,North,NEELYS BEND RD,,,,0.00,N,Not at Intersection,N,Non-Junction,None,,,         ,Christopher,Littles,Cloudy,Not Collision with Motor Vehicle in Transport,no,no,no,yes,no,False
103013022,METROPOLITAN NASHVILLE POLICE DEPT,20210338956,Davidson,Nashville,6/21/2021 3:26:00 PM,2,1,0,36.107020,-86.768260,I 65,,,,0.00,,,,,,,79.50,N,Not at Intersection,N,Non-Junction,None,,,         ,Thomas,Vasquez,Cloudy,"Sideswipe, Same Direction",no,no,no,no,no,False
103013032,METROPOLITAN NASHVILLE POLICE DEPT,20210338881,Davidson,Nashville,6/21/2021 12:00:00 AM,2,0,0,36.147690,-86.868500,CHARLOTTE PKE,,,,104.00,Feet,East,CROLEY DR,,,,0.00,N,Not at Intersection,N,Non-Junction,None,,,         ,Maria,Reynolds,Cloudy,Angle,no,no,no,no,no,False
103013034,METROPOLITAN NASHVILLE POLICE DEPT,20210339101,Davidson,Nashville,6/21/2021 5:01:00 PM,2,0,0,36.243720,-86.748830,I65 S EXT RAMP,,,,0.00,Feet,East,I 65,,,,0.00,N,Not at Intersection, ,Non-Junction,Construction Zone,,,         ,Brandon,Lopez,Cloudy,"Sideswipe, Same Direction",no,no,no,yes,no,False
103013062,METROPOLITAN NASHVILLE POLICE DEPT,20210339036,Davidson,Nashville,6/21/2021 4:13:00 PM,2,1,0,36.084100,-86.935340,POST RIDGE APTS PVTDR,,,,473.00,Feet,West,HICKS RD,,,,0.00,N,Not at Intersection,N,"Driveway, Alley Access, etc",None,,,         ,Tristen,Mayfield,Cloudy,HeadOn,no,no,no,yes,no,False
103013069,METROPOLITAN NASHVILLE POLICE DEPT,20210339047,Davidson,Nashville,6/21/2021 2:54:00 PM,3,0,0,36.151980,-86.848240,CHARLOTTE AV,,,,97.00,Feet,East,51ST AVN,,,,0.00,N,Not at Intersection, ,Non-Junction,None,,,         ,Kyle,Lund,Rain,Front to Rear,no,no,no,no,no,False
103013077,METROPOLITAN NASHVILLE POLICE DEPT,20210339324,Davidson,Nashville,6/21/2021 6:55:00 PM,2,1,0,36.151840,-86.752810,I 40,,,,0.00,,,,,,,211.40,N,Not at Intersection,N,Non-Junction,None,,,         ,Christopher,Beery,Clear,"Sideswipe, Same Direction",no,no,no,no,yes,False
103013107,METROPOLITAN NASHVILLE POLICE DEPT,20210339302,Davidson,Nashville,6/21/2021 7:15:00 PM,2,0,0,36.044960,-86.665010,BELL RD,,,,519.00,Feet,North,CEDAR POINTE PKWY,,,,0.00,N,Not at Intersection,N,Non-Junction,None,,,         ,Steven,Begley,Clear,Angle,no,no,no,no,no,False
103013108,METROPOLITAN NASHVILLE POLICE DEPT,20210339131,Davidson,Nashville,6/21/2021 5:21:00 PM,2,1,0,36.079600,-86.726320,HARDING PL,,,,0.00,,,NOLENSVILLE PKE,,,,0.00,Y,Four-Way,N,Intersection,None,,,         ,Robert,Higgins,Cloudy,Angle,no,no,no,no,no,False
103013109,METROPOLITAN NASHVILLE POLICE DEPT,20210339257,Davidson,Nashville,6/21/2021 6:51:00 PM,1,1,0,36.046400,-86.674030,BLUE HOLE RD,,,,258.00,Feet,North,BELL RD,,,,0.00,N,Not at Intersection,N,Non-Junction,None,,,         ,Robert,Higgins,Clear,Not Collision with Motor Vehicle in Transport,no,no,no,no,no,False
103013118,METROPOLITAN NASHVILLE POLICE DEPT,20210339333,Davidson,Nashville,6/21/2021 7:11:00 PM,2,0,0,36.138600,-86.794050,16TH AVS,,,,406.00,Feet,North,MAGNOLIA BLVD,,,,0.00,N,Not at Intersection,N,Non-Junction,None,,,         ,Dakota,Davis,Clear,Angle,no,no,no,no,no,False
103013119,METROPOLITAN NASHVILLE POLICE DEPT,20210339273,Davidson,Nashville,6/21/2021 12:00:00 AM,2,2,0,36.189560,-86.627380,LEBANON PKE,,,,749.00,Feet,East,HICKORY HILL LN,,,,0.00,N,Not at Intersection,N,Non-Junction,None,,,         ,Keenan,McCann,Cloudy,Angle,no,no,no,no,no,False
103013123,METROPOLITAN NASHVILLE POLICE DEPT,20210339263,Davidson,Nashville,6/21/2021 6:55:00 PM,2,1,0,36.177200,-86.772970,I 24,,,,0.00,,,,,,,47.90,N,Not at Intersection,N,Non-Junction,None,,,         ,James,Hill,Cloudy,Angle,no,no,no,no,no,False
103013144,METROPOLITAN NASHVILLE POLICE DEPT,20210339038,Davidson,Nashville,6/21/2021 12:00:00 AM,1,0,0,36.231230,-86.614080,SHUTE LN,,,,815.00,Feet,East,MONTCHANIN TER,,,,0.00,N,Not at Intersection,N,Non-Junction,None,,,         ,Adam,Gartner,Cloudy,Not Collision with Motor Vehicle in Transport,no,no,no,no,no,False
103013148,METROPOLITAN NASHVILLE POLICE DEPT,20210339290,Davidson,Nashville,6/21/2021 6:09:00 PM,2,0,0,36.048110,-86.654960,BELL RD,,,,353.00,Feet,East,HICKORY HOLLOW MALL PVTDR PL,,,,0.00,N,Not at Intersection, ,,None,,,         ,Gabriel,Hamilton,,,no,no,no,no,no,False
103013151,METROPOLITAN NASHVILLE POLICE DEPT,20210339432,Davidson,Nashville,6/21/2021 12:00:00 AM,2,0,0,36.162680,-86.807890,HERMAN ST,,,,104.00,Feet,East,21ST AVN,,,,0.00,N,Not at Intersection,N,Non-Junction,None,,,         ,Lucas,Thomas,Unknown,Angle,no,no,no,no,yes,False
103013156,METROPOLITAN NASHVILLE POLICE DEPT,20210339470,Davidson,Nashville,6/21/2021 9:30:00 PM,2,1,0,36.144360,-86.836860,UTAH AV,,,,0.00,,,42ND AVN,,,,0.00,Y,Four-Way,N,Intersection,None,,,         ,Matthew,Turppa,Rain,Angle,no,no,no,no,no,False
103013172,METROPOLITAN NASHVILLE POLICE DEPT,20210339271,Davidson,Nashville,6/21/2021 6:58:00 PM,2,4,0,36.064010,-86.627620,MURFREESBORO PKE,,,,384.00,Feet,South,HAMILTON CHURCH RD,,,,0.00,N,Not at Intersection,N,Non-Junction,None,,,         ,Cameron,VanLierop,Cloudy,Front to Rear,no,no,no,no,no,False
103013225,METROPOLITAN NASHVILLE POLICE DEPT,20210339568,Davidson,Nashville,6/21/2021 11:14:00 PM,1,0,0,36.109370,-86.770280,I 65,,,,0.00,,,,,,,79.70,N,Not at Intersection,N,Non-Junction,None,,,         ,Taylor,Hurley,Cloudy,Not Collision with Motor Vehicle in Transport,no,no,no,no,no,False
103013229,METROPOLITAN NASHVILLE POLICE DEPT,20210339578,Davidson,Nashville,6/21/2021 11:25:00 PM,3,1,0,36.119730,-86.726500,I 24,,,,0.00,,,,,,,52.90,N,Not at Intersection,N,Non-Junction,None,,,         ,Tavin,Emlund,Clear,Not Collision with Motor Vehicle in Transport,no,no,no,no,yes,False
103013250,METROPOLITAN NASHVILLE POLICE DEPT,20210339730,Davidson,Nashville,6/22/2021 2:11:00 AM,1,0,0,36.169090,-86.861730,CENTENNIAL BLVD,,,,119.00,Feet,East,LINDER INDUSTRIAL DR,,,,0.00,N,Not at Intersection, ,Non-Junction,None,,,         ,William,McDaniel,Clear,Not Collision with Motor Vehicle in Transport,no,no,no,no,no,False
103013253,METROPOLITAN NASHVILLE POLICE DEPT,20210339557,Davidson,Nashville,6/21/2021 11:09:00 PM,3,4,0,36.148600,-86.775750,I 40,,,,0.00,,,,,,,210.00,N,Not at Intersection,N,Non-Junction,None,,,         ,Henry,Perez,Clear,Front to Rear,no,no,no,no,no,False
103013255,METROPOLITAN NASHVILLE POLICE DEPT,20210339685,Davidson,Nashville,6/22/2021 12:45:00 AM,3,1,0,36.079200,-86.667390,MULLEN CIR,,,,442.00,Feet,East,FRANKLIN LIMESTONE RD,,,,0.00,N,Not at Intersection,N,Non-Junction,None,,,         ,D’Mitri,Mackall,Clear,Front to Rear,no,no,no,no,yes,False
103013258,METROPOLITAN NASHVILLE POLICE DEPT,20210339586,Davidson,Nashville,6/21/2021 9:47:00 PM,1,0,0,36.254310,-86.758300,DICKERSON PKE,,,,0.00,,,,,,,0.00,,,N,Non-Junction,None,,,         ,Kristopher,Sutton,Cloudy,Not Collision with Motor Vehicle in Transport,no,no,no,yes,yes,False