master_record_number,agency,agency_tracking_number,county,city,collision_date,vehicles_involved,number_injured,number_dead,latitude,longitude,roadway_name,roadway_suffix,roadway_number,roadway_local_id,distance_from_reference,miles-feet_indicator,direction_from_reference,intersection_road_name,intersection_road_name_suffix,intersection_road_number,intersection_local_id,mile_marker,intersection_indicator,intersect_type,interchange_related_indicator,relation_to_junction,work_zone_type,construction_maintenance_zone,construction_maintenance_zone_location,fatal_case_number,officer_first_name,officer_last_name,weather_condition(s),manner_of_crash,pedestrian,bicycle,scooter,parking,hitrun,mou
103015601,METROPOLITAN NASHVILLE POLICE DEPT,20210345429,Davidson,Nashville,6/24/2021 10:00:00 PM,2,1,0,36.139010,-86.665810,I40 E ENT RAMP,,,,0.00,Feet,East,DONELSON PKE,,,,0.00,N,Not at Intersection,N,Non-Junction,None,,,         ,Phillip,Burke,Clear,Angle,no,no,no,no,no,False
103015613,METROPOLITAN NASHVILLE POLICE DEPT,20210345597,Davidson,Nashville,6/25/2021 12:25:00 AM,2,0,0,36.203550,-86.738530,GALLATIN PKE,,,,0.00,Feet,,E TRINITY LN,,,,0.00,Y,T-Intersection,N,Intersection,None,,,         ,Spencer,Arroyo,Clear,Angle,no,no,no,no,no,False
103015614,METROPOLITAN NASHVILLE POLICE DEPT,20210345281,Davidson,Nashville,6/24/2021 8:20:00 PM,2,0,0,36.150460,-86.696340,ELM HILL PKE,,,,124.00,Feet,East,WANDA DR,,,,0.00,N,Not at Intersection, ,Non-Junction,None,,,         ,Jason,Kedzierski,Clear,Rear to Side,no,no,no,no,no,False
103015617,GOODLETTSVILLE POLICE DEPT,21-17062,Davidson,Goodlettsville,6/24/2021 11:24:00 PM,1,0,0,36.324870,-86.701560,CONFERENCE DR,,,,105.00,Feet,South,LONG HOLLOW PKE,,,,0.00,N,Not at Intersection,N,Non-Junction,None,,,         ,Hallie,Mooney,Clear,Not Collision with Motor Vehicle in Transport,no,no,no,yes,no,False
103015656,METROPOLITAN NASHVILLE POLICE DEPT,20210345698,Davidson,Nashville,6/25/2021 1:47:00 AM,1,0,0,36.078650,-86.885390,HIGHWAY 100,,,,89.00,Feet,South,VAUGHNS GAP RD,,,,0.00,N,Not at Intersection,N,Non-Junction,None,,,         ,Cameron,Schmid,Clear,Not Collision with Motor Vehicle in Transport,no,no,no,no,no,False
103015676,METROPOLITAN NASHVILLE POLICE DEPT,20210345518,Davidson,Nashville,6/24/2021 12:00:00 AM,3,0,0,36.180590,-86.749150,ORDWAY PL,,,,161.00,Feet,East,GALLATIN AV,,,,0.00,N,Not at Intersection,N,Non-Junction,None,,,         ,Esther,Poysti,Clear,Unknown,no,no,no,no,yes,False
103015684,METROPOLITAN NASHVILLE POLICE DEPT,20210345671,Davidson,Not in City Limit,6/25/2021 1:39:00 AM,2,0,0,36.269240,-86.698800,BECKLEA DR,,,,594.00,Feet,East,SINGER DR,,,,0.00,N,Not at Intersection,N,Non-Junction,None,,,         ,Reuben,Hewit,Clear,"Sideswipe, Opposite Direction",no,no,no,no,no,False
103015728,METROPOLITAN NASHVILLE POLICE DEPT,20210345980,Davidson,Nashville,6/25/2021 6:37:00 AM,2,0,0,36.053000,-86.671940,I 24,,,,0.00,,,,,,,58.50,N,Not at Intersection, ,Non-Junction,None,,,         ,Joe,Hooper,Cloudy,Front to Rear,no,no,no,no,no,False
103015732,METROPOLITAN NASHVILLE POLICE DEPT,20210345973,Davidson,Not in City Limit,6/25/2021 6:49:00 AM,1,1,0,36.283090,-86.747520,DICKERSON PKES,,,,15.00,Feet,North,DICKERSON PKE,,,,0.00,N,Not at Intersection,N,Non-Junction,None,,,         ,Ian,Wilson,Clear,Not Collision with Motor Vehicle in Transport,no,no,no,no,no,False
103015760,VANDERBILT UNIVERSITY POLICE,210344444,Davidson,Nashville,6/24/2021 11:51:00 AM,2,0,0,36.138710,-86.801460,CHILDRENS WAY,,,,94.00,Feet,East,MEDICAL CENTER DR,,,,0.00,N,Not at Intersection, ,Non-Junction,None,,,         ,Michael,Knupp,,Angle,no,no,no,no,no,Campus
103015774,METROPOLITAN NASHVILLE POLICE DEPT,20210345984,Davidson,Nashville,6/25/2021 5:54:00 AM,1,0,0,36.229480,-86.693890,PENNINGTON BEND RD,,,,967.00,Feet,South,BARTON LN,,,,0.00,N,Not at Intersection,N,Non-Junction,None,,,         ,Sean,Fitzmaurice,Clear,Not Collision with Motor Vehicle in Transport,no,no,no,no,no,False
103015786,METROPOLITAN NASHVILLE POLICE DEPT,20210346093,Davidson,Nashville,6/25/2021 7:57:00 AM,2,0,0,36.139610,-86.821630,MURPHY RD,,,,0.00,,,WEST END AV EXT RAMP,,,,0.00,Y,T-Intersection,N,Intersection,None,,,         ,Cynthia,Quirouette,Cloudy,Angle,no,no,no,no,no,False
103015788,METROPOLITAN NASHVILLE POLICE DEPT,20210346098,Davidson,Nashville,6/25/2021 8:04:00 AM,2,0,0,36.081100,-86.758360,HARDING PL,,,,0.00,,,TROUSDALE DR,,,,0.00,Y,Four-Way,N,Intersection,None,,,         ,Gregory,Rdzok,Clear,"Sideswipe, Same Direction",no,no,no,no,no,False
103015789,METROPOLITAN NASHVILLE POLICE DEPT,20210346157,Davidson,Nashville,6/25/2021 8:43:00 AM,2,0,0,36.141180,-86.717540,I 40,,,,0.00,,,,,,,213.20,N,Not at Intersection,N,Non-Junction,None,,,         ,Michael,Dance,Clear,Front to Rear,no,no,no,no,no,False
103015799,METROPOLITAN NASHVILLE POLICE DEPT,20210346164,Davidson,Nashville,6/25/2021 8:20:00 AM,2,0,0,36.138400,-86.727370,I24E,,,,312.00,Feet,West,I24 W ENT RAMP,,,,0.00,N,Not at Intersection, ,,None,,,         ,Tyler,Hall,,,no,no,no,no,no,False
103015816,METROPOLITAN NASHVILLE POLICE DEPT,20210346239,Davidson,Nashville,6/25/2021 9:32:00 AM,2,0,0,36.134870,-86.727100,I 24,,,,0.00,,,,,,,52.00,N,Not at Intersection,N,Non-Junction,None,,,         ,Joe,Hooper,Clear,Front to Rear,no,no,no,no,no,False
103015820,METROPOLITAN NASHVILLE POLICE DEPT,20210346008,Davidson,Nashville,6/25/2021 7:17:00 AM,1,2,0,36.055000,-86.641660,ZELIDA AV,,,,55.00,Feet,West,HICKORY CLUB DR,,,,0.00,N,Not at Intersection,N,Non-Junction,None,,,         ,Darrin,Hardin,Cloudy,Not Collision with Motor Vehicle in Transport,no,no,no,no,no,False
103015828,METROPOLITAN NASHVILLE POLICE DEPT,20210346253,Davidson,Nashville,6/25/2021 9:42:00 AM,2,0,0,36.134260,-86.777360,WEDGEWOOD AV,,,,100.00,Feet,West,I65 S ENT RAMP,,,,0.00,N,Not at Intersection, ,Non-Junction,None,,,         ,Earl,Davis,Clear,Front to Rear,no,no,no,no,no,False
103015840,METROPOLITAN NASHVILLE POLICE DEPT,20210346305,Davidson,Nashville,6/25/2021 10:05:00 AM,2,0,0,36.045280,-86.714150,OLD HICKORY BLVD,,,,191.00,Feet,East,BRENTWOOD EAST DR,,,,0.00,N,Not at Intersection, ,Non-Junction,None,,,         ,Gregory,Rdzok,Clear,Angle,no,no,no,no,no,False
103015849,METROPOLITAN NASHVILLE POLICE DEPT,20210346301,Davidson,Nashville,6/25/2021 9:56:00 AM,2,0,0,36.143190,-86.685610,I 40,,,,0.00,,,,,,,215.50,N,Not at Intersection, ,Non-Junction,None,,,         ,Michael,Dance,Clear,Front to Rear,no,no,no,no,no,False
103015850,METROPOLITAN NASHVILLE POLICE DEPT,20210346320,Davidson,Nashville,6/25/2021 9:58:00 AM,2,0,0,36.173630,-86.602230,CENTRAL PKE,,,,26.00,Feet,West,OLD HICKORY BLVD,,,,0.00,N,Not at Intersection,N,Non-Junction,None,,,         ,Rex,Engelbert,Clear,"Sideswipe, Same Direction",no,no,no,no,yes,False
103015851,METROPOLITAN NASHVILLE POLICE DEPT,20210346392,Davidson,Nashville,6/25/2021 11:06:00 AM,2,0,0,36.199770,-86.776600,I 65,,,,0.00,,,,,,,86.85,N,Not at Intersection, ,Non-Junction,None,,,         ,Megan,Lamon,Clear,"Sideswipe, Same Direction",no,no,no,no,yes,False
103015853,METROPOLITAN NASHVILLE POLICE DEPT,20210346343,Davidson,Nashville,6/25/2021 10:40:00 AM,1,0,0,36.062260,-86.904760,HIGHWAY 100,,,,43.00,Feet,West,OLD HICKORY BLVD,,,,0.00,N,Not at Intersection,N,Non-Junction,None,,,         ,Wesley,Tilley,Cloudy,Not Collision with Motor Vehicle in Transport,no,no,no,no,no,False
103015861,METROPOLITAN NASHVILLE POLICE DEPT,20210346375,Davidson,Not in City Limit,6/25/2021 10:53:00 AM,1,1,0,35.992090,-86.657300,BURKITT RD,,,,734.00,Feet,West,WHITTEMORE LN,,,,0.00,N,Not at Intersection,N,Non-Junction,None,,,         ,Joe,Hooper,Cloudy,Not Collision with Motor Vehicle in Transport,no,no,no,no,no,False
103015885,METROPOLITAN NASHVILLE POLICE DEPT,20210346424,Davidson,Nashville,6/25/2021 11:30:00 AM,3,2,0,36.044790,-86.724870,OLD HICKORY BLVD,,,,0.00,,,AMALIE DR,,,,0.00,Y,Four-Way,N,Intersection-Related,None,,,         ,Earl,Davis,Cloudy,"Sideswipe, Same Direction",no,no,no,no,no,False
103015902,METROPOLITAN NASHVILLE POLICE DEPT,20210346324,Davidson,Nashville,6/25/2021 10:15:00 AM,2,0,0,36.177540,-86.800790,I 65,,,,0.00,,,,,,,86.00,N,Not at Intersection,N,Non-Junction,None,,,         ,Derek,Garcia,Clear,Front to Rear,no,no,no,no,yes,False
103015909,METROPOLITAN NASHVILLE POLICE DEPT,20210346261,Davidson,Nashville,6/25/2021 9:41:00 AM,2,1,0,36.044810,-86.662170,BELL RD,,,,190.00,Feet,West,CANE RIDGE RD,,,,0.00,N,Not at Intersection,N,Non-Junction,None,,,         ,Martin,Brown,Clear,Angle,no,no,no,no,yes,False
103015924,METROPOLITAN NASHVILLE POLICE DEPT,20210346540,Davidson,Nashville,6/25/2021 12:50:00 PM,2,0,0,36.134230,-86.774730,WEDGEWOOD AV,,,,0.00,,,I65 N ENT RAMP,,,,0.00,Y,Four-Way, ,Intersection-Related,None,,,         ,Earl,Davis,Cloudy,Front to Rear,no,no,no,no,no,False
103015925,METROPOLITAN NASHVILLE POLICE DEPT,20210346477,Davidson,Nashville,6/25/2021 11:43:00 AM,2,1,0,36.120600,-86.802570,I440 W EXT RAMP,,,,0.00,Feet,East,I 440,,,,0.00,N,Not at Intersection,Y,Non-Junction,None,,,         ,Cynthia,Quirouette,Cloudy,Front to Rear,no,no,no,no,no,False
103015936,METROPOLITAN NASHVILLE POLICE DEPT,20210346454,Davidson,Nashville,6/25/2021 11:52:00 AM,2,0,0,36.135800,-86.725040,MURFREESBORO PKE,,,,0.00,,,SPENCE LN,,,,0.00,Y,Four-Way, ,Intersection,None,,,         ,Michael,Dance,Clear,Front to Rear,no,no,no,no,no,False
103015951,METROPOLITAN NASHVILLE POLICE DEPT,20210346491,Davidson,Nashville,6/25/2021 12:20:00 PM,2,0,0,36.135800,-86.725040,MURFREESBORO PKE,,,,0.00,,,SPENCE LN,,,,0.00,Y,Four-Way, ,Non-Junction,None,,,         ,Michael,Dance,Clear,Front to Rear,no,no,no,no,no,False
103015960,METROPOLITAN NASHVILLE POLICE DEPT,20210346523,Davidson,Nashville,6/25/2021 12:15:00 PM,2,0,0,36.141510,-86.740460,MURFREESBORO PKE,,,,25.00,Feet,South,FOSTER AV,,,,0.00,N,Not at Intersection,N,Non-Junction,None,,,         ,Joe,Hooper,Cloudy,"Sideswipe, Same Direction",no,no,no,no,yes,False
103015972,METROPOLITAN NASHVILLE POLICE DEPT,20210346486,Davidson,Nashville,6/25/2021 12:08:00 PM,2,0,0,36.186680,-86.764480,CLEVELAND ST,,,,0.00,,,LISCHEY AV,,,,0.00,Y,Four-Way,N,Intersection,None,,,         ,Nicholas,Cochran,Cloudy,Angle,no,no,no,no,no,False
103015974,METROPOLITAN NASHVILLE POLICE DEPT,20210346516,Davidson,Nashville,6/25/2021 12:38:00 PM,2,0,0,36.246950,-86.778570,BRICK CHURCH PKE,,,,311.00,Feet,South,VILLAGE TRL,,,,0.00,N,Not at Intersection, ,Non-Junction,Work Zone,,,         ,Scott,Edwards,Cloudy,Front to Rear,no,no,no,no,no,False
103015997,METROPOLITAN NASHVILLE POLICE DEPT,20210346580,Davidson,Nashville,6/25/2021 1:14:00 PM,2,1,0,36.104400,-86.815000,HILLSBORO PKE,,,,185.00,Feet,South,RICHARD JONES RD,,,,0.00,N,Not at Intersection,N,Non-Junction,None,,,         ,Bradley,Pope,Cloudy,Angle,no,no,no,no,no,False
103016007,METROPOLITAN NASHVILLE POLICE DEPT,20210346535,Davidson,Nashville,6/25/2021 12:29:00 PM,2,1,0,36.141160,-86.717720,I 40,,,,0.00,,,,,,,213.25,N,Not at Intersection,N,Non-Junction,None,,,         ,Larry,Benz,Clear,Front to Rear,no,no,no,no,no,False
103016008,METROPOLITAN NASHVILLE POLICE DEPT,20210346504,Davidson,Nashville,6/25/2021 12:29:00 PM,3,1,0,36.141410,-86.716060,I 40,,,,0.00,,,,,,,213.15,N,Not at Intersection,N,Non-Junction,None,,,         ,Michael,Dance,Clear,Front to Rear,no,no,no,no,no,False
103016030,METROPOLITAN NASHVILLE POLICE DEPT,20210346570,Davidson,Nashville,6/25/2021 11:57:00 AM,2,1,0,36.171430,-86.769040,INTERSTATE DR,,,,0.00,,,MAIN ST,,,,0.00,Y,Four-Way,N,Intersection,None,,,         ,Michael,Douglas,Cloudy,Front to Rear,no,no,no,no,yes,False
103016031,METROPOLITAN NASHVILLE POLICE DEPT,20210346595,Davidson,Nashville,6/25/2021 1:22:00 PM,2,2,0,36.197610,-86.837320,CLARKSVILLE PKE,,,,0.00,,,ASHLAND CITY HWY,,,,0.00,Y,Y-Intersection,Y,Intersection,Construction Zone,Work On Shoulder Or Median,Before First Warning Area,         ,Garren,Hoskins,Cloudy,HeadOn,no,no,no,no,no,False
103016082,METROPOLITAN NASHVILLE POLICE DEPT,20210346639,Davidson,Nashville,6/25/2021 1:34:00 PM,2,0,0,36.110940,-86.745220,THOMPSON LN,,,,0.00,Feet,,NOLENSVILLE PKE,,,,0.00,Y,Four-Way, ,Intersection,None,,,         ,Neil,Wolfe,Clear,Angle,no,no,no,no,no,False
103016109,GOODLETTSVILLE POLICE DEPT,21-17113,Davidson,Goodlettsville,6/25/2021 1:05:00 PM,2,0,0,36.324260,-86.701190,CONFERENCE DR,,,,270.00,Feet,North,NORTHGATE CIR,,,,0.00,N,Not at Intersection, ,Non-Junction,None,,,         ,George,Henry,Clear,Angle,no,no,no,no,no,False
103016111,METROPOLITAN NASHVILLE POLICE DEPT,20210346719,Davidson,Nashville,6/25/2021 2:55:00 PM,1,1,0,36.202420,-86.739150,LITTON AV,,,,0.00,Feet,,GALLATIN PKE,,,,0.00,Y,T-Intersection,N,Intersection,None,,,         ,Kevin,Clausius,Cloudy,Not Collision with Motor Vehicle in Transport,yes,no,no,no,yes,False
103016122,GOODLETTSVILLE POLICE DEPT,21-17117,Davidson,Goodlettsville,6/25/2021 2:30:00 PM,3,0,0,36.305660,-86.706590,I 65,,,,0.00,,,,,,,95.65,N,Not at Intersection, ,Non-Junction,None,,,         ,William,Hunter,Cloudy,Front to Rear,no,no,no,no,no,False
103016142,METROPOLITAN NASHVILLE POLICE DEPT,20210346736,Davidson,Nashville,6/25/2021 3:11:00 PM,2,0,0,36.171610,-86.799080,I40 E ENT RAMP,,,,0.00,Feet,East,I 40,,,,0.00,N,Not at Intersection,N,Non-Junction,None,,,         ,Jerica,Gladston,Clear,"Sideswipe, Same Direction",no,no,no,no,no,False
103016183,METROPOLITAN NASHVILLE POLICE DEPT,20210346738,Davidson,Nashville,6/25/2021 12:00:00 AM,2,0,0,36.080840,-86.726730,NOLENSVILLE PKE,,,,466.00,Feet,North,HARDING PL,,,,0.00,N,Not at Intersection,N,Non-Junction,None,,,         ,Justin,mathias,Cloudy,Angle,no,no,no,no,no,False
103016191,METROPOLITAN NASHVILLE POLICE DEPT,20210346732,Davidson,Nashville,6/25/2021 3:10:00 PM,2,0,0,36.136510,-86.724620,SPENCE LN,,,,284.00,Feet,East,MURFREESBORO PKE,,,,0.00,N,Not at Intersection, ,Non-Junction,None,,,         ,Rami,Rouhi,Clear,Angle,no,no,no,no,no,False
103016192,METROPOLITAN NASHVILLE POLICE DEPT,20210346750,Davidson,Nashville,6/25/2021 3:21:00 PM,2,1,0,36.053660,-86.715020,NOLENSVILLE PKE,,,,0.00,,,BREWER DR,,,,0.00,Y,Four-Way,N,Intersection-Related,None,,,         ,Thomas,Vasquez,Clear,Angle,no,no,no,no,no,False
103016200,METROPOLITAN NASHVILLE POLICE DEPT,20210346673,Davidson,Nashville,6/25/2021 2:00:00 PM,2,0,0,36.162900,-86.776860,COMMERCE ST,,,,0.00,,,3RD AVN,,,,0.00,Y,Four-Way,N,Intersection,None,,,         ,Jacob,Krispin,Cloudy,Front to Rear,no,no,no,no,yes,False
103016229,METROPOLITAN NASHVILLE POLICE DEPT,20210346809,Davidson,Nashville,6/25/2021 4:00:00 PM,2,0,0,36.178520,-86.749840,FORREST AV,,,,0.00,,,N 11TH ST,,,,0.00,Y,Four-Way, ,Intersection,None,,,         ,Zachary,Aldrich,Cloudy,Front to Rear,no,no,no,no,no,False
103016233,METROPOLITAN NASHVILLE POLICE DEPT,20210344645,Davidson,Nashville,6/24/2021 3:56:00 PM,4,4,0,36.150380,-86.697310,ELM HILL PKE,,,,160.00,Feet,East,AIR LANE DR,,,,0.00,N,Not at Intersection,N,Non-Junction,None,,,         ,Cressie,Prill,Clear,HeadOn,no,no,no,no,no,False
103016235,METROPOLITAN NASHVILLE POLICE DEPT,20210346844,Davidson,Nashville,6/25/2021 4:19:00 PM,2,2,0,36.185230,-86.760290,ELLINGTON PKWY S EXT RAMP,,,,0.00,,,CLEVELAND ST,,,,0.00,Y,OTHER,N,Entrance/Exit Ramp Related,None,,,         ,Cooper,HIll,Clear,Angle,no,no,no,no,no,False
103016237,METROPOLITAN NASHVILLE POLICE DEPT,20210346806,Davidson,Nashville,6/25/2021 2:42:00 PM,3,0,0,36.059650,-86.679240,I 24,,,,0.00,,,,,,,57.90,N,Not at Intersection,N,Non-Junction,None,,,         ,Steven,Bowler,Cloudy,Angle,no,no,no,no,yes,False
103016246,METROPOLITAN NASHVILLE POLICE DEPT,20210346695,Davidson,Not in City Limit,6/25/2021 12:00:00 AM,2,1,0,36.267560,-86.710820,GALLATIN PKEN,,,,134.00,Feet,South,CUMBERLAND AV,,,,0.00,N,Not at Intersection,N,Non-Junction,None,,,         ,Amanda,Topping,Cloudy,Front to Rear,no,no,no,no,no,False
103016247,METROPOLITAN NASHVILLE POLICE DEPT,20210346832,Davidson,Nashville,6/25/2021 12:00:00 AM,3,2,0,36.096190,-86.737690,NOLENSVILLE PKE,,,,15.00,Feet,North,ALLIED DR,,,,0.00,N,Not at Intersection,Y,Non-Junction,None,,,         ,Justin,mathias,Cloudy,Angle,no,no,no,no,no,False
103016248,METROPOLITAN NASHVILLE POLICE DEPT,20210346810,Davidson,Nashville,6/25/2021 4:00:00 PM,3,0,0,36.142230,-86.742610,MURFREESBORO PKE,,,,68.00,Feet,East,POLK AV,,,,0.00,N,Not at Intersection,N,Non-Junction,None,,,         ,Andrew,Brazee,Cloudy,Front to Rear,no,no,no,no,no,False
103016255,METROPOLITAN NASHVILLE POLICE DEPT,20210346790,Davidson,Nashville,6/25/2021 3:47:00 PM,3,2,0,36.150740,-86.822520,I-440 W,,,,0.00,,West,,,I,,0.60,N,Not at Intersection,N,Non-Junction,None,,,         ,Dakota,Davis,Cloudy,Front to Rear,no,no,no,no,no,False
103016260,METROPOLITAN NASHVILLE POLICE DEPT,20210346757,Davidson,Nashville,6/25/2021 3:25:00 PM,2,0,0,36.091940,-86.704870,I 24,,,,0.00,,,,,,,55.20,N,Not at Intersection,N,Non-Junction,None,,,         ,Josh,Lauton,Cloudy,Front to Rear,no,no,no,no,no,False
103016262,METROPOLITAN NASHVILLE POLICE DEPT,20210346917,Davidson,Nashville,6/25/2021 4:46:00 PM,2,0,0,36.115710,-86.695720,MURFREESBORO PKE,,,,495.00,Feet,West,PINEWAY DR,,,,0.00,N,Not at Intersection, ,Non-Junction,None,,,         ,Taylor,Blackwelder,Clear,Front to Rear,no,no,no,no,no,False
103016285,METROPOLITAN NASHVILLE POLICE DEPT,20210346942,Davidson,Nashville,6/25/2021 4:38:00 PM,2,1,0,36.151150,-86.857800,WHITE BRIDGE PKE,,,,0.00,,,WHITE BRIDGE PL,,,,0.00,Y,OTHER,N,Intersection,None,,,         ,Kyle,Lund,Cloudy,Angle,no,no,no,no,no,False
103016322,METROPOLITAN NASHVILLE POLICE DEPT,20210346978,Davidson,Nashville,6/25/2021 5:43:00 PM,2,1,0,36.227910,-86.759570,DICKERSON PKE,,,,541.00,Feet,South,BROADMOOR DR,,,,0.00,N,Not at Intersection,N,Non-Junction,None,,,         ,Cooper,HIll,Clear,Angle,no,no,no,no,no,False
103016334,METROPOLITAN NASHVILLE POLICE DEPT,20210346993,Davidson,Nashville,6/25/2021 5:44:00 PM,2,1,0,36.147430,-86.799390,GRAND AV,,,,0.00,,,21ST AVS,,,,0.00,Y,T-Intersection,N,Intersection,None,,,         ,Burton,Beeson,Clear,"Sideswipe, Same Direction",no,no,no,no,no,Campus
103016343,METROPOLITAN NASHVILLE POLICE DEPT,20210347078,Davidson,Nashville,6/25/2021 6:04:00 PM,2,1,0,36.130930,-86.897990,CHARLOTTE PKE,,,,356.00,Feet,West,I40 E EXT RAMP,,,,0.00,N,Not at Intersection,N,Non-Junction,None,,,         ,Brandon,Pedigo,Clear,Front to Rear,no,no,no,no,no,False
103016345,METROPOLITAN NASHVILLE POLICE DEPT,20210346930,Davidson,Nashville,6/25/2021 2:55:00 PM,2,0,0,36.080500,-86.726620,NOLENSVILLE PKE,,,,337.00,Feet,North,HARDING PL,,,,0.00,N,Not at Intersection, ,Non-Junction,None,,,         ,Cameron,VanLierop,Clear,Front to Rear,no,no,no,no,yes,False
103016347,METROPOLITAN NASHVILLE POLICE DEPT,20210347103,Davidson,Nashville,6/25/2021 1:24:00 PM,1,0,0,36.164120,-86.663910,DONELSON PKE,,,,194.00,Feet,South,BLUEFIELD AV,,,,0.00,N,Not at Intersection,N,Non-Junction,None,,,         ,Brandon,Chapman,Clear,Not Collision with Motor Vehicle in Transport,no,no,no,no,yes,False
103016356,METROPOLITAN NASHVILLE POLICE DEPT,20210347006,Davidson,Nashville,6/25/2021 12:00:00 AM,2,1,0,36.134990,-86.775690,I 65,,,,0.00,,,,,,,81.45,N,Not at Intersection,N,Non-Junction,None,,,         ,Wyatt,Blacker,Clear,Front to Rear,no,no,no,no,no,False
103016359,METROPOLITAN NASHVILLE POLICE DEPT,20210347108,Davidson,Nashville,6/25/2021 6:11:00 PM,2,0,0,36.153210,-86.786430,LAUREL ST,,,,296.00,Feet,West,I40 W EXT RAMP,,,,0.00,N,Not at Intersection, ,Non-Junction,None,,,         ,Stephen,Waterman,Clear,Angle,no,no,no,no,no,False
103016360,METROPOLITAN NASHVILLE POLICE DEPT,20210346887,Davidson,Nashville,6/25/2021 3:55:00 PM,2,0,0,36.039630,-86.738700,OLD HICKORY BLVD,,,,139.00,Feet,East,HIGHLAND VILLA DR,,,,0.00,N,Not at Intersection,N,Non-Junction,None,,,         ,Thomas,Vasquez,Clear,Front to Rear,no,no,no,no,yes,False
103016367,METROPOLITAN NASHVILLE POLICE DEPT,20210347069,Davidson,Nashville,6/25/2021 12:00:00 AM,2,1,0,36.107790,-86.676870,MURFREESBORO PKE,,,,0.00,,,DELL PKWY,,,,0.00,Y,T-Intersection,N,Intersection,None,,,         ,Adam,Gartner,Clear,Front to Rear,no,no,no,no,no,False
103016368,METROPOLITAN NASHVILLE POLICE DEPT,20210347005,Davidson,Nashville,6/25/2021 5:40:00 PM,2,0,0,36.141560,-86.776570,I 65,,,,0.00,,,,,,,82.00,N,Not at Intersection, ,,None,,,         ,Alex,Gibson,,,no,no,no,no,no,False
103016369,METROPOLITAN NASHVILLE POLICE DEPT,20210347089,Davidson,Nashville,6/25/2021 6:39:00 PM,3,1,0,36.149680,-86.779390,DIVISION ST,,,,61.00,Feet,West,8TH AVS,,,,0.00,N,Not at Intersection,N,Non-Junction,None,,,         ,Michael,Moss,Clear,Angle,no,no,no,no,no,False
103016372,METROPOLITAN NASHVILLE POLICE DEPT,20210347085,Davidson,Nashville,6/25/2021 6:15:00 PM,2,0,0,36.142090,-86.742210,MURFREESBORO PKE,,,,157.00,Feet,West,CLEVELAND AV,,,,0.00,N,Not at Intersection, ,Non-Junction,None,,,         ,Donovan,Coble,Clear,Front to Rear,no,no,no,no,no,False
103016373,METROPOLITAN NASHVILLE POLICE DEPT,20210346763,Davidson,Nashville,6/25/2021 3:31:00 PM,1,1,0,36.144310,-86.692990,I40 W EXT RAMP,,,,0.00,Feet,East,I 40,,,,0.00,N,Not at Intersection,N,Entrance/Exit Ramp Related,None,,,         ,Dontaveous,Eubanks,Clear,Not Collision with Motor Vehicle in Transport,no,no,no,no,no,False
103016376,METROPOLITAN NASHVILLE POLICE DEPT,20210346717,Davidson,Nashville,6/25/2021 2:00:00 PM,2,0,0,36.108030,-86.813570,GREEN HILLS VILLAGE DR,,,,278.00,Feet,West,US HWY 431,,,,0.00,N,Not at Intersection,N,OtherLocation,None,,,         ,Matthew,Turppa,Cloudy,Other,no,no,no,yes,yes,False
103016398,METROPOLITAN NASHVILLE POLICE DEPT,20210347162,Davidson,Nashville,6/25/2021 6:20:00 PM,3,0,0,36.156690,-86.780720,8TH AVS,,,,75.00,Feet,South,DEMONBREUN ST,,,,0.00,N,Not at Intersection,N,"Driveway, Alley Access, etc",None,,,         ,Jaren,Breece,Clear,Front to Rear,no,no,no,no,yes,False
103016400,VANDERBILT UNIVERSITY POLICE,20210347188,Davidson,Nashville,6/25/2021 7:40:00 PM,2,0,0,36.150430,-86.798590,20TH AVS,,,,0.00,,,TERRACE PL,,,,0.00,Y,T-Intersection, ,Intersection-Related,None,,,         ,Michael,Wyers,Clear,"Sideswipe, Same Direction",no,no,no,no,no,Campus
103016403,METROPOLITAN NASHVILLE POLICE DEPT,20210347167,Davidson,Nashville,6/25/2021 7:32:00 PM,1,1,0,36.154710,-86.759800,I 40,,,,0.00,,,,,,,211.00,N,Not at Intersection,N,Non-Junction,None,,,         ,Jason,Kedzierski,Clear,Not Collision with Motor Vehicle in Transport,no,no,no,no,no,False
103016406,WILLIAMSON CO SHERIFFS OFFICE,2115722,Davidson,Nashville,6/25/2021 8:16:00 PM,1,0,0,36.027830,-86.908290,SNEED RDW,,,,1479.00,Feet,West,WILLOWBROOKE CIR,,,,0.00,N,Not at Intersection,N,Non-Junction,None,,,         ,Adrian,Finch,Clear,Not Collision with Motor Vehicle in Transport,no,no,no,no,no,False
103016408,METROPOLITAN NASHVILLE POLICE DEPT,20210346979,Davidson,Nashville,6/25/2021 4:08:00 PM,2,0,0,36.115120,-86.777570,I65 ENT RAMP,,,,0.00,Feet,East,BATTLEFIELD DR,,,,0.00,N,Not at Intersection, ,Entrance/Exit Ramp Related,None,,,         ,Savannah,Starbuck,Clear,Front to Rear,no,no,no,no,no,False
103016416,METROPOLITAN NASHVILLE POLICE DEPT,20210347146,Davidson,Nashville,6/25/2021 7:16:00 PM,2,1,0,36.241270,-86.757270,BRILEY PKWYE,,,,0.00,Feet,,DICKERSON PKE,,,,0.00,Y,OTHER,N,Intersection,None,,,         ,Brandon,Lopez,Clear,Angle,no,no,no,no,no,False