master_record_number,agency,agency_tracking_number,county,city,collision_date,vehicles_involved,number_injured,number_dead,latitude,longitude,roadway_name,roadway_suffix,roadway_number,roadway_local_id,distance_from_reference,miles-feet_indicator,direction_from_reference,intersection_road_name,intersection_road_name_suffix,intersection_road_number,intersection_local_id,mile_marker,intersection_indicator,intersect_type,interchange_related_indicator,relation_to_junction,work_zone_type,construction_maintenance_zone,construction_maintenance_zone_location,fatal_case_number,officer_first_name,officer_last_name,weather_condition(s),manner_of_crash,pedestrian,bicycle,scooter,parking,hitrun,mou
103018881,METROPOLITAN NASHVILLE POLICE DEPT,20210351990,Davidson,Nashville,6/28/2021 7:50:00 PM,2,0,0,36.205280,-86.749990,ELLINGTON PKWYN,,,,225.00,Feet,North,ELLINGTON PKWYS,,,,0.00,N,Not at Intersection,N,Non-Junction,None,,,         ,Flynn,Ireland,Clear,Front to Rear,no,no,no,no,no,False
103018894,METROPOLITAN NASHVILLE POLICE DEPT,20210352098,Davidson,Nashville,6/28/2021 8:38:00 PM,2,0,0,36.043440,-86.668480,ARBOR PL,,,,0.00,,,ARBOR COMMON,,,,0.00,Y,T-Intersection,N,Intersection,None,,,         ,Robert,Higgins,Clear,Angle,no,no,no,no,yes,False
103018901,METROPOLITAN NASHVILLE POLICE DEPT,20210352043,Davidson,Nashville,6/28/2021 2:35:00 PM,2,0,0,36.152020,-86.771920,LAFAYETTE ST,,,,100.00,Feet,East,ASH ST,,,,0.00,N,Not at Intersection,N,Non-Junction,None,,,         ,Michael,Moss,Unknown,Angle,no,no,no,no,no,False
103018939,METROPOLITAN NASHVILLE POLICE DEPT,20210351997,Davidson,Nashville,6/28/2021 7:58:00 PM,2,0,0,36.154020,-86.629530,I40 E EXT RAMP,,,,0.00,,,I 40,,,,0.00,Y,T-Intersection, ,Entrance/Exit Ramp Related,None,,,         ,David,Stanley,Clear,Front to Rear,no,no,no,no,no,False
103018940,METROPOLITAN NASHVILLE POLICE DEPT,20210351630,Davidson,Not in City Limit,6/28/2021 3:22:00 PM,2,0,0,36.269930,-86.736470,I 65,,,,0.00,,,,,,,92.65,N,Not at Intersection, ,Non-Junction,None,,,         ,Austin,Bowles,Clear,Front to Rear,no,no,no,no,yes,False
103018941,METROPOLITAN NASHVILLE POLICE DEPT,20210351729,Davidson,Nashville,6/28/2021 4:43:00 PM,2,1,0,36.149990,-86.858650,CHARLOTTE PKE,,,,215.00,Feet,West,WHITE BRIDGE PKE,,,,0.00,N,Not at Intersection,N,Non-Junction,None,,,         ,Torian,Cox,Clear,Angle,no,no,no,no,no,False
103018955,METROPOLITAN NASHVILLE POLICE DEPT,20210352127,Davidson,Nashville,6/28/2021 9:30:00 PM,2,0,0,36.176640,-86.771010,SPRING ST,,,,0.00,,,DICKERSON PKE,,,,0.00,Y,T-Intersection,N,Intersection,None,,,         ,Justen,Ogle,Clear,Angle,no,no,no,no,no,False
103018956,METROPOLITAN NASHVILLE POLICE DEPT,20210352083,Davidson,Not in City Limit,6/28/2021 8:58:00 PM,2,1,0,36.079570,-86.953510,HIGHWAY 70S,,,,0.00,,,COLEY DAVIS RD,,,,0.00,Y,Four-Way,N,Intersection-Related,None,,,         ,Brandon,Pedigo,Clear,"Sideswipe, Same Direction",no,no,no,no,no,False
103018984,METROPOLITAN NASHVILLE POLICE DEPT,20210352100,Davidson,Nashville,6/28/2021 12:00:00 AM,1,0,0,36.136430,-86.784540,WADE AV,,,,0.00,,,10TH AVS,,,,0.00,Y,T-Intersection,Y,Intersection-Related,None,,,         ,Wyatt,Blacker,Clear,Not Collision with Motor Vehicle in Transport,no,no,no,no,yes,False
103018986,METROPOLITAN NASHVILLE POLICE DEPT,20210352017,Davidson,Nashville,6/28/2021 6:53:00 PM,2,0,0,36.141880,-86.637210,ELM HILL PKE,,,,0.00,,,TRAILS END LN,,,,0.00,Y,T-Intersection,N,Intersection,None,,,         ,Theodore,Flick,Clear,Unknown,no,no,no,no,yes,False
103019004,METROPOLITAN NASHVILLE POLICE DEPT,20210352144,Davidson,Nashville,6/28/2021 9:56:00 PM,3,1,0,36.321480,-86.861830,CHASEPOINT PL,,,,61.00,Feet,West,UNION HILL RD,,,,0.00,N,Not at Intersection,N,Non-Junction,None,,,         ,Alec,Pellissier,Clear,Angle,no,no,no,no,no,False
103019032,METROPOLITAN NASHVILLE POLICE DEPT,20210352326,Davidson,Not in City Limit,6/29/2021 12:50:00 AM,2,0,0,36.013850,-86.620120,I 24,,,,0.00,,,,,,,62.60,N,Not at Intersection,N,Non-Junction,None,,,         ,Dylan,Ramos,Clear,Front to Rear,no,no,no,no,no,False
103019033,METROPOLITAN NASHVILLE POLICE DEPT,20210352315,Davidson,Nashville,6/29/2021 12:22:00 AM,2,0,0,36.072000,-86.691580,I24 E EXT RAMP,,,,0.00,Feet,East,I 24,,,,0.00,N,Not at Intersection,N,Non-Junction,None,,,         ,William,Williams,Clear,"Sideswipe, Same Direction",no,no,no,no,yes,False
103019037,METROPOLITAN NASHVILLE POLICE DEPT,20210352319,Davidson,Nashville,6/29/2021 12:46:00 AM,2,0,0,36.081020,-86.634600,EDGE O LAKE DR,,,,258.00,Feet,North,WILLOWBRANCH DR,,,,0.00,N,Not at Intersection,N,Non-Junction,None,,,         ,Bridget,Griepentrog,Clear,HeadOn,no,no,no,no,no,False
103019126,GOODLETTSVILLE POLICE DEPT,21-17448,Davidson,Goodlettsville,6/28/2021 5:22:00 PM,3,1,0,36.312090,-86.679660,VIETNAM VETERANS BLVDS,,,,0.90,Miles,East,VIETNAM VETERANS BLVD SB EXT R,,,,0.00,N,Not at Intersection,N,Non-Junction,None,,,         ,Brian,Hajdu,Rain,Front to Rear,no,no,no,no,no,False
103019143,METROPOLITAN NASHVILLE POLICE DEPT,20210348242,Davidson,Nashville,6/26/2021 12:15:00 PM,2,0,0,36.172090,-86.768770,I 24,,,,0.00,,,,,,,48.30,N,Not at Intersection, ,Non-Junction,None,,,         ,Derek,Garcia,Clear,Front to Rear,no,no,no,no,no,False
103019148,METROPOLITAN NASHVILLE POLICE DEPT,20210352591,Davidson,Nashville,6/29/2021 5:55:00 AM,2,2,0,36.025460,-86.587320,MURFREESBORO RD,,,,19.00,Feet,South,MURFREESBORO PKE,,,,0.00,N,Not at Intersection,N,Non-Junction,None,,,         ,Dylan,Ramos,Clear,Angle,no,no,no,no,no,False
103019164,METROPOLITAN NASHVILLE POLICE DEPT,20210352665,Davidson,Nashville,6/29/2021 6:27:00 AM,2,0,0,36.040010,-86.743470,EDMONDSON PKE,,,,0.00,,,OLD HICKORY BLVD,,,,0.00,Y,Four-Way, ,,None,,,         ,Earl,Davis,,,no,no,no,no,no,False
103019174,METROPOLITAN NASHVILLE POLICE DEPT,20210352699,Davidson,Nashville,6/29/2021 7:43:00 AM,2,0,0,36.206080,-86.771100,W TRINITY LN,,,,0.00,,,LUCAS LN,,,,0.00,Y,Four-Way, ,Intersection,None,,,         ,Megan,Lamon,Clear,"Sideswipe, Same Direction",no,no,no,no,yes,False
103019176,METROPOLITAN NASHVILLE POLICE DEPT,20210352691,Davidson,Nashville,6/29/2021 7:28:00 AM,2,0,0,36.176200,-86.766220,ELLINGTON PKWYS,,,,53.00,Feet,North,SPRING ST,,,,0.00,N,Not at Intersection,N,Non-Junction,None,,,         ,Jarret,Sonnenberg,Clear,Front to Rear,no,no,no,no,no,False
103019177,METROPOLITAN NASHVILLE POLICE DEPT,20210352706,Davidson,Nashville,6/29/2021 7:40:00 AM,2,0,0,36.157670,-86.790970,I 40,,,,0.00,,,I40 E EXT RAMP,,,,0.00,Y,OTHER,N,Entrance/Exit Ramp Related,None,,,         ,Earl,Davis,Clear,"Sideswipe, Same Direction",no,no,no,no,yes,False
103019192,METROPOLITAN NASHVILLE POLICE DEPT,20210352707,Davidson,Nashville,6/29/2021 7:42:00 AM,2,0,0,36.056380,-86.676140,I 24,,,,0.00,,,,,,,58.20,N,Not at Intersection, ,Non-Junction,None,,,         ,Joe,Hooper,Clear,"Sideswipe, Same Direction",no,no,no,no,no,False
103019195,METROPOLITAN NASHVILLE POLICE DEPT,20210352766,Davidson,Nashville,6/29/2021 8:01:00 AM,2,0,0,36.152050,-86.791350,DIVISION ST,,,,50.00,Feet,South,DEMONBREUN ST,,,,0.00,N,Not at Intersection,N,OtherLocation,None,,,         ,Earl,Davis,Clear,"Sideswipe, Same Direction",no,no,no,no,yes,False
103019215,METROPOLITAN NASHVILLE POLICE DEPT,20210352861,Davidson,Not in City Limit,6/29/2021 9:00:00 AM,2,0,0,36.109580,-86.933650,CHARLOTTE PKE,,,,483.00,Feet,East,WOODLAND WAY,,,,0.00,N,Not at Intersection, ,Non-Junction,None,,,         ,Wesley,Tilley,Clear,Angle,no,no,no,yes,yes,False
103019223,METROPOLITAN NASHVILLE POLICE DEPT,20210352896,Davidson,Nashville,6/29/2021 9:33:00 AM,2,1,0,36.117950,-86.752800,CRUZEN ST,,,,0.00,,,NEWSOME ST,,,,0.00,Y,Four-Way,N,Intersection,None,,,         ,Earl,Davis,Cloudy,Angle,no,no,no,no,no,False
103019225,METROPOLITAN NASHVILLE POLICE DEPT,20210352826,Davidson,Goodlettsville,6/29/2021 8:49:00 AM,1,1,0,36.287740,-86.725730,I 65,,,,0.00,,,,,,,94.00,N,Not at Intersection,N,Non-Junction,None,,,         ,Scott,Edwards,Clear,Not Collision with Motor Vehicle in Transport,no,no,no,no,no,False
103019233,METROPOLITAN NASHVILLE POLICE DEPT,20210352901,Davidson,Nashville,6/29/2021 8:16:00 AM,1,0,0,36.141850,-86.753230,HART ST,,,,0.00,,,LESTER AV,,,,0.00,Y,Roundabout, ,Intersection-Related,None,,,         ,Joe,Hooper,Clear,Not Collision with Motor Vehicle in Transport,no,no,no,no,no,False
103019261,METROPOLITAN NASHVILLE POLICE DEPT,20210353028,Davidson,Nashville,6/29/2021 10:42:00 AM,2,2,0,36.141940,-86.781060,EDGEHILL AV,,,,0.00,,,HILLSIDE AV,,,,0.00,Y,Four-Way,N,Intersection,None,,,         ,Earl,Davis,Clear,Front to Rear,no,no,no,no,no,False
103019270,METROPOLITAN NASHVILLE POLICE DEPT,20210352936,Davidson,Nashville,6/29/2021 9:30:00 AM,2,1,0,36.142220,-86.759000,HART ST,,,,0.00,Feet,,LEWIS ST,,,,0.00,Y,Four-Way,N,Intersection,None,,,         ,Todd,Watson,Clear,Angle,no,no,no,no,no,False
103019280,METROPOLITAN NASHVILLE POLICE DEPT,20210353042,Davidson,Nashville,6/29/2021 10:18:00 AM,2,0,0,36.140080,-86.723530,I 40,,,,0.00,,,,,,,213.55,N,Not at Intersection, ,Entrance/Exit Ramp Related,None,,,         ,Michael,Brooks,,"Sideswipe, Same Direction",no,no,no,no,no,False
103019282,METROPOLITAN NASHVILLE POLICE DEPT,20210352986,Davidson,Nashville,6/29/2021 10:08:00 AM,2,0,0,36.179460,-86.678160,LUMAR LN,,,,0.00,,,MCGAVOCK PKE,,,,0.00,Y,Four-Way,N,Intersection,None,,,         ,Michael,Dance,Clear,Angle,no,no,no,no,no,False
103019285,METROPOLITAN NASHVILLE POLICE DEPT,20210353091,Davidson,Nashville,6/29/2021 11:13:00 AM,2,0,0,36.155650,-86.789720,14TH AVN,,,,0.00,,,BROADWAY,,,,0.00,Y,Four-Way,N,Intersection,None,,,         ,Earl,Davis,Clear,"Sideswipe, Same Direction",no,no,no,no,yes,False
103019292,METROPOLITAN NASHVILLE POLICE DEPT,20210353011,Davidson,Not in City Limit,6/29/2021 10:28:00 AM,2,1,0,36.265130,-86.732170,N GRAYCROFT AV,,,,248.00,Feet,North,OLD HICKORY BLVDW,,,,0.00,N,Not at Intersection,N,Non-Junction,None,,,         ,Joshua,Goepper,Clear,Angle,no,no,no,no,no,False
103019311,METROPOLITAN NASHVILLE POLICE DEPT,20210353043,Davidson,Nashville,6/29/2021 10:21:00 AM,2,0,0,36.183820,-86.773790,DICKERSON PKE,,,,217.00,Feet,South,HANCOCK ST,,,,0.00,N,Not at Intersection,N,Non-Junction,None,,,         ,Brandon,Evans,Clear,Front to Rear,no,no,no,no,yes,False
103019313,METROPOLITAN NASHVILLE POLICE DEPT,20210353041,Davidson,Nashville,6/29/2021 10:45:00 AM,2,0,0,36.151990,-86.850990,CHARLOTTE AV,,,,74.00,Feet,East,53RD AVN,,,,0.00,N,Not at Intersection, ,Non-Junction,None,,,         ,David,Kmosko,Clear,Angle,no,no,no,yes,no,False
103019318,METROPOLITAN NASHVILLE POLICE DEPT,20210353124,Davidson,Nashville,6/29/2021 11:44:00 AM,2,0,0,36.140260,-86.666330,I40 E EXT RAMP,,,,0.00,,East,DONELSON PKE,,,,0.00,N,Not at Intersection, ,Entrance/Exit Ramp Related,None,,,         ,MIchael,Mihajlov,,Front to Rear,no,no,no,no,no,False
103019330,METROPOLITAN NASHVILLE POLICE DEPT,20210353082,Davidson,Nashville,6/29/2021 11:28:00 AM,2,1,0,36.151760,-86.768630,2ND AVS,,,,0.00,,,I40 W EXT RAMP,,,,0.00,Y,Four-Way,N,Entrance/Exit Ramp Related,None,,,         ,Joshua,Reece,Clear,Angle,no,no,no,no,no,False
103019351,METROPOLITAN NASHVILLE POLICE DEPT,20210353145,Davidson,Nashville,6/29/2021 12:11:00 PM,2,0,0,36.169140,-86.680240,LEBANON PKE,,,,131.00,Feet,West,MCGAVOCK PKE,,,,0.00,N,Not at Intersection, ,Non-Junction,None,,,         ,Michael,Dance,,Other,no,no,no,yes,no,False
103019355,METROPOLITAN NASHVILLE POLICE DEPT,20210353140,Davidson,Nashville,6/29/2021 12:00:00 PM,2,0,0,36.152890,-86.683340,MCGAVOCK PKE,,,,30.00,Feet,North,ELM HILL PKE,,,,0.00,N,Not at Intersection,N,Non-Junction,None,,,         ,Sean,Fitzmaurice,Clear,Front to Rear,no,no,no,no,no,False
103019384,METROPOLITAN NASHVILLE POLICE DEPT,20210353299,Davidson,Not in City Limit,6/29/2021 1:28:00 PM,2,0,0,36.257210,-86.713990,GALLATIN PKES,,,,20.00,Feet,South,HARRINGTON AV,,,,0.00,N,Not at Intersection, ,Non-Junction,None,,,         ,Brian,Otto,Clear,Front to Rear,no,no,no,no,no,False
103019386,METROPOLITAN NASHVILLE POLICE DEPT,20210353272,Davidson,Nashville,6/29/2021 12:57:00 PM,2,0,0,36.155400,-86.637580,CENTERVIEW DR,,,,0.00,,,MCCRORY CREEK RD,,,,0.00,Y,T-Intersection,N,Intersection,None,,,         ,Michael,Brooks,Cloudy,"Sideswipe, Same Direction",no,no,no,no,yes,False
103019387,METROPOLITAN NASHVILLE POLICE DEPT,20210353123,Davidson,Nashville,6/29/2021 11:45:00 AM,2,0,0,36.169070,-86.679920,MCGAVOCK PKE,,,,106.00,Feet,South,LEBANON PKE,,,,0.00,N,Not at Intersection,N,Non-Junction,None,,,         ,Patrick,Lancaster,Clear,Angle,no,no,no,no,no,False
103019388,METROPOLITAN NASHVILLE POLICE DEPT,20210353280,Davidson,Not in City Limit,6/29/2021 1:15:00 PM,1,1,0,36.074810,-86.968490,COLEY DAVIS RD,,,,88.00,Feet,West,SCENIC RIVER LN,,,,0.00,N,Not at Intersection,N,Non-Junction,None,,,         ,Wesley,Tilley,Cloudy,Not Collision with Motor Vehicle in Transport,no,no,no,no,no,False
103019419,METROPOLITAN NASHVILLE POLICE DEPT,20210353321,Davidson,Nashville,6/29/2021 1:20:00 PM,2,0,0,36.084500,-86.703860,HARDING PL,,,,198.00,Feet,South,TRAVELERS INN DR,,,,0.00,N,Not at Intersection, ,Non-Junction,None,,,         ,Joe,Hooper,Cloudy,Front to Rear,no,no,no,yes,no,False
103019441,METROPOLITAN NASHVILLE POLICE DEPT,20210352064,Davidson,Nashville,6/28/2021 8:45:00 PM,2,0,0,36.176910,-86.774580,SPRING ST,,,,0.00,,,N 1ST ST,,,,0.00,Y,Four-Way, ,Intersection,None,,,         ,Nathaniel,Carroll,Clear,Front to Rear,no,no,no,no,no,False
103019501,METROPOLITAN NASHVILLE POLICE DEPT,20210353311,Davidson,Nashville,6/29/2021 1:36:00 PM,3,2,0,36.082100,-86.761700,HARDING PL,,,,0.00,,,SIDCO DR,,,,0.00,Y,Four-Way,N,Intersection,None,,,         ,Earl,Davis,Cloudy,Angle,no,no,no,no,no,False
103019517,METROPOLITAN NASHVILLE POLICE DEPT,20210353342,Davidson,Nashville,6/29/2021 1:54:00 PM,3,3,0,36.202430,-86.776850,I 65,,,,0.00,,,,,,,87.00,N,Not at Intersection,N,Non-Junction,None,,,         ,Alquavious,McDaniel,Clear,Front to Rear,no,no,no,no,no,False
103019520,METROPOLITAN NASHVILLE POLICE DEPT,20210353401,Davidson,Nashville,6/29/2021 12:00:00 AM,2,0,0,36.180040,-86.798310,JENKINS ST,,,,75.00,Feet,North,GARFIELD ST,,,,0.00,N,Not at Intersection,N,Non-Junction,None,,,         ,Melvin,Taylor,Clear,Angle,no,no,no,yes,yes,False
103019522,METROPOLITAN NASHVILLE POLICE DEPT,20210353295,Davidson,Nashville,6/29/2021 12:42:00 PM,2,1,0,36.215680,-86.763810,DICKERSON PKE,,,,144.00,Feet,North,LEMUEL RD,,,,0.00,N,Not at Intersection,N,Non-Junction,None,,,         ,Jarret,Sonnenberg,Clear,"Sideswipe, Same Direction",no,no,no,no,no,False
103019562,GOODLETTSVILLE POLICE DEPT,21-17556,Davidson,Goodlettsville,6/29/2021 11:49:00 AM,2,0,0,36.306840,-86.694360,VIETNAM VETERANS BLVD NB ENT R,,,,0.00,,,CONFERENCE DR,,,,0.00,Y,T-Intersection, ,Entrance/Exit Ramp Related,None,,,         ,Brian,Hajdu,Cloudy,Front to Rear,no,no,no,no,no,False
103019578,METROPOLITAN NASHVILLE POLICE DEPT,20210353525,Davidson,Nashville,6/29/2021 2:43:00 PM,2,0,0,36.213950,-86.764400,DICKERSON PKE,,,,0.00,,,ROCK ST,,,,0.00,Y,T-Intersection,N,Intersection,None,,,         ,Randy,Puckett,Clear,Front to Rear,no,no,no,no,yes,False
103019579,METROPOLITAN NASHVILLE POLICE DEPT,20210353534,Davidson,Nashville,6/29/2021 3:35:00 PM,2,0,0,36.167010,-86.763730,S 4TH ST,,,,0.00,,,SHELBY AV,,,,0.00,Y,Four-Way,N,Intersection,None,,,         ,Kevin,Clausius,Cloudy,Angle,no,no,no,no,yes,False
103019585,METROPOLITAN NASHVILLE POLICE DEPT,20210353460,Davidson,Nashville,6/29/2021 12:00:00 AM,1,0,0,36.194780,-86.761670,N 5TH ST,,,,302.00,Feet,North,DOUGLAS AV,,,,0.00,N,Not at Intersection,N,Non-Junction,None,,,         ,Maccio,Hightower,Clear,Not Collision with Motor Vehicle in Transport,no,no,no,no,yes,False
103019588,METROPOLITAN NASHVILLE POLICE DEPT,20210343787,Davidson,Nashville,6/24/2021 3:14:00 AM,1,0,1,36.165510,-86.795240,12TH AVN,,,,249.00,Feet,North,CLINTON ST,,,,0.00,N,Not at Intersection,N,Rail Grade Crossing,None,,,         ,Kevin,Coleman,Clear,Not Collision with Motor Vehicle in Transport,no,no,no,no,no,False
103019592,METROPOLITAN NASHVILLE POLICE DEPT,20210353538,Davidson,Nashville,6/29/2021 3:42:00 PM,2,1,0,36.149010,-86.667350,ELM HILL PKE,,,,80.00,Feet,East,NELSON PL,,,,0.00,N,Not at Intersection,N,Non-Junction,None,,,         ,Joseph,Simon,Clear,Unknown,no,no,no,no,no,False
103019593,METROPOLITAN NASHVILLE POLICE DEPT,20210353588,Davidson,Nashville,6/29/2021 3:56:00 PM,2,0,0,36.116120,-86.747860,NOLENSVILLE PKE,,,,149.00,Feet,South,JOYNER AV,,,,0.00,N,Not at Intersection,N,Non-Junction,None,,,         ,Austin,Binner,Cloudy,Angle,no,no,no,no,yes,False
103019638,METROPOLITAN NASHVILLE POLICE DEPT,20210353637,Davidson,Nashville,6/29/2021 2:50:00 PM,2,0,0,36.205890,-86.768610,E TRINITY LN,,,,0.00,,,DICKERSON PKE,,,,0.00,Y,Four-Way,N,Intersection,None,,,         ,Cooper,HIll,Clear,"Sideswipe, Same Direction",no,no,no,no,yes,False
103019652,METROPOLITAN NASHVILLE POLICE DEPT,20210353548,Davidson,Not in City Limit,6/29/2021 3:50:00 PM,2,1,0,36.262370,-86.681310,E OLD HICKORY BLVD,,,,79.00,Feet,West,RIO VISTA DR,,,,0.00,N,Not at Intersection,N,Non-Junction,None,,,         ,Christopher,Littles,,Front to Rear,no,no,no,no,no,False
103019653,METROPOLITAN NASHVILLE POLICE DEPT,20210353598,Davidson,Not in City Limit,6/29/2021 3:48:00 PM,2,0,0,36.263530,-86.711760,GALLATIN PKEN,,,,175.00,Feet,North,STATE RT 45,,,,0.00,N,Not at Intersection, ,Non-Junction,None,,,         ,Christopher,Littles,,Front to Rear,no,no,no,no,no,False
103019655,METROPOLITAN NASHVILLE POLICE DEPT,20210353661,Davidson,Nashville,6/29/2021 4:50:00 PM,2,1,0,36.170820,-86.601550,OLD HICKORY BLVD,,,,0.00,,,I40 W EXT RAMP,,,,0.00,Y,Four-Way,Y,Intersection,None,,,         ,Christopher,Beery,Clear,Angle,no,no,no,no,no,False
103019656,METROPOLITAN NASHVILLE POLICE DEPT,20210353620,Davidson,Nashville,6/29/2021 12:00:00 AM,2,0,0,36.044790,-86.724870,ENCLAVE CIR,,,,0.00,,,OLD HICKORY BLVD,,,,0.00,Y,Four-Way, ,,None,,,         ,Justin,mathias,,,no,no,no,no,no,False
103019657,METROPOLITAN NASHVILLE POLICE DEPT,20210353629,Davidson,Nashville,6/29/2021 3:00:00 PM,2,0,0,36.100960,-86.832610,LEXINGTON GREEN,,,,446.00,Feet,North,HOBBS RD,,,,0.00,N,Not at Intersection, ,,None,,,         ,Heather,Fox,,,no,no,no,no,no,False
103019683,METROPOLITAN NASHVILLE POLICE DEPT,20210353710,Davidson,Antioch,6/29/2021 5:24:00 PM,2,0,0,36.044840,-86.662870,BELL RD,,,,398.00,Feet,West,CANE RIDGE RD,,,,0.00,N,Not at Intersection,N,Non-Junction,None,,,         ,Brandon,Simpkins,Cloudy,Angle,no,no,no,no,no,False
103019699,METROPOLITAN NASHVILLE POLICE DEPT,20210353578,Davidson,Nashville,6/29/2021 3:25:00 PM,2,0,0,36.202940,-86.776660,I 65,,,,0.00,,,,,,,87.05,N,Not at Intersection, ,Non-Junction,None,,,         ,Flynn,Ireland,Cloudy,"Sideswipe, Same Direction",no,no,no,no,no,False
103019702,METROPOLITAN NASHVILLE POLICE DEPT,20210353467,Davidson,Nashville,6/29/2021 2:32:00 PM,2,1,0,36.181140,-86.800000,I 65,,,,0.00,,,,,,,85.10,N,Not at Intersection,N,Non-Junction,None,,,         ,Gabriel,Centeno,Clear,Front to Rear,no,no,no,no,no,False
103019730,METROPOLITAN NASHVILLE POLICE DEPT,20210353758,Davidson,Nashville,6/29/2021 12:00:00 AM,2,0,0,36.095820,-86.737480,WHEELER AV,,,,0.00,,,NOLENSVILLE PKE,,,,0.00,Y,Four-Way, ,Intersection,None,,,         ,Justin,mathias,Cloudy,"Sideswipe, Same Direction",no,no,no,no,no,False
103019745,METROPOLITAN NASHVILLE POLICE DEPT,20210353624,Davidson,Nashville,6/29/2021 4:10:00 PM,3,0,0,36.239150,-86.757660,DICKERSON PKE,,,,0.00,,,I65 S ENT RAMP,,,,0.00,Y,OTHER, ,,None,,,         ,Russell,Ward,,,no,no,no,no,no,False
103019764,METROPOLITAN NASHVILLE POLICE DEPT,20210353784,Davidson,Nashville,6/29/2021 5:25:00 PM,1,1,0,36.101930,-86.716770,BRIDGEWAY CIR,,,,446.00,Feet,North,BRIDGEWAY DR,,,,0.00,N,Not at Intersection,N,Non-Junction,None,,,         ,Timothy,Ward,Clear,Not Collision with Motor Vehicle in Transport,yes,no,no,yes,no,False
103019774,METROPOLITAN NASHVILLE POLICE DEPT,20210353441,Davidson,Nashville,6/29/2021 2:47:00 PM,2,0,0,36.043580,-86.781540,I 65,,,,0.00,,,,,,,75.00,N,Not at Intersection,N,Non-Junction,None,,,         ,Thomas,Vasquez,Clear,Not Collision with Motor Vehicle in Transport,no,no,no,no,no,False
103019792,METROPOLITAN NASHVILLE POLICE DEPT,20210353892,Davidson,Nashville,6/29/2021 7:00:00 PM,2,0,0,36.157930,-86.791610,14TH AVN,,,,0.00,,,CHURCH ST,,,,0.00,Y,T-Intersection, ,,None,,,         ,Joel,Cottrill,,,no,no,no,no,no,False
103019794,METROPOLITAN NASHVILLE POLICE DEPT,20210353759,Davidson,Nashville,6/29/2021 4:38:00 PM,2,0,0,36.118060,-86.768050,I440 E ENT RAMP,,,,0.00,,,I 440,,,,0.00,Y,OTHER, ,Non-Junction,None,,,         ,Brandon,Hughes,Clear,Front to Rear,no,no,no,no,no,False
103019810,METROPOLITAN NASHVILLE POLICE DEPT,20210354103,Davidson,Not in City Limit,6/29/2021 9:10:00 PM,2,0,0,36.259010,-86.738280,I 65,,,,0.00,,,,,,,91.85,N,Not at Intersection,N,Non-Junction,None,,,         ,Christopher,Littles,,Not Collision with Motor Vehicle in Transport,no,no,no,no,no,False
103019822,METROPOLITAN NASHVILLE POLICE DEPT,20210354088,Davidson,Antioch,6/29/2021 9:05:00 PM,2,1,0,36.042850,-86.606550,MURFREESBORO PKE,,,,0.00,Feet,,HOBSON PKE,,,,0.00,Y,Four-Way,N,Intersection-Related,None,,,         ,Brian,Sherman,Clear,Front to Rear,no,no,no,no,no,False
103019843,METROPOLITAN NASHVILLE POLICE DEPT,20210354099,Davidson,Nashville,6/29/2021 9:00:00 PM,2,0,0,36.151250,-86.794320,DIVISION ST,,,,0.00,,,18TH AVS,,,,0.00,Y,T-Intersection, ,Intersection,None,,,         ,Burton,Beeson,Clear,Angle,no,no,no,no,no,False
103019847,METROPOLITAN NASHVILLE POLICE DEPT,20210354040,Davidson,Nashville,6/29/2021 8:36:00 PM,2,0,0,36.068590,-86.623730,OWENDALE DR,,,,0.00,,,KINWOOD DR,,,,0.00,Y,Four-Way,N,Intersection,None,,,         ,Nathaniel,Myers,Clear,Angle,no,no,no,no,no,False
103019848,METROPOLITAN NASHVILLE POLICE DEPT,20210354041,Davidson,Nashville,6/29/2021 8:36:00 PM,1,1,0,36.234410,-86.722590,BRILEY PKWYE,,,,362.00,Feet,West,BRILEY PKWY E ENT RAMP,,,,0.00,N,Not at Intersection,N,Non-Junction,None,,,         ,Zachary,Aldrich,Clear,Not Collision with Motor Vehicle in Transport,no,no,no,no,no,False
103019851,METROPOLITAN NASHVILLE POLICE DEPT,20210350370,Davidson,Nashville,6/27/2021 10:48:00 PM,1,0,0,36.236980,-86.705260,PENNINGTON BEND RD,,,,12.00,Feet,East,PENN MEADE DR,,,,0.00,N,Not at Intersection,N,Non-Junction,None,,,         ,Corey,Ethridge,,Unknown,no,no,no,no,yes,False
103019912,METROPOLITAN NASHVILLE POLICE DEPT,20210354234,Davidson,Not in City Limit,6/29/2021 11:16:00 PM,2,1,0,36.320810,-86.852550,I 24,,,,0.00,,,,,,,35.90,N,Not at Intersection,N,Non-Junction,None,,,         ,Thomas,Clingan,Clear,Front to Rear,no,no,no,no,no,False
103019923,METROPOLITAN NASHVILLE POLICE DEPT,2021-0354358,Davidson,Nashville,6/30/2021 12:30:00 AM,1,0,0,36.153120,-86.691020,BRILEY PKWYN,,,,169.00,Feet,North,BRILEY PKWY N ENT RAMP,,,,0.00,N,Not at Intersection,N,Non-Junction,None,,,         ,Joshua,McGarvey,Clear,Not Collision with Motor Vehicle in Transport,no,no,no,no,no,False