master_record_number,agency,agency_tracking_number,county,city,collision_date,vehicles_involved,number_injured,number_dead,latitude,longitude,roadway_name,roadway_suffix,roadway_number,roadway_local_id,distance_from_reference,miles-feet_indicator,direction_from_reference,intersection_road_name,intersection_road_name_suffix,intersection_road_number,intersection_local_id,mile_marker,intersection_indicator,intersect_type,interchange_related_indicator,relation_to_junction,work_zone_type,construction_maintenance_zone,construction_maintenance_zone_location,fatal_case_number,officer_first_name,officer_last_name,weather_condition(s),manner_of_crash,pedestrian,bicycle,scooter,parking,hitrun,mou
103019926,METROPOLITAN NASHVILLE POLICE DEPT,20210354332,Davidson,Nashville,6/30/2021 12:15:00 AM,2,0,0,36.143360,-86.793130,EDGEHILL AV,,,,0.00,Feet,West,16TH AVS,,,,0.00,N,Not at Intersection,N,Non-Junction,None,,,         ,Michael,Hodges,Clear,"Sideswipe, Same Direction",no,no,no,no,no,False
103019947,METROPOLITAN NASHVILLE POLICE DEPT,20210354454,Davidson,Antioch,6/30/2021 2:49:00 AM,1,0,0,36.079630,-86.594820,PHILHALL PKWY,,,,0.00,Feet,East,SCENIC LAKE CT,,,,0.00,N,Not at Intersection,N,Non-Junction,None,,,         ,D’Mitri,Mackall,Clear,Not Collision with Motor Vehicle in Transport,no,no,no,no,yes,False
103020013,METROPOLITAN NASHVILLE POLICE DEPT,20210354590,Davidson,Nashville,6/30/2021 5:12:00 AM,1,0,0,36.246680,-86.778800,BRICK CHURCH PKE,,,,240.00,Feet,North,CHESAPEAKE DR,,,,0.00,N,Not at Intersection,N,Non-Junction,None,,,         ,Derrick,Toney,Clear,Not Collision with Motor Vehicle in Transport,no,no,no,no,no,False
103020034,METROPOLITAN NASHVILLE POLICE DEPT,20210353316,Davidson,Nashville,6/29/2021 1:32:00 PM,2,0,0,36.084840,-86.703400,TRAVELERS INN DR,,,,30.00,Feet,South,HARDING PL,,,,0.00,N,Not at Intersection, ,Non-Junction,Maintenance Zone,,,         ,Charles,Wakefield,Clear,Front to Rear,no,no,no,no,no,False
103020044,METROPOLITAN NASHVILLE POLICE DEPT,20210354669,Davidson,Nashville,6/30/2021 6:53:00 AM,2,0,0,36.146310,-86.742510,I 40,,,,0.00,,,,,,,212.10,N,Not at Intersection, ,Non-Junction,None,,,         ,Michael,Dance,Clear,"Sideswipe, Same Direction",no,no,no,no,no,False
103020075,METROPOLITAN NASHVILLE POLICE DEPT,20210354729,Davidson,Nashville,6/30/2021 7:41:00 AM,2,0,0,36.076110,-86.693800,I 24,,,,0.00,,,,,,,56.50,N,Not at Intersection, ,,None,,,         ,Michael,Hones,,,no,no,no,no,no,False
103020076,METROPOLITAN NASHVILLE POLICE DEPT,20210354800,Davidson,Nashville,6/30/2021 8:11:00 AM,2,0,0,36.039170,-86.782560,I 65,,,,0.00,,,,,,,74.70,N,Not at Intersection,N,Non-Junction,None,,,         ,Earl,Davis,Cloudy,Front to Rear,no,no,no,no,yes,False
103020099,METROPOLITAN NASHVILLE POLICE DEPT,20210354668,Davidson,Nashville,6/30/2021 6:52:00 AM,2,0,0,36.132680,-86.896740,I 40,,,,0.00,,,,,,,201.25,N,Not at Intersection,N,Non-Junction,None,,,         ,Timothy,Lehnert,Clear,Front to Rear,no,no,no,no,no,False
103020103,METROPOLITAN NASHVILLE POLICE DEPT,20210354721,Davidson,Nashville,6/30/2021 6:40:00 AM,5,0,0,36.071780,-86.691150,I 24,,,,0.00,,,,,,,56.80,N,Not at Intersection,N,Non-Junction,None,,,         ,Tyler,Lewis,Clear,Front to Rear,no,no,no,no,yes,False
103020129,METROPOLITAN NASHVILLE POLICE DEPT,20210354652,Davidson,Nashville,6/30/2021 6:37:00 AM,2,1,0,36.049980,-86.649500,BELL RD,,,,0.00,,,MT VIEW RD,,,,0.00,Y,Four-Way,Y,Intersection,None,,,         ,Harrison,Nearn,Clear,Angle,no,no,no,no,no,False
103020131,METROPOLITAN NASHVILLE POLICE DEPT,20210354938,Davidson,Nashville,6/30/2021 9:23:00 AM,2,0,0,36.143290,-86.704600,I 40,,,,0.00,,,,,,,214.50,N,Not at Intersection,N,Non-Junction,None,,,         ,Michael,Dance,Cloudy,"Sideswipe, Same Direction",no,no,no,no,yes,False
103020134,METROPOLITAN NASHVILLE POLICE DEPT,20210355014,Davidson,Nashville,6/30/2021 12:00:00 AM,2,0,0,36.141660,-86.765160,HUMPHREYS ST,,,,95.00,Feet,West,LITTLE HAMILTON AV,,,,0.00,N,Not at Intersection,N,Non-Junction,None,,,         ,Earl,Davis,Cloudy,"Sideswipe, Same Direction",no,no,no,no,yes,False
103020139,METROPOLITAN NASHVILLE POLICE DEPT,20210354951,Davidson,Nashville,6/30/2021 9:32:00 AM,2,0,0,36.167600,-86.762220,S 5TH ST,,,,0.00,,,SHELBY AV,,,,0.00,Y,Four-Way, ,,None,,,         ,William,Clemons,,,no,no,no,no,no,False
103020152,METROPOLITAN NASHVILLE POLICE DEPT,20210355060,Davidson,Nashville,6/30/2021 10:30:00 AM,1,0,0,36.183910,-86.775090,I 24,,,,0.00,,,,,,,47.30,N,Not at Intersection,N,Non-Junction,None,,,         ,Dylan,Motes,Cloudy,Not Collision with Motor Vehicle in Transport,no,no,no,no,no,False
103020153,METROPOLITAN NASHVILLE POLICE DEPT,20210354690,Davidson,Nashville,6/30/2021 7:08:00 AM,2,0,0,36.152830,-86.765760,I 40,,,,0.00,,,,,,,210.65,N,Not at Intersection,N,Non-Junction,None,,,         ,Jonathan,Hadley,Clear,Front to Rear,no,no,no,no,yes,False
103020154,METROPOLITAN NASHVILLE POLICE DEPT,20210355050,Davidson,Nashville,6/30/2021 10:25:00 AM,2,3,0,36.081380,-86.726890,NOLENSVILLE PKE,,,,461.00,Feet,South,WELSHWOOD DR,,,,0.00,N,Not at Intersection,N,Non-Junction,None,,,         ,Joe,Hooper,Cloudy,Angle,no,no,no,no,no,False
103020166,METROPOLITAN NASHVILLE POLICE DEPT,20210355089,Davidson,Nashville,6/30/2021 10:35:00 AM,2,0,0,36.183150,-86.775000,I 24,,,,0.00,,,,,,,47.40,N,Not at Intersection, ,Non-Junction,None,,,         ,Matthew,Cammarn,Clear,Front to Rear,no,no,no,no,no,False
103020167,METROPOLITAN NASHVILLE POLICE DEPT,20210355017,Davidson,Nashville,6/28/2021 12:00:00 AM,2,0,0,36.084760,-86.917540,AMBERWOOD CIR,,,,1250.00,Feet,North,BELLE FOREST CONDOS PVTDR,,,,0.00,N,Not at Intersection,N,Non-Junction,Unknown,,,         ,Timothy,Lehnert,Unknown,Front to Rear,no,no,no,yes,yes,False
103020170,METROPOLITAN NASHVILLE POLICE DEPT,20210355088,Davidson,Nashville,6/30/2021 10:53:00 AM,1,0,0,36.117640,-86.699950,BRILEY PKWY N EXT RAMP,,,,0.00,,,BRILEY PKWY N ENT RAMP,,,,0.00,Y,OTHER,N,Non-Junction,None,,,         ,Jason,Hees,Rain,Not Collision with Motor Vehicle in Transport,no,no,no,no,no,False
103020171,METROPOLITAN NASHVILLE POLICE DEPT,20210355082,Davidson,Nashville,6/30/2021 10:35:00 AM,2,0,0,36.155650,-86.789720,BROADWAY,,,,0.00,,,14TH AVN,,,,0.00,Y,Four-Way, ,Intersection,None,,,         ,Earl,Davis,Cloudy,"Sideswipe, Same Direction",no,no,no,no,no,False
103020178,METROPOLITAN NASHVILLE POLICE DEPT,20210355074,Davidson,Nashville,6/30/2021 10:40:00 AM,2,0,0,36.154650,-86.761850,I 40,,,,0.00,,,,,,,210.85,N,Not at Intersection, ,Non-Junction,None,,,         ,Derek,Garcia,Clear,Front to Rear,no,no,no,no,no,False
103020192,METROPOLITAN NASHVILLE POLICE DEPT,20210355182,Davidson,Nashville,6/30/2021 12:02:00 PM,2,0,0,36.045340,-86.702350,OLD HICKORY BLVD,,,,199.00,Feet,West,BENZING RD,,,,0.00,N,Not at Intersection,N,Non-Junction,None,,,         ,Joe,Hooper,Cloudy,Front to Rear,no,no,no,no,yes,False
103020193,METROPOLITAN NASHVILLE POLICE DEPT,20210355213,Davidson,Nashville,6/30/2021 12:02:00 PM,2,0,0,36.045340,-86.702350,OLD HICKORY BLVD,,,,199.00,Feet,West,BENZING RD,,,,0.00,N,Not at Intersection,N,Non-Junction,None,,,         ,Joe,Hooper,Cloudy,"Sideswipe, Same Direction",no,no,no,no,yes,False
103020204,METROPOLITAN NASHVILLE POLICE DEPT,20210355170,Davidson,Nashville,6/30/2021 11:40:00 AM,2,0,0,36.166790,-86.862270,CALIFORNIA AV,,,,91.00,Feet,West,62ND AVN,,,,0.00,N,Not at Intersection, ,,None,,,         ,Robert,Crow,,,no,no,no,no,no,False
103020232,METROPOLITAN NASHVILLE POLICE DEPT,20210355154,Davidson,Nashville,6/30/2021 11:33:00 AM,1,1,0,36.245720,-86.773680,CHESAPEAKE DR,,,,183.00,Feet,West,MOOREWOOD DR,,,,0.00,N,Not at Intersection,N,Non-Junction,None,,,         ,Michael,McCord,Clear,Not Collision with Motor Vehicle in Transport,no,no,no,no,no,False
103020248,METROPOLITAN NASHVILLE POLICE DEPT,20210355250,Davidson,Nashville,6/30/2021 12:42:00 PM,2,0,0,36.151680,-86.786640,I 40,,,,0.00,,,,,,,209.40,N,Not at Intersection,N,Non-Junction,None,,,         ,Earl,Davis,Clear,"Sideswipe, Same Direction",no,no,no,no,yes,False
103020258,METROPOLITAN NASHVILLE POLICE DEPT,20210355275,Davidson,Nashville,6/30/2021 12:55:00 PM,2,0,0,36.205300,-86.768740,DICKERSON PKE,,,,215.00,Feet,South,E TRINITY LN,,,,0.00,N,Not at Intersection, ,,None,,,         ,Matthew,Cammarn,,,no,no,no,no,no,False
103020264,METROPOLITAN NASHVILLE POLICE DEPT,20210355173,Davidson,Nashville,6/30/2021 11:50:00 AM,2,1,0,36.192970,-86.801830,ROSA L PARKS BLVD,,,,0.00,,,ATHENS WAY,,,,0.00,Y,Four-Way,N,Intersection,None,,,         ,Dylan,Cetin,Clear,Front to Rear,no,no,no,no,no,False
103020268,METROPOLITAN NASHVILLE POLICE DEPT,20210355283,Davidson,Nashville,6/30/2021 1:00:00 PM,2,0,0,36.168440,-86.770360,RUSSELL ST,,,,0.00,,,S 2ND ST,,,,0.00,Y,T-Intersection, ,Intersection,None,,,         ,Derek,Garcia,Clear,Angle,no,no,no,no,yes,False
103020300,METROPOLITAN NASHVILLE POLICE DEPT,20210355392,Davidson,Nashville,6/30/2021 2:08:00 PM,2,0,0,36.162980,-86.617350,I 40,,,,0.00,,,,,,,219.80,N,Not at Intersection,N,Non-Junction,None,,,         ,Michael,Dance,Clear,Not Collision with Motor Vehicle in Transport,no,no,no,no,yes,False
103020301,METROPOLITAN NASHVILLE POLICE DEPT,20210355132,Davidson,Nashville,6/30/2021 11:15:00 AM,1,0,0,36.171730,-86.864970,CENTENNIAL BLVD,,,,251.00,Feet,East,BRILEY PKWY N ENT RAMP,,,,0.00,N,Not at Intersection,N,Non-Junction,None,,,         ,Peyton,Wheatley,Clear,Not Collision with Motor Vehicle in Transport,no,no,no,yes,no,False
103020329,METROPOLITAN NASHVILLE POLICE DEPT,20210355099,Davidson,Nashville,6/30/2021 12:00:00 AM,2,0,0,36.175200,-86.789550,6TH AVN,,,,179.00,Feet,North,MADISON ST,,,,0.00,N,Not at Intersection,N,Non-Junction,None,,,         ,Julie,Nabors,Clear,Angle,no,no,no,no,no,False
103020375,METROPOLITAN NASHVILLE POLICE DEPT,20210355462,Davidson,Nashville,6/30/2021 2:21:00 PM,2,0,0,36.207610,-86.749480,ELLINGTON PKWYN,,,,252.00,Feet,North,ELLINGTON PKWYS,,,,0.00,N,Not at Intersection,N,Non-Junction,None,,,         ,Jason,Milyaro Lucas,Clear,"Sideswipe, Same Direction",no,no,no,no,yes,False
103020404,METROPOLITAN NASHVILLE POLICE DEPT,20210355344,Davidson,Nashville,6/30/2021 1:45:00 PM,4,1,0,36.231350,-86.724920,GALLATIN PKE,,,,36.00,Feet,North,HAYSBORO AV,,,,0.00,N,Not at Intersection,N,Non-Junction,None,,,         ,David,Rehm,Cloudy,Front to Rear,no,no,no,no,no,False
103020423,METROPOLITAN NASHVILLE POLICE DEPT,20210355481,Davidson,Nashville,6/30/2021 2:52:00 PM,3,0,0,36.143540,-86.702240,I 40,,,,0.00,,,,,,,214.60,N,Not at Intersection, ,Non-Junction,None,,,         ,Dontaveous,Eubanks,Clear,Front to Rear,no,no,no,no,no,False
103020429,METROPOLITAN NASHVILLE POLICE DEPT,20210355595,Davidson,Nashville,6/30/2021 3:35:00 PM,2,1,0,36.091240,-86.651280,MURFREESBORO PKE,,,,0.00,Feet,,BRITISH WOODS DR,,,,0.00,Y,T-Intersection,N,Intersection,None,,,         ,Keith,Parlato,Cloudy,Front to Rear,no,no,no,no,no,False
103020439,METROPOLITAN NASHVILLE POLICE DEPT,20210355537,Davidson,Nashville,6/30/2021 3:27:00 PM,2,0,0,36.153570,-86.756450,I 40,,,,0.00,,,,,,,211.15,N,Not at Intersection, ,Non-Junction,None,,,         ,Douglas,Mann,Clear,Front to Rear,no,no,no,no,no,False
103020440,METROPOLITAN NASHVILLE POLICE DEPT,20210355558,Davidson,Nashville,6/30/2021 2:30:00 PM,1,0,0,36.038660,-86.647990,I24 E EXT RAMP,,,,0.00,Feet,East,I 24,,,,0.00,N,Not at Intersection, ,,Construction Zone,,,         ,Luis,Pena,,,no,no,no,no,no,False
103020453,METROPOLITAN NASHVILLE POLICE DEPT,20210355535,Davidson,Goodlettsville,6/30/2021 2:00:00 PM,2,0,0,36.297630,-86.699150,RIVERGATE PKWY,,,,65.00,Feet,South,GLEAVES ST,,,,0.00,,Not at Intersection, ,Non-Junction,None,,,         ,Bradley,Campbell,Clear,Front to Rear,no,no,no,yes,yes,False
103020458,METROPOLITAN NASHVILLE POLICE DEPT,20210355469,Davidson,Nashville,6/30/2021 2:52:00 PM,2,2,0,36.210920,-86.733110,GREENFIELD AV,,,,0.00,,,GALLATIN PKE,,,,0.00,Y,T-Intersection,N,Intersection,None,,,         ,Zachary,Aldrich,Clear,Front to Rear,no,no,no,no,yes,False
103020466,METROPOLITAN NASHVILLE POLICE DEPT,20210355542,Davidson,Nashville,6/30/2021 3:16:00 PM,2,0,0,36.193200,-86.830480,CLARKSVILLE PKE,,,,272.00,Feet,East,BUENA VISTA PKE,,,,0.00,N,Not at Intersection, ,Non-Junction,None,,,         ,Alec,Pellissier,Clear,Angle,no,no,no,no,no,False
103020472,METROPOLITAN NASHVILLE POLICE DEPT,20210355628,Davidson,Nashville,6/30/2021 4:22:00 PM,2,2,0,36.110920,-86.745200,STATE HWY 155,,,,0.00,,,US HWY 31 ALT,,,,0.00,Y,Four-Way,Y,Intersection,None,,,         ,Joshua,Hausman,Clear,Angle,no,no,no,no,no,False
103020475,METROPOLITAN NASHVILLE POLICE DEPT,20210355613,Davidson,Lakewood,6/30/2021 2:19:00 PM,2,0,0,36.243510,-86.636140,OLD HICKORY BLVD,,,,0.00,,,FERRELL DR,,,,0.00,Y,OTHER,N,Non-Junction,None,,,         ,Ivan,Vega,Clear,HeadOn,no,no,no,yes,yes,False
103020491,METROPOLITAN NASHVILLE POLICE DEPT,20210355741,Davidson,Nashville,6/30/2021 12:00:00 AM,2,1,0,36.086720,-86.774300,BATTERY LN,,,,693.00,Feet,West,HARDING PL,,,,0.00,N,Not at Intersection,N,Non-Junction,None,,,         ,Justin,mathias,Cloudy,Front to Rear,no,no,no,no,no,False
103020492,METROPOLITAN NASHVILLE POLICE DEPT,20210355684,Davidson,Nashville,6/30/2021 4:49:00 PM,1,1,0,36.085720,-86.852010,TYNE BLVD,,,,0.00,,,LYNNWOOD BLVD,,,,0.00,Y,Four-Way,N,Intersection,None,,,         ,Ryan,Papp,Clear,Not Collision with Motor Vehicle in Transport,no,yes,no,no,no,False
103020497,METROPOLITAN NASHVILLE POLICE DEPT,20210355738,Davidson,Nashville,6/30/2021 5:09:00 PM,2,0,0,36.082100,-86.761700,HARDING PL,,,,0.00,,,SIDCO DR,,,,0.00,Y,OTHER,Y,OtherLocation,None,,,         ,Douglas,Sykes,Clear,Angle,no,no,no,no,no,False
103020524,METROPOLITAN NASHVILLE POLICE DEPT,20210355704,Davidson,Nashville,6/30/2021 5:02:00 PM,2,0,0,36.086580,-86.771970,FRANKLIN PKE,,,,0.00,,,HARDING PL,,,,0.00,Y,Four-Way, ,,None,,,         ,Russell,Ward,,,no,no,no,no,no,False
103020526,METROPOLITAN NASHVILLE POLICE DEPT,20210355748,Davidson,Nashville,6/30/2021 5:23:00 PM,2,0,0,36.176360,-86.759440,N 8TH ST,,,,0.00,,,RAMSEY ST,,,,0.00,Y,Four-Way, ,Intersection,None,,,         ,Randy,Puckett,Clear,Angle,no,no,no,no,no,False
103020542,METROPOLITAN NASHVILLE POLICE DEPT,20210355757,Davidson,Nashville,6/30/2021 5:35:00 PM,1,1,0,36.131290,-86.900390,CABOT DR,,,,389.00,Feet,North,I40 W EXT RAMP,,,,0.00,N,Not at Intersection,N,Non-Junction,None,,,         ,Aaron,Jumonville,Clear,Not Collision with Motor Vehicle in Transport,no,no,no,no,no,False
103020568,METROPOLITAN NASHVILLE POLICE DEPT,20210355861,Davidson,Nashville,6/30/2021 6:04:00 PM,2,0,0,36.170970,-86.770390,JAMES ROBERTSON PKWY,,,,96.00,Feet,South,N 2ND ST,,,,0.00,N,Not at Intersection,N,Non-Junction,None,,,         ,Roy,Sain Jr.,Clear,Front to Rear,no,no,no,no,yes,False
103020578,METROPOLITAN NASHVILLE POLICE DEPT,20210355885,Davidson,Nashville,6/30/2021 4:57:00 PM,2,0,0,36.239060,-86.754190,I 65,,,,0.00,,,,,,,90.15,N,Not at Intersection,N,Non-Junction,None,,,         ,Joshua,Dodge,Clear,"Sideswipe, Same Direction",no,no,no,no,yes,False
103020588,METROPOLITAN NASHVILLE POLICE DEPT,20210355941,Davidson,Nashville,6/30/2021 12:00:00 AM,2,0,0,36.153600,-86.622320,BELL RD,,,,54.00,Feet,East,BELL RD PVTDR,,,,0.00,N,Not at Intersection, ,Non-Junction,None,,,         ,Adam,Gartner,Clear,Front to Rear,no,no,no,no,no,False
103020598,METROPOLITAN NASHVILLE POLICE DEPT,20210355876,Davidson,Nashville,6/30/2021 6:20:00 PM,3,0,0,36.047730,-86.673460,BLUE HOLE RD,,,,774.00,Feet,North,BELL RD,,,,0.00,N,Not at Intersection, ,Non-Junction,None,,,         ,Keith,Parlato,Clear,Not Collision with Motor Vehicle in Transport,no,no,no,no,no,False
103020601,METROPOLITAN NASHVILLE POLICE DEPT,20210355933,Davidson,Not in City Limit,6/30/2021 12:00:00 AM,1,0,0,36.258430,-86.713540,HARRIS ST,,,,0.00,,,GALLATIN PKES,,,,0.00,Y,Four-Way,N,Intersection-Related,None,,,         ,Zachary,Smith,Clear,Not Collision with Motor Vehicle in Transport,yes,no,no,no,yes,False
103020605,METROPOLITAN NASHVILLE POLICE DEPT,20210355922,Davidson,Nashville,6/30/2021 6:52:00 PM,2,1,0,36.162420,-86.759300,CRUTCHER ST,,,,0.00,,,S 5TH ST,,,,0.00,Y,Four-Way,N,Intersection,None,,,         ,Zachary,Aldrich,Clear,Angle,no,no,no,no,no,False
103020614,METROPOLITAN NASHVILLE POLICE DEPT,20210356091,Davidson,Nashville,6/30/2021 12:00:00 AM,1,1,0,36.082540,-86.727230,NOLENSVILLE PKE,,,,28.00,Feet,South,WELSHWOOD DR,,,,0.00,N,Not at Intersection,N,Non-Junction,None,,,         ,Justin,mathias,Cloudy,Not Collision with Motor Vehicle in Transport,yes,no,no,no,yes,False
103020615,METROPOLITAN NASHVILLE POLICE DEPT,20210356002,Davidson,Nashville,6/30/2021 12:00:00 AM,2,0,0,36.249840,-86.719100,GALLATIN PKES,,,,188.00,Feet,North,E PALESTINE AV,,,,0.00,N,Not at Intersection, ,Non-Junction,None,,,         ,Zachary,Smith,Clear,Angle,no,no,no,no,no,False
103020685,METROPOLITAN NASHVILLE POLICE DEPT,20210356085,Davidson,Antioch,6/30/2021 8:29:00 PM,2,2,0,36.047840,-86.612050,MURFREESBORO PKE,,,,1284.00,Feet,North,MOUNTAIN SPRINGS RD,,,,0.00,N,Not at Intersection,N,Non-Junction,None,,,         ,Nathaniel,Myers,Clear,Angle,no,no,no,no,no,False
103020693,METROPOLITAN NASHVILLE POLICE DEPT,20210355945,Davidson,Nashville,6/30/2021 5:50:00 PM,3,0,0,36.108110,-86.755630,SIDCO DR,,,,24.00,Feet,South,FONTANA AV,,,,0.00,N,Not at Intersection,N,Non-Junction,None,,,         ,Savannah,Starbuck,Clear,Angle,no,no,no,no,no,False
103020701,METROPOLITAN NASHVILLE POLICE DEPT,20210355572,Davidson,Nashville,6/30/2021 3:18:00 PM,2,1,0,36.214750,-86.817670,BUENA VISTA PKE,,,,0.00,Feet,,MOORMANS ARM RD,,,,0.00,Y,T-Intersection,N,Intersection-Related,None,,,         ,Gabriel,Centeno,,Front to Rear,no,no,no,no,no,False
103020714,METROPOLITAN NASHVILLE POLICE DEPT,20210356156,Davidson,Nashville,6/30/2021 9:00:00 PM,2,0,0,36.242800,-86.758550,DOVERSIDE DR,,,,495.00,Feet,East,SKYLINE COMMONS PVTDR,,,,0.00,N,Not at Intersection,N,Non-Junction,None,,,         ,Cooper,HIll,Clear,"Sideswipe, Same Direction",no,no,no,no,yes,False
103020715,METROPOLITAN NASHVILLE POLICE DEPT,2021-0356149,Davidson,Nashville,6/30/2021 12:00:00 AM,2,0,0,36.040050,-86.744090,OLD HICKORY BLVD,,,,181.00,Feet,West,EDMONDSON PKE,,,,0.00,N,Not at Intersection,N,Non-Junction,None,,,         ,Justin,mathias,Cloudy,"Sideswipe, Same Direction",no,no,no,no,yes,False
103020772,METROPOLITAN NASHVILLE POLICE DEPT,20210356211,Davidson,Nashville,6/30/2021 10:01:00 PM,2,1,0,36.191810,-86.782170,I 65,,,,0.00,,,,,,,86.20,N,Not at Intersection,N,Non-Junction,None,,,         ,Roy,Sain Jr.,Clear,Front to Rear,no,no,no,no,yes,False
103020773,METROPOLITAN NASHVILLE POLICE DEPT,20210356256,Davidson,Nashville,6/30/2021 9:34:00 PM,2,0,0,36.132990,-86.906660,CHARLOTTE PKE PVTDR,,,,0.00,,,,,,,0.00,,, ,Non-Junction,None,,,         ,Jared,Dick,Clear,Rear to Rear,no,no,no,yes,yes,False
103020781,METROPOLITAN NASHVILLE POLICE DEPT,20210356254,Davidson,Nashville,6/30/2021 10:40:00 PM,1,2,0,36.079980,-86.645150,MURFREESBORO PKE,,,,239.00,Feet,North,SCOTT VALLEY DR,,,,0.00,N,Not at Intersection,N,Non-Junction,None,,,         ,Samuel,Fredericks,,Not Collision with Motor Vehicle in Transport,yes,no,no,no,no,False
103020804,METROPOLITAN NASHVILLE POLICE DEPT,20210356311,Davidson,Nashville,6/30/2021 4:30:00 PM,2,0,0,36.086870,-86.730230,NOLENSVILLE PKE,,,,0.00,,,ELYSIAN FIELDS CT,,,,0.00,Y,Four-Way,N,Intersection,None,,,         ,Sierra,Walker,Clear,Angle,no,no,no,no,yes,False
103020805,METROPOLITAN NASHVILLE POLICE DEPT,20210356307,Davidson,Nashville,6/30/2021 10:10:00 PM,2,0,0,36.161350,-86.760350,I 24,,,,0.00,,,,,,,49.40,N,Not at Intersection,N,Non-Junction,None,,,         ,Shaquille,Graham,Clear,"Sideswipe, Same Direction",no,no,no,no,yes,False
103020808,METROPOLITAN NASHVILLE POLICE DEPT,20210356343,Davidson,Nashville,6/30/2021 9:22:00 PM,3,0,0,36.216550,-86.584800,LEBANON PKE,,,,328.00,Feet,West,LEBANON RD,,,,0.00,N,Not at Intersection,N,Non-Junction,None,,,         ,Jason,Kedzierski,,Angle,no,no,no,yes,yes,False
103020815,METROPOLITAN NASHVILLE POLICE DEPT,20210356372,Davidson,Nashville,6/30/2021 11:51:00 PM,2,1,0,36.207760,-86.600930,BATON ROUGE DR,,,,280.00,Feet,North,TOPEKA DR,,,,0.00,N,Not at Intersection,N,Non-Junction,None,,,         ,Richard,Luellen,,Other,no,no,no,no,no,False
103020817,METROPOLITAN NASHVILLE POLICE DEPT,20210356310,Davidson,Nashville,6/30/2021 11:12:00 PM,1,0,0,36.140520,-86.720600,I 40,,,,0.00,,,,,,,213.40,N,Not at Intersection,N,Non-Junction,None,,,         ,Corey,Ethridge,,Not Collision with Motor Vehicle in Transport,no,no,no,no,no,False
103020819,METROPOLITAN NASHVILLE POLICE DEPT,20210356228,Davidson,Nashville,6/30/2021 9:50:00 PM,2,0,0,36.148790,-86.774940,I 40,,,,0.00,,,,,,,210.10,N,Not at Intersection,N,Non-Junction,None,,,         ,Cory,Stratton,Clear,Angle,no,no,no,no,yes,False
103020823,METROPOLITAN NASHVILLE POLICE DEPT,20210356279,Davidson,Nashville,6/30/2021 10:40:00 PM,2,0,0,36.106210,-86.673060,MURFREESBORO PKE,,,,0.00,,,DONELSON PKE,,,,0.00,Y,Four-Way, ,Intersection,None,,,         ,Bridget,Griepentrog,,Front to Rear,no,no,no,no,no,False
103020933,VANDERBILT UNIVERSITY POLICE,20210355365,Davidson,Nashville,6/30/2021 1:50:00 PM,2,0,0,36.108730,-86.762910,POWELL AV,,,,0.00,,,,,,,0.00,,, ,,None,,,         ,Charles,Stevens,,,no,no,no,yes,no,OHO
103020951,METROPOLITAN NASHVILLE POLICE DEPT,20210347707,Davidson,Nashville,6/26/2021 2:07:00 AM,1,1,1,36.038740,-86.807600,OLD HICKORY BLVD,,,,1298.00,Feet,West,BRIGHT HOUR FARM PVTDR,,,,0.00,N,Not at Intersection,N,Non-Junction,None,,,         ,Kevin,Coleman,Clear,Not Collision with Motor Vehicle in Transport,no,no,no,no,no,False
103020965,METROPOLITAN NASHVILLE POLICE DEPT,20210349131,Davidson,Nashville,6/27/2021 1:28:00 AM,2,1,1,36.064890,-86.684680,I 24,,,,0.00,,,,,,,57.40,N,Not at Intersection,N,Non-Junction,None,,,         ,Kevin,Coleman,Clear,Front to Rear,no,no,no,no,no,False
103020995,METROPOLITAN NASHVILLE POLICE DEPT,20210349270,Davidson,Nashville,6/27/2021 1:30:00 AM,3,1,0,36.064980,-86.684770,I 24,,,,0.00,,,,,,,57.40,N,Not at Intersection,N,Non-Junction,None,,,         ,Kevin,Coleman,Clear,Front to Rear,no,no,no,no,yes,False
103028002,METROPOLITAN NASHVILLE POLICE DEPT,20210349458,Davidson,Nashville,6/27/2021 7:33:00 AM,2,0,1,36.017470,-87.030940,HIGHWAY 100,,,,0.00,,,HIGHWAY 96,,,,0.00,Y,T-Intersection,N,Intersection,None,,,         ,Kevin,Coleman,Clear,Angle,no,no,no,no,no,False
103032993,Nashville Airport Police,2021-02230,Davidson,Nashville,6/25/2021 11:37:00 PM,2,1,0,36.129140,-86.665380,DONELSON PKE,,,,0.00,,,AIRPORT SERVICE RD,,,,0.00,Y,T-Intersection,N,Intersection,None,,,         ,Emily,DiPietro,Clear,Angle,no,no,no,no,no,False
103053769,GOODLETTSVILLE POLICE DEPT,21-17175,Davidson,Goodlettsville,6/26/2021 1:47:00 AM,1,1,0,36.301150,-86.710890,VIETNAM VETERANS BLVDS,,,,28.00,Feet,North,VIETNAM VETERANS BLVDN,,,,0.00,N,Not at Intersection,Y,Entrance/Exit Ramp Related,None,,,         ,Timothy,Williams,Clear,Not Collision with Motor Vehicle in Transport,no,no,no,no,no,False